treatment_sample_ID,pert_id,expected_control,status,unmatched_reason,matched_control_count,matched_control_sample_IDs,match_data_source,match_Strains,match_Medium,match_Temperature,match_pert_time,match_pert_time_unit,match_instrument,match_Yeast_cell_plate
B15,#2,DMSO,matched,,1,B40,WAYB,CGD,YNB+CSM+2% galactose,30,15,min,O,WAY_BP1
B16,#10,DMSO,matched,,1,B40,WAYB,CGD,YNB+CSM+2% galactose,30,15,min,O,WAY_BP1
B17,#2,DMSO,matched,,1,B42,WAYB,BAH,YNB+CSM+2% galactose,30,15,min,O,WAY_BP1
B18,#10,DMSO,matched,,1,B42,WAYB,BAH,YNB+CSM+2% galactose,30,15,min,O,WAY_BP1
B21,#2,DMSO,matched,,1,B46,WAYB,CEK,YNB+CSM+2% galactose,30,15,min,O,WAY_BP1
B22,#10,DMSO,matched,,1,B46,WAYB,CEK,YNB+CSM+2% galactose,30,15,min,O,WAY_BP1
B23,#2,DMSO,matched,,1,B48,WAYB,DHY210,YNB+CSM+2% galactose,30,15,min,O,WAY_BP1
B24,#10,DMSO,matched,,1,B48,WAYB,DHY210,YNB+CSM+2% galactose,30,15,min,O,WAY_BP1
B51,#5,Water,unmatched_huber_only,no_exact_requested_solvent_control,0,,WAYB,CGD,YNB+CSM+2% galactose,30,15,min,O,WAY_BP1
B52,#13,Water,unmatched_huber_only,no_exact_requested_solvent_control,0,,WAYB,CGD,YNB+CSM+2% galactose,30,15,min,O,WAY_BP1
B53,#5,Water,matched,,1,B5,WAYB,BAH,YNB+CSM+2% galactose,30,15,min,O,WAY_BP1
B54,#13,Water,matched,,1,B5,WAYB,BAH,YNB+CSM+2% galactose,30,15,min,O,WAY_BP1
B57,#5,Water,matched,,1,B9,WAYB,CEK,YNB+CSM+2% galactose,30,15,min,O,WAY_BP1
B58,#13,Water,matched,,1,B9,WAYB,CEK,YNB+CSM+2% galactose,30,15,min,O,WAY_BP1
B59,#5,Water,matched,,1,B11,WAYB,DHY210,YNB+CSM+2% galactose,30,15,min,O,WAY_BP1
B60,#13,Water,matched,,1,B11,WAYB,DHY210,YNB+CSM+2% galactose,30,15,min,O,WAY_BP1
B63,#6,DMSO,matched,,1,B40,WAYB,CGD,YNB+CSM+2% galactose,30,15,min,O,WAY_BP1
B65,#6,DMSO,matched,,1,B42,WAYB,BAH,YNB+CSM+2% galactose,30,15,min,O,WAY_BP1
B69,#6,DMSO,matched,,1,B46,WAYB,CEK,YNB+CSM+2% galactose,30,15,min,O,WAY_BP1
B71,#6,DMSO,matched,,1,B48,WAYB,DHY210,YNB+CSM+2% galactose,30,15,min,O,WAY_BP1
B76,#15,Water,unmatched_huber_only,no_exact_requested_solvent_control,0,,WAYB,CGD,YNB+CSM+2% galactose,30,15,min,O,WAY_BP1
B77,#7,Water,matched,,1,B5,WAYB,BAH,YNB+CSM+2% galactose,30,15,min,O,WAY_BP1
B78,#15,Water,matched,,1,B5,WAYB,BAH,YNB+CSM+2% galactose,30,15,min,O,WAY_BP1
B81,#7,Water,matched,,1,B9,WAYB,CEK,YNB+CSM+2% galactose,30,15,min,O,WAY_BP1
B83,#7,Water,matched,,1,B11,WAYB,DHY210,YNB+CSM+2% galactose,30,15,min,O,WAY_BP1
B84,#15,Water,matched,,1,B11,WAYB,DHY210,YNB+CSM+2% galactose,30,15,min,O,WAY_BP1
B88,#16,DMSO,matched,,1,B40,WAYB,CGD,YNB+CSM+2% galactose,30,15,min,O,WAY_BP1
B90,#16,DMSO,matched,,1,B42,WAYB,BAH,YNB+CSM+2% galactose,30,15,min,O,WAY_BP1
B94,#16,DMSO,matched,,1,B46,WAYB,CEK,YNB+CSM+2% galactose,30,15,min,O,WAY_BP1
B96,#16,DMSO,matched,,1,B48,WAYB,DHY210,YNB+CSM+2% galactose,30,15,min,O,WAY_BP1
B303,#2,DMSO,matched,,1,B328,WAYB,CGD,YNB+CSM+2% galactose,37,90,min,O,WAY_BP4
B305,#2,DMSO,matched,,1,B330,WAYB,BAH,YNB+CSM+2% galactose,37,90,min,O,WAY_BP4
B309,#2,DMSO,matched,,1,B334,WAYB,CEK,YNB+CSM+2% galactose,37,90,min,O,WAY_BP4
B310,#10,DMSO,matched,,1,B334,WAYB,CEK,YNB+CSM+2% galactose,37,90,min,O,WAY_BP4
B312,#10,DMSO,matched,,1,B336,WAYB,DHY210,YNB+CSM+2% galactose,37,90,min,O,WAY_BP4
B339,#5,Water,matched,,1,B291,WAYB,CGD,YNB+CSM+2% galactose,37,90,min,O,WAY_BP4
B340,#13,Water,matched,,1,B291,WAYB,CGD,YNB+CSM+2% galactose,37,90,min,O,WAY_BP4
B341,#5,Water,matched,,1,B293,WAYB,BAH,YNB+CSM+2% galactose,37,90,min,O,WAY_BP4
B342,#13,Water,matched,,1,B293,WAYB,BAH,YNB+CSM+2% galactose,37,90,min,O,WAY_BP4
B345,#5,Water,matched,,1,B297,WAYB,CEK,YNB+CSM+2% galactose,37,90,min,O,WAY_BP4
B346,#13,Water,matched,,1,B297,WAYB,CEK,YNB+CSM+2% galactose,37,90,min,O,WAY_BP4
B347,#5,Water,matched,,1,B299,WAYB,DHY210,YNB+CSM+2% galactose,37,90,min,O,WAY_BP4
B348,#13,Water,matched,,1,B299,WAYB,DHY210,YNB+CSM+2% galactose,37,90,min,O,WAY_BP4
B351,#6,DMSO,matched,,1,B328,WAYB,CGD,YNB+CSM+2% galactose,37,90,min,O,WAY_BP4
B353,#6,DMSO,matched,,1,B330,WAYB,BAH,YNB+CSM+2% galactose,37,90,min,O,WAY_BP4
B357,#6,DMSO,matched,,1,B334,WAYB,CEK,YNB+CSM+2% galactose,37,90,min,O,WAY_BP4
B359,#6,DMSO,matched,,1,B336,WAYB,DHY210,YNB+CSM+2% galactose,37,90,min,O,WAY_BP4
B363,#7,Water,matched,,1,B291,WAYB,CGD,YNB+CSM+2% galactose,37,90,min,O,WAY_BP4
B364,#15,Water,matched,,1,B291,WAYB,CGD,YNB+CSM+2% galactose,37,90,min,O,WAY_BP4
B365,#7,Water,matched,,1,B293,WAYB,BAH,YNB+CSM+2% galactose,37,90,min,O,WAY_BP4
B366,#15,Water,matched,,1,B293,WAYB,BAH,YNB+CSM+2% galactose,37,90,min,O,WAY_BP4
B369,#7,Water,matched,,1,B297,WAYB,CEK,YNB+CSM+2% galactose,37,90,min,O,WAY_BP4
B370,#15,Water,matched,,1,B297,WAYB,CEK,YNB+CSM+2% galactose,37,90,min,O,WAY_BP4
B371,#7,Water,matched,,1,B299,WAYB,DHY210,YNB+CSM+2% galactose,37,90,min,O,WAY_BP4
B372,#15,Water,matched,,1,B299,WAYB,DHY210,YNB+CSM+2% galactose,37,90,min,O,WAY_BP4
B376,#16,DMSO,matched,,1,B328,WAYB,CGD,YNB+CSM+2% galactose,37,90,min,O,WAY_BP4
B378,#16,DMSO,matched,,1,B330,WAYB,BAH,YNB+CSM+2% galactose,37,90,min,O,WAY_BP4
B382,#16,DMSO,matched,,1,B334,WAYB,CEK,YNB+CSM+2% galactose,37,90,min,O,WAY_BP4
B400,#10,DMSO,matched,,1,B424,WAYB,CGD,YNB+CSM+2% galactose,37,120,min,O,WAY_BP5
B401,#2,DMSO,matched,,1,B426,WAYB,BAH,YNB+CSM+2% galactose,37,120,min,O,WAY_BP5
B402,#10,DMSO,matched,,1,B426,WAYB,BAH,YNB+CSM+2% galactose,37,120,min,O,WAY_BP5
B405,#2,DMSO,matched,,1,B430,WAYB,CEK,YNB+CSM+2% galactose,37,120,min,O,WAY_BP5
B406,#10,DMSO,matched,,1,B430,WAYB,CEK,YNB+CSM+2% galactose,37,120,min,O,WAY_BP5
B407,#2,DMSO,matched,,1,B432,WAYB,DHY210,YNB+CSM+2% galactose,37,120,min,O,WAY_BP5
B408,#10,DMSO,matched,,1,B432,WAYB,DHY210,YNB+CSM+2% galactose,37,120,min,O,WAY_BP5
B435,#5,Water,unmatched_huber_only,no_exact_requested_solvent_control,0,,WAYB,CGD,YNB+CSM+2% galactose,37,120,min,O,WAY_BP5
B436,#13,Water,unmatched_huber_only,no_exact_requested_solvent_control,0,,WAYB,CGD,YNB+CSM+2% galactose,37,120,min,O,WAY_BP5
B437,#5,Water,matched,,1,B389,WAYB,BAH,YNB+CSM+2% galactose,37,120,min,O,WAY_BP5
B438,#13,Water,matched,,1,B389,WAYB,BAH,YNB+CSM+2% galactose,37,120,min,O,WAY_BP5
B442,#13,Water,matched,,1,B393,WAYB,CEK,YNB+CSM+2% galactose,37,120,min,O,WAY_BP5
B443,#5,Water,matched,,1,B395,WAYB,DHY210,YNB+CSM+2% galactose,37,120,min,O,WAY_BP5
B444,#13,Water,matched,,1,B395,WAYB,DHY210,YNB+CSM+2% galactose,37,120,min,O,WAY_BP5
B447,#6,DMSO,matched,,1,B424,WAYB,CGD,YNB+CSM+2% galactose,37,120,min,O,WAY_BP5
B449,#6,DMSO,matched,,1,B426,WAYB,BAH,YNB+CSM+2% galactose,37,120,min,O,WAY_BP5
B453,#6,DMSO,matched,,1,B430,WAYB,CEK,YNB+CSM+2% galactose,37,120,min,O,WAY_BP5
B455,#6,DMSO,matched,,1,B432,WAYB,DHY210,YNB+CSM+2% galactose,37,120,min,O,WAY_BP5
B459,#7,Water,unmatched_huber_only,no_exact_requested_solvent_control,0,,WAYB,CGD,YNB+CSM+2% galactose,37,120,min,O,WAY_BP5
B460,#15,Water,unmatched_huber_only,no_exact_requested_solvent_control,0,,WAYB,CGD,YNB+CSM+2% galactose,37,120,min,O,WAY_BP5
B461,#7,Water,matched,,1,B389,WAYB,BAH,YNB+CSM+2% galactose,37,120,min,O,WAY_BP5
B462,#15,Water,matched,,1,B389,WAYB,BAH,YNB+CSM+2% galactose,37,120,min,O,WAY_BP5
B465,#7,Water,matched,,1,B393,WAYB,CEK,YNB+CSM+2% galactose,37,120,min,O,WAY_BP5
B466,#15,Water,matched,,1,B393,WAYB,CEK,YNB+CSM+2% galactose,37,120,min,O,WAY_BP5
B467,#7,Water,matched,,1,B395,WAYB,DHY210,YNB+CSM+2% galactose,37,120,min,O,WAY_BP5
B468,#15,Water,matched,,1,B395,WAYB,DHY210,YNB+CSM+2% galactose,37,120,min,O,WAY_BP5
B474,#16,DMSO,matched,,1,B426,WAYB,BAH,YNB+CSM+2% galactose,37,120,min,O,WAY_BP5
B478,#16,DMSO,matched,,1,B430,WAYB,CEK,YNB+CSM+2% galactose,37,120,min,O,WAY_BP5
B480,#16,DMSO,matched,,1,B432,WAYB,DHY210,YNB+CSM+2% galactose,37,120,min,O,WAY_BP5
B495,#2,DMSO,matched,,1,B520,WAYB,CGD,YNB+CSM+2% galactose,37,240,min,CAC,WAY_BP6
B496,#10,DMSO,matched,,1,B520,WAYB,CGD,YNB+CSM+2% galactose,37,240,min,CAC,WAY_BP6
B497,#2,DMSO,matched,,1,B522,WAYB,BAH,YNB+CSM+2% galactose,37,240,min,CAC,WAY_BP6
B498,#10,DMSO,matched,,1,B522,WAYB,BAH,YNB+CSM+2% galactose,37,240,min,CAC,WAY_BP6
B501,#2,DMSO,matched,,1,B526,WAYB,CEK,YNB+CSM+2% galactose,37,240,min,CAC,WAY_BP6
B502,#10,DMSO,matched,,1,B526,WAYB,CEK,YNB+CSM+2% galactose,37,240,min,CAC,WAY_BP6
B503,#2,DMSO,matched,,1,B528,WAYB,DHY210,YNB+CSM+2% galactose,37,240,min,CAC,WAY_BP6
B504,#10,DMSO,matched,,1,B528,WAYB,DHY210,YNB+CSM+2% galactose,37,240,min,CAC,WAY_BP6
B531,#5,Water,unmatched_huber_only,no_exact_requested_solvent_control,0,,WAYB,CGD,YNB+CSM+2% galactose,37,240,min,CAC,WAY_BP6
B532,#13,Water,unmatched_huber_only,no_exact_requested_solvent_control,0,,WAYB,CGD,YNB+CSM+2% galactose,37,240,min,CAC,WAY_BP6
B533,#5,Water,matched,,1,B485,WAYB,BAH,YNB+CSM+2% galactose,37,240,min,CAC,WAY_BP6
B534,#13,Water,matched,,1,B485,WAYB,BAH,YNB+CSM+2% galactose,37,240,min,CAC,WAY_BP6
B537,#5,Water,matched,,1,B489,WAYB,CEK,YNB+CSM+2% galactose,37,240,min,CAC,WAY_BP6
B538,#13,Water,matched,,1,B489,WAYB,CEK,YNB+CSM+2% galactose,37,240,min,CAC,WAY_BP6
B539,#5,Water,matched,,1,B491,WAYB,DHY210,YNB+CSM+2% galactose,37,240,min,CAC,WAY_BP6
B540,#13,Water,matched,,1,B491,WAYB,DHY210,YNB+CSM+2% galactose,37,240,min,CAC,WAY_BP6
B545,#6,DMSO,matched,,1,B522,WAYB,BAH,YNB+CSM+2% galactose,37,240,min,CAC,WAY_BP6
B549,#6,DMSO,matched,,1,B526,WAYB,CEK,YNB+CSM+2% galactose,37,240,min,CAC,WAY_BP6
B551,#6,DMSO,matched,,1,B528,WAYB,DHY210,YNB+CSM+2% galactose,37,240,min,CAC,WAY_BP6
B555,#7,Water,unmatched_huber_only,no_exact_requested_solvent_control,0,,WAYB,CGD,YNB+CSM+2% galactose,37,240,min,CAC,WAY_BP6
B556,#15,Water,unmatched_huber_only,no_exact_requested_solvent_control,0,,WAYB,CGD,YNB+CSM+2% galactose,37,240,min,CAC,WAY_BP6
B557,#7,Water,matched,,1,B485,WAYB,BAH,YNB+CSM+2% galactose,37,240,min,CAC,WAY_BP6
B558,#15,Water,matched,,1,B485,WAYB,BAH,YNB+CSM+2% galactose,37,240,min,CAC,WAY_BP6
B561,#7,Water,matched,,1,B489,WAYB,CEK,YNB+CSM+2% galactose,37,240,min,CAC,WAY_BP6
B562,#15,Water,matched,,1,B489,WAYB,CEK,YNB+CSM+2% galactose,37,240,min,CAC,WAY_BP6
B563,#7,Water,matched,,1,B491,WAYB,DHY210,YNB+CSM+2% galactose,37,240,min,CAC,WAY_BP6
B564,#15,Water,matched,,1,B491,WAYB,DHY210,YNB+CSM+2% galactose,37,240,min,CAC,WAY_BP6
B568,#16,DMSO,matched,,1,B520,WAYB,CGD,YNB+CSM+2% galactose,37,240,min,CAC,WAY_BP6
B570,#16,DMSO,matched,,1,B522,WAYB,BAH,YNB+CSM+2% galactose,37,240,min,CAC,WAY_BP6
B574,#16,DMSO,matched,,1,B526,WAYB,CEK,YNB+CSM+2% galactose,37,240,min,CAC,WAY_BP6
B576,#16,DMSO,matched,,1,B528,WAYB,DHY210,YNB+CSM+2% galactose,37,240,min,CAC,WAY_BP6
B591,#2,DMSO,matched,,1,B616,WAYB,CGD,YNB+CSM+2% glucose,30,15,min,O,WAY_BP7
B592,#10,DMSO,matched,,1,B616,WAYB,CGD,YNB+CSM+2% glucose,30,15,min,O,WAY_BP7
B593,#2,DMSO,matched,,1,B618,WAYB,BAH,YNB+CSM+2% glucose,30,15,min,O,WAY_BP7
B594,#10,DMSO,matched,,1,B618,WAYB,BAH,YNB+CSM+2% glucose,30,15,min,O,WAY_BP7
B597,#2,DMSO,matched,,1,B622,WAYB,CEK,YNB+CSM+2% glucose,30,15,min,O,WAY_BP7
B598,#10,DMSO,matched,,1,B622,WAYB,CEK,YNB+CSM+2% glucose,30,15,min,O,WAY_BP7
B599,#2,DMSO,matched,,1,B624,WAYB,DHY210,YNB+CSM+2% glucose,30,15,min,O,WAY_BP7
B600,#10,DMSO,matched,,1,B624,WAYB,DHY210,YNB+CSM+2% glucose,30,15,min,O,WAY_BP7
B627,#5,Water,unmatched_huber_only,no_exact_requested_solvent_control,0,,WAYB,CGD,YNB+CSM+2% glucose,30,15,min,O,WAY_BP7
B628,#13,Water,unmatched_huber_only,no_exact_requested_solvent_control,0,,WAYB,CGD,YNB+CSM+2% glucose,30,15,min,O,WAY_BP7
B629,#5,Water,matched,,1,B581,WAYB,BAH,YNB+CSM+2% glucose,30,15,min,O,WAY_BP7
B630,#13,Water,matched,,1,B581,WAYB,BAH,YNB+CSM+2% glucose,30,15,min,O,WAY_BP7
B633,#5,Water,matched,,1,B585,WAYB,CEK,YNB+CSM+2% glucose,30,15,min,O,WAY_BP7
B634,#13,Water,matched,,1,B585,WAYB,CEK,YNB+CSM+2% glucose,30,15,min,O,WAY_BP7
B635,#5,Water,matched,,1,B587,WAYB,DHY210,YNB+CSM+2% glucose,30,15,min,O,WAY_BP7
B636,#13,Water,matched,,1,B587,WAYB,DHY210,YNB+CSM+2% glucose,30,15,min,O,WAY_BP7
B639,#6,DMSO,matched,,1,B616,WAYB,CGD,YNB+CSM+2% glucose,30,15,min,O,WAY_BP7
B641,#6,DMSO,matched,,1,B618,WAYB,BAH,YNB+CSM+2% glucose,30,15,min,O,WAY_BP7
B645,#6,DMSO,matched,,1,B622,WAYB,CEK,YNB+CSM+2% glucose,30,15,min,O,WAY_BP7
B647,#6,DMSO,matched,,1,B624,WAYB,DHY210,YNB+CSM+2% glucose,30,15,min,O,WAY_BP7
B651,#7,Water,unmatched_huber_only,no_exact_requested_solvent_control,0,,WAYB,CGD,YNB+CSM+2% glucose,30,15,min,O,WAY_BP7
B652,#15,Water,unmatched_huber_only,no_exact_requested_solvent_control,0,,WAYB,CGD,YNB+CSM+2% glucose,30,15,min,O,WAY_BP7
B653,#7,Water,matched,,1,B581,WAYB,BAH,YNB+CSM+2% glucose,30,15,min,O,WAY_BP7
B654,#15,Water,matched,,1,B581,WAYB,BAH,YNB+CSM+2% glucose,30,15,min,O,WAY_BP7
B657,#7,Water,matched,,1,B585,WAYB,CEK,YNB+CSM+2% glucose,30,15,min,O,WAY_BP7
B658,#15,Water,matched,,1,B585,WAYB,CEK,YNB+CSM+2% glucose,30,15,min,O,WAY_BP7
B659,#7,Water,matched,,1,B587,WAYB,DHY210,YNB+CSM+2% glucose,30,15,min,O,WAY_BP7
B664,#16,DMSO,matched,,1,B616,WAYB,CGD,YNB+CSM+2% glucose,30,15,min,O,WAY_BP7
B666,#16,DMSO,matched,,1,B618,WAYB,BAH,YNB+CSM+2% glucose,30,15,min,O,WAY_BP7
B670,#16,DMSO,matched,,1,B622,WAYB,CEK,YNB+CSM+2% glucose,30,15,min,O,WAY_BP7
B672,#16,DMSO,matched,,1,B624,WAYB,DHY210,YNB+CSM+2% glucose,30,15,min,O,WAY_BP7
B687,#2,DMSO,matched,,1,B712,WAYB,CGD,YNB+CSM+2% glucose,30,30,min,CAA,WAY_BP8
B688,#10,DMSO,matched,,1,B712,WAYB,CGD,YNB+CSM+2% glucose,30,30,min,CAA,WAY_BP8
B689,#2,DMSO,matched,,1,B714,WAYB,BAH,YNB+CSM+2% glucose,30,30,min,CAA,WAY_BP8
B690,#10,DMSO,matched,,1,B714,WAYB,BAH,YNB+CSM+2% glucose,30,30,min,CAA,WAY_BP8
B693,#2,DMSO,matched,,1,B718,WAYB,CEK,YNB+CSM+2% glucose,30,30,min,CAA,WAY_BP8
B694,#10,DMSO,matched,,1,B718,WAYB,CEK,YNB+CSM+2% glucose,30,30,min,CAA,WAY_BP8
B695,#2,DMSO,matched,,1,B720,WAYB,DHY210,YNB+CSM+2% glucose,30,30,min,CAA,WAY_BP8
B696,#10,DMSO,matched,,1,B720,WAYB,DHY210,YNB+CSM+2% glucose,30,30,min,CAA,WAY_BP8
B723,#5,Water,unmatched_huber_only,no_exact_requested_solvent_control,0,,WAYB,CGD,YNB+CSM+2% glucose,30,30,min,CAA,WAY_BP8
B724,#13,Water,unmatched_huber_only,no_exact_requested_solvent_control,0,,WAYB,CGD,YNB+CSM+2% glucose,30,30,min,CAA,WAY_BP8
B725,#5,Water,matched,,1,B677,WAYB,BAH,YNB+CSM+2% glucose,30,30,min,CAA,WAY_BP8
B726,#13,Water,matched,,1,B677,WAYB,BAH,YNB+CSM+2% glucose,30,30,min,CAA,WAY_BP8
B729,#5,Water,matched,,1,B681,WAYB,CEK,YNB+CSM+2% glucose,30,30,min,CAA,WAY_BP8
B730,#13,Water,matched,,1,B681,WAYB,CEK,YNB+CSM+2% glucose,30,30,min,CAA,WAY_BP8
B732,#13,Water,unmatched_huber_only,no_exact_requested_solvent_control,0,,WAYB,DHY210,YNB+CSM+2% glucose,30,30,min,CAA,WAY_BP8
B737,#6,DMSO,matched,,1,B714,WAYB,BAH,YNB+CSM+2% glucose,30,30,min,CAA,WAY_BP8
B741,#6,DMSO,matched,,1,B718,WAYB,CEK,YNB+CSM+2% glucose,30,30,min,CAA,WAY_BP8
B743,#6,DMSO,matched,,1,B720,WAYB,DHY210,YNB+CSM+2% glucose,30,30,min,CAA,WAY_BP8
B747,#7,Water,unmatched_huber_only,no_exact_requested_solvent_control,0,,WAYB,CGD,YNB+CSM+2% glucose,30,30,min,CAA,WAY_BP8
B748,#15,Water,unmatched_huber_only,no_exact_requested_solvent_control,0,,WAYB,CGD,YNB+CSM+2% glucose,30,30,min,CAA,WAY_BP8
B749,#7,Water,matched,,1,B677,WAYB,BAH,YNB+CSM+2% glucose,30,30,min,CAA,WAY_BP8
B750,#15,Water,matched,,1,B677,WAYB,BAH,YNB+CSM+2% glucose,30,30,min,CAA,WAY_BP8
B753,#7,Water,matched,,1,B681,WAYB,CEK,YNB+CSM+2% glucose,30,30,min,CAA,WAY_BP8
B754,#15,Water,matched,,1,B681,WAYB,CEK,YNB+CSM+2% glucose,30,30,min,CAA,WAY_BP8
B755,#7,Water,unmatched_huber_only,no_exact_requested_solvent_control,0,,WAYB,DHY210,YNB+CSM+2% glucose,30,30,min,CAA,WAY_BP8
B756,#15,Water,unmatched_huber_only,no_exact_requested_solvent_control,0,,WAYB,DHY210,YNB+CSM+2% glucose,30,30,min,CAA,WAY_BP8
B760,#16,DMSO,matched,,1,B712,WAYB,CGD,YNB+CSM+2% glucose,30,30,min,CAA,WAY_BP8
B762,#16,DMSO,matched,,1,B714,WAYB,BAH,YNB+CSM+2% glucose,30,30,min,CAA,WAY_BP8
B766,#16,DMSO,matched,,1,B718,WAYB,CEK,YNB+CSM+2% glucose,30,30,min,CAA,WAY_BP8
B768,#16,DMSO,matched,,1,B720,WAYB,DHY210,YNB+CSM+2% glucose,30,30,min,CAA,WAY_BP8
B783,#2,DMSO,matched,,1,B808,WAYB,CGD,YNB+CSM+2% glucose,30,60,min,CAC,WAY_BP9
B784,#10,DMSO,matched,,1,B808,WAYB,CGD,YNB+CSM+2% glucose,30,60,min,CAC,WAY_BP9
B785,#2,DMSO,matched,,1,B810,WAYB,BAH,YNB+CSM+2% glucose,30,60,min,CAC,WAY_BP9
B786,#10,DMSO,matched,,1,B810,WAYB,BAH,YNB+CSM+2% glucose,30,60,min,CAC,WAY_BP9
B789,#2,DMSO,matched,,1,B814,WAYB,CEK,YNB+CSM+2% glucose,30,60,min,CAC,WAY_BP9
B790,#10,DMSO,matched,,1,B814,WAYB,CEK,YNB+CSM+2% glucose,30,60,min,CAC,WAY_BP9
B791,#2,DMSO,matched,,1,B816,WAYB,DHY210,YNB+CSM+2% glucose,30,60,min,CAC,WAY_BP9
B792,#10,DMSO,matched,,1,B816,WAYB,DHY210,YNB+CSM+2% glucose,30,60,min,CAC,WAY_BP9
B819,#5,Water,unmatched_huber_only,no_exact_requested_solvent_control,0,,WAYB,CGD,YNB+CSM+2% glucose,30,60,min,CAC,WAY_BP9
B821,#5,Water,matched,,1,B773,WAYB,BAH,YNB+CSM+2% glucose,30,60,min,CAC,WAY_BP9
B822,#13,Water,matched,,1,B773,WAYB,BAH,YNB+CSM+2% glucose,30,60,min,CAC,WAY_BP9
B825,#5,Water,matched,,1,B777,WAYB,CEK,YNB+CSM+2% glucose,30,60,min,CAC,WAY_BP9
B826,#13,Water,matched,,1,B777,WAYB,CEK,YNB+CSM+2% glucose,30,60,min,CAC,WAY_BP9
B827,#5,Water,matched,,1,B779,WAYB,DHY210,YNB+CSM+2% glucose,30,60,min,CAC,WAY_BP9
B828,#13,Water,matched,,1,B779,WAYB,DHY210,YNB+CSM+2% glucose,30,60,min,CAC,WAY_BP9
B831,#6,DMSO,matched,,1,B808,WAYB,CGD,YNB+CSM+2% glucose,30,60,min,CAC,WAY_BP9
B833,#6,DMSO,matched,,1,B810,WAYB,BAH,YNB+CSM+2% glucose,30,60,min,CAC,WAY_BP9
B837,#6,DMSO,matched,,1,B814,WAYB,CEK,YNB+CSM+2% glucose,30,60,min,CAC,WAY_BP9
B839,#6,DMSO,matched,,1,B816,WAYB,DHY210,YNB+CSM+2% glucose,30,60,min,CAC,WAY_BP9
B843,#7,Water,unmatched_huber_only,no_exact_requested_solvent_control,0,,WAYB,CGD,YNB+CSM+2% glucose,30,60,min,CAC,WAY_BP9
B844,#15,Water,unmatched_huber_only,no_exact_requested_solvent_control,0,,WAYB,CGD,YNB+CSM+2% glucose,30,60,min,CAC,WAY_BP9
B845,#7,Water,matched,,1,B773,WAYB,BAH,YNB+CSM+2% glucose,30,60,min,CAC,WAY_BP9
B846,#15,Water,matched,,1,B773,WAYB,BAH,YNB+CSM+2% glucose,30,60,min,CAC,WAY_BP9
B849,#7,Water,matched,,1,B777,WAYB,CEK,YNB+CSM+2% glucose,30,60,min,CAC,WAY_BP9
B850,#15,Water,matched,,1,B777,WAYB,CEK,YNB+CSM+2% glucose,30,60,min,CAC,WAY_BP9
B851,#7,Water,matched,,1,B779,WAYB,DHY210,YNB+CSM+2% glucose,30,60,min,CAC,WAY_BP9
B852,#15,Water,matched,,1,B779,WAYB,DHY210,YNB+CSM+2% glucose,30,60,min,CAC,WAY_BP9
B856,#16,DMSO,matched,,1,B808,WAYB,CGD,YNB+CSM+2% glucose,30,60,min,CAC,WAY_BP9
B858,#16,DMSO,matched,,1,B810,WAYB,BAH,YNB+CSM+2% glucose,30,60,min,CAC,WAY_BP9
B862,#16,DMSO,matched,,1,B814,WAYB,CEK,YNB+CSM+2% glucose,30,60,min,CAC,WAY_BP9
B864,#16,DMSO,matched,,1,B816,WAYB,DHY210,YNB+CSM+2% glucose,30,60,min,CAC,WAY_BP9
B879,#2,DMSO,matched,,1,B904,WAYB,CGD,YNB+CSM+2% glucose,30,90,min,CAA,WAY_BP10
B880,#10,DMSO,matched,,1,B904,WAYB,CGD,YNB+CSM+2% glucose,30,90,min,CAA,WAY_BP10
B881,#2,DMSO,matched,,1,B906,WAYB,BAH,YNB+CSM+2% glucose,30,90,min,CAA,WAY_BP10
B882,#10,DMSO,matched,,1,B906,WAYB,BAH,YNB+CSM+2% glucose,30,90,min,CAA,WAY_BP10
B885,#2,DMSO,matched,,1,B910,WAYB,CEK,YNB+CSM+2% glucose,30,90,min,CAA,WAY_BP10
B886,#10,DMSO,matched,,1,B910,WAYB,CEK,YNB+CSM+2% glucose,30,90,min,CAA,WAY_BP10
B887,#2,DMSO,matched,,1,B912,WAYB,DHY210,YNB+CSM+2% glucose,30,90,min,CAA,WAY_BP10
B888,#10,DMSO,matched,,1,B912,WAYB,DHY210,YNB+CSM+2% glucose,30,90,min,CAA,WAY_BP10
B915,#5,Water,unmatched_huber_only,no_exact_requested_solvent_control,0,,WAYB,CGD,YNB+CSM+2% glucose,30,90,min,CAA,WAY_BP10
B916,#13,Water,unmatched_huber_only,no_exact_requested_solvent_control,0,,WAYB,CGD,YNB+CSM+2% glucose,30,90,min,CAA,WAY_BP10
B917,#5,Water,matched,,1,B869,WAYB,BAH,YNB+CSM+2% glucose,30,90,min,CAA,WAY_BP10
B918,#13,Water,matched,,1,B869,WAYB,BAH,YNB+CSM+2% glucose,30,90,min,CAA,WAY_BP10
B921,#5,Water,matched,,1,B873,WAYB,CEK,YNB+CSM+2% glucose,30,90,min,CAA,WAY_BP10
B922,#13,Water,matched,,1,B873,WAYB,CEK,YNB+CSM+2% glucose,30,90,min,CAA,WAY_BP10
B923,#5,Water,matched,,1,B875,WAYB,DHY210,YNB+CSM+2% glucose,30,90,min,CAA,WAY_BP10
B924,#13,Water,matched,,1,B875,WAYB,DHY210,YNB+CSM+2% glucose,30,90,min,CAA,WAY_BP10
B927,#6,DMSO,matched,,1,B904,WAYB,CGD,YNB+CSM+2% glucose,30,90,min,CAA,WAY_BP10
B929,#6,DMSO,matched,,1,B906,WAYB,BAH,YNB+CSM+2% glucose,30,90,min,CAA,WAY_BP10
B933,#6,DMSO,matched,,1,B910,WAYB,CEK,YNB+CSM+2% glucose,30,90,min,CAA,WAY_BP10
B935,#6,DMSO,matched,,1,B912,WAYB,DHY210,YNB+CSM+2% glucose,30,90,min,CAA,WAY_BP10
B939,#7,Water,unmatched_huber_only,no_exact_requested_solvent_control,0,,WAYB,CGD,YNB+CSM+2% glucose,30,90,min,CAA,WAY_BP10
B941,#7,Water,matched,,1,B869,WAYB,BAH,YNB+CSM+2% glucose,30,90,min,CAA,WAY_BP10
B942,#15,Water,matched,,1,B869,WAYB,BAH,YNB+CSM+2% glucose,30,90,min,CAA,WAY_BP10
B945,#7,Water,matched,,1,B873,WAYB,CEK,YNB+CSM+2% glucose,30,90,min,CAA,WAY_BP10
B946,#15,Water,matched,,1,B873,WAYB,CEK,YNB+CSM+2% glucose,30,90,min,CAA,WAY_BP10
B947,#7,Water,matched,,1,B875,WAYB,DHY210,YNB+CSM+2% glucose,30,90,min,CAA,WAY_BP10
B948,#15,Water,matched,,1,B875,WAYB,DHY210,YNB+CSM+2% glucose,30,90,min,CAA,WAY_BP10
B952,#16,DMSO,matched,,1,B904,WAYB,CGD,YNB+CSM+2% glucose,30,90,min,CAA,WAY_BP10
B954,#16,DMSO,matched,,1,B906,WAYB,BAH,YNB+CSM+2% glucose,30,90,min,CAA,WAY_BP10
B958,#16,DMSO,matched,,1,B910,WAYB,CEK,YNB+CSM+2% glucose,30,90,min,CAA,WAY_BP10
B960,#16,DMSO,matched,,1,B912,WAYB,DHY210,YNB+CSM+2% glucose,30,90,min,CAA,WAY_BP10
B975,#2,DMSO,matched,,1,B1000,WAYB,CGD,YNB+CSM+2% glucose,30,120,min,O,WAY_BP11
B976,#10,DMSO,matched,,1,B1000,WAYB,CGD,YNB+CSM+2% glucose,30,120,min,O,WAY_BP11
B977,#2,DMSO,matched,,1,B1002,WAYB,BAH,YNB+CSM+2% glucose,30,120,min,O,WAY_BP11
B978,#10,DMSO,matched,,1,B1002,WAYB,BAH,YNB+CSM+2% glucose,30,120,min,O,WAY_BP11
B981,#2,DMSO,matched,,1,B1006,WAYB,CEK,YNB+CSM+2% glucose,30,120,min,O,WAY_BP11
B982,#10,DMSO,matched,,1,B1006,WAYB,CEK,YNB+CSM+2% glucose,30,120,min,O,WAY_BP11
B983,#2,DMSO,matched,,1,B1008,WAYB,DHY210,YNB+CSM+2% glucose,30,120,min,O,WAY_BP11
B984,#10,DMSO,matched,,1,B1008,WAYB,DHY210,YNB+CSM+2% glucose,30,120,min,O,WAY_BP11
B1011,#5,Water,matched,,1,B963,WAYB,CGD,YNB+CSM+2% glucose,30,120,min,O,WAY_BP11
B1012,#13,Water,matched,,1,B963,WAYB,CGD,YNB+CSM+2% glucose,30,120,min,O,WAY_BP11
B1013,#5,Water,matched,,1,B965,WAYB,BAH,YNB+CSM+2% glucose,30,120,min,O,WAY_BP11
B1014,#13,Water,matched,,1,B965,WAYB,BAH,YNB+CSM+2% glucose,30,120,min,O,WAY_BP11
B1017,#5,Water,matched,,1,B969,WAYB,CEK,YNB+CSM+2% glucose,30,120,min,O,WAY_BP11
B1018,#13,Water,matched,,1,B969,WAYB,CEK,YNB+CSM+2% glucose,30,120,min,O,WAY_BP11
B1019,#5,Water,matched,,1,B971,WAYB,DHY210,YNB+CSM+2% glucose,30,120,min,O,WAY_BP11
B1020,#13,Water,matched,,1,B971,WAYB,DHY210,YNB+CSM+2% glucose,30,120,min,O,WAY_BP11
B1023,#6,DMSO,matched,,1,B1000,WAYB,CGD,YNB+CSM+2% glucose,30,120,min,O,WAY_BP11
B1025,#6,DMSO,matched,,1,B1002,WAYB,BAH,YNB+CSM+2% glucose,30,120,min,O,WAY_BP11
B1029,#6,DMSO,matched,,1,B1006,WAYB,CEK,YNB+CSM+2% glucose,30,120,min,O,WAY_BP11
B1031,#6,DMSO,matched,,1,B1008,WAYB,DHY210,YNB+CSM+2% glucose,30,120,min,O,WAY_BP11
B1035,#7,Water,matched,,1,B963,WAYB,CGD,YNB+CSM+2% glucose,30,120,min,O,WAY_BP11
B1036,#15,Water,matched,,1,B963,WAYB,CGD,YNB+CSM+2% glucose,30,120,min,O,WAY_BP11
B1037,#7,Water,matched,,1,B965,WAYB,BAH,YNB+CSM+2% glucose,30,120,min,O,WAY_BP11
B1038,#15,Water,matched,,1,B965,WAYB,BAH,YNB+CSM+2% glucose,30,120,min,O,WAY_BP11
B1041,#7,Water,matched,,1,B969,WAYB,CEK,YNB+CSM+2% glucose,30,120,min,O,WAY_BP11
B1042,#15,Water,matched,,1,B969,WAYB,CEK,YNB+CSM+2% glucose,30,120,min,O,WAY_BP11
B1043,#7,Water,matched,,1,B971,WAYB,DHY210,YNB+CSM+2% glucose,30,120,min,O,WAY_BP11
B1044,#15,Water,matched,,1,B971,WAYB,DHY210,YNB+CSM+2% glucose,30,120,min,O,WAY_BP11
B1048,#16,DMSO,matched,,1,B1000,WAYB,CGD,YNB+CSM+2% glucose,30,120,min,O,WAY_BP11
B1050,#16,DMSO,matched,,1,B1002,WAYB,BAH,YNB+CSM+2% glucose,30,120,min,O,WAY_BP11
B1054,#16,DMSO,matched,,1,B1006,WAYB,CEK,YNB+CSM+2% glucose,30,120,min,O,WAY_BP11
B1056,#16,DMSO,matched,,1,B1008,WAYB,DHY210,YNB+CSM+2% glucose,30,120,min,O,WAY_BP11
B1071,#2,DMSO,matched,,1,B1096,WAYB,CGD,YNB+CSM+2% glucose,30,240,min,CAC,WAY_BP12
B1072,#10,DMSO,matched,,1,B1096,WAYB,CGD,YNB+CSM+2% glucose,30,240,min,CAC,WAY_BP12
B1073,#2,DMSO,matched,,1,B1098,WAYB,BAH,YNB+CSM+2% glucose,30,240,min,CAC,WAY_BP12
B1074,#10,DMSO,matched,,1,B1098,WAYB,BAH,YNB+CSM+2% glucose,30,240,min,CAC,WAY_BP12
B1077,#2,DMSO,matched,,1,B1102,WAYB,CEK,YNB+CSM+2% glucose,30,240,min,CAC,WAY_BP12
B1078,#10,DMSO,matched,,1,B1102,WAYB,CEK,YNB+CSM+2% glucose,30,240,min,CAC,WAY_BP12
B1079,#2,DMSO,matched,,1,B1104,WAYB,DHY210,YNB+CSM+2% glucose,30,240,min,CAC,WAY_BP12
B1080,#10,DMSO,matched,,1,B1104,WAYB,DHY210,YNB+CSM+2% glucose,30,240,min,CAC,WAY_BP12
B1107,#5,Water,unmatched_huber_only,no_exact_requested_solvent_control,0,,WAYB,CGD,YNB+CSM+2% glucose,30,240,min,CAC,WAY_BP12
B1108,#13,Water,unmatched_huber_only,no_exact_requested_solvent_control,0,,WAYB,CGD,YNB+CSM+2% glucose,30,240,min,CAC,WAY_BP12
B1109,#5,Water,matched,,1,B1061,WAYB,BAH,YNB+CSM+2% glucose,30,240,min,CAC,WAY_BP12
B1110,#13,Water,matched,,1,B1061,WAYB,BAH,YNB+CSM+2% glucose,30,240,min,CAC,WAY_BP12
B1113,#5,Water,matched,,1,B1065,WAYB,CEK,YNB+CSM+2% glucose,30,240,min,CAC,WAY_BP12
B1114,#13,Water,matched,,1,B1065,WAYB,CEK,YNB+CSM+2% glucose,30,240,min,CAC,WAY_BP12
B1115,#5,Water,matched,,1,B1067,WAYB,DHY210,YNB+CSM+2% glucose,30,240,min,CAC,WAY_BP12
B1116,#13,Water,matched,,1,B1067,WAYB,DHY210,YNB+CSM+2% glucose,30,240,min,CAC,WAY_BP12
B1119,#6,DMSO,matched,,1,B1096,WAYB,CGD,YNB+CSM+2% glucose,30,240,min,CAC,WAY_BP12
B1121,#6,DMSO,matched,,1,B1098,WAYB,BAH,YNB+CSM+2% glucose,30,240,min,CAC,WAY_BP12
B1125,#6,DMSO,matched,,1,B1102,WAYB,CEK,YNB+CSM+2% glucose,30,240,min,CAC,WAY_BP12
B1127,#6,DMSO,matched,,1,B1104,WAYB,DHY210,YNB+CSM+2% glucose,30,240,min,CAC,WAY_BP12
B1131,#7,Water,unmatched_huber_only,no_exact_requested_solvent_control,0,,WAYB,CGD,YNB+CSM+2% glucose,30,240,min,CAC,WAY_BP12
B1132,#15,Water,unmatched_huber_only,no_exact_requested_solvent_control,0,,WAYB,CGD,YNB+CSM+2% glucose,30,240,min,CAC,WAY_BP12
B1134,#15,Water,matched,,1,B1061,WAYB,BAH,YNB+CSM+2% glucose,30,240,min,CAC,WAY_BP12
B1137,#7,Water,matched,,1,B1065,WAYB,CEK,YNB+CSM+2% glucose,30,240,min,CAC,WAY_BP12
B1138,#15,Water,matched,,1,B1065,WAYB,CEK,YNB+CSM+2% glucose,30,240,min,CAC,WAY_BP12
B1139,#7,Water,matched,,1,B1067,WAYB,DHY210,YNB+CSM+2% glucose,30,240,min,CAC,WAY_BP12
B1140,#15,Water,matched,,1,B1067,WAYB,DHY210,YNB+CSM+2% glucose,30,240,min,CAC,WAY_BP12
B1144,#16,DMSO,matched,,1,B1096,WAYB,CGD,YNB+CSM+2% glucose,30,240,min,CAC,WAY_BP12
B1146,#16,DMSO,matched,,1,B1098,WAYB,BAH,YNB+CSM+2% glucose,30,240,min,CAC,WAY_BP12
B1150,#16,DMSO,matched,,1,B1102,WAYB,CEK,YNB+CSM+2% glucose,30,240,min,CAC,WAY_BP12
B1152,#16,DMSO,matched,,1,B1104,WAYB,DHY210,YNB+CSM+2% glucose,30,240,min,CAC,WAY_BP12
B1167,#2,DMSO,matched,,1,B1192,WAYB,CGD,YNB+CSM+2% galactose,37,15,min,WAH,WAY_BP13
B1168,#10,DMSO,matched,,1,B1192,WAYB,CGD,YNB+CSM+2% galactose,37,15,min,WAH,WAY_BP13
B1169,#2,DMSO,matched,,1,B1194,WAYB,BAH,YNB+CSM+2% galactose,37,15,min,WAH,WAY_BP13
B1170,#10,DMSO,matched,,1,B1194,WAYB,BAH,YNB+CSM+2% galactose,37,15,min,WAH,WAY_BP13
B1173,#2,DMSO,matched,,1,B1198,WAYB,CEK,YNB+CSM+2% galactose,37,15,min,WAH,WAY_BP13
B1174,#10,DMSO,matched,,1,B1198,WAYB,CEK,YNB+CSM+2% galactose,37,15,min,WAH,WAY_BP13
B1175,#2,DMSO,matched,,1,B1200,WAYB,DHY210,YNB+CSM+2% galactose,37,15,min,WAH,WAY_BP13
B1176,#10,DMSO,matched,,1,B1200,WAYB,DHY210,YNB+CSM+2% galactose,37,15,min,WAH,WAY_BP13
B1203,#5,Water,unmatched_huber_only,no_exact_requested_solvent_control,0,,WAYB,CGD,YNB+CSM+2% galactose,37,15,min,WAH,WAY_BP13
B1204,#13,Water,unmatched_huber_only,no_exact_requested_solvent_control,0,,WAYB,CGD,YNB+CSM+2% galactose,37,15,min,WAH,WAY_BP13
B1205,#5,Water,matched,,1,B1157,WAYB,BAH,YNB+CSM+2% galactose,37,15,min,WAH,WAY_BP13
B1206,#13,Water,matched,,1,B1157,WAYB,BAH,YNB+CSM+2% galactose,37,15,min,WAH,WAY_BP13
B1209,#5,Water,matched,,1,B1161,WAYB,CEK,YNB+CSM+2% galactose,37,15,min,WAH,WAY_BP13
B1210,#13,Water,matched,,1,B1161,WAYB,CEK,YNB+CSM+2% galactose,37,15,min,WAH,WAY_BP13
B1211,#5,Water,matched,,1,B1163,WAYB,DHY210,YNB+CSM+2% galactose,37,15,min,WAH,WAY_BP13
B1212,#13,Water,matched,,1,B1163,WAYB,DHY210,YNB+CSM+2% galactose,37,15,min,WAH,WAY_BP13
B1215,#6,DMSO,matched,,1,B1192,WAYB,CGD,YNB+CSM+2% galactose,37,15,min,WAH,WAY_BP13
B1217,#6,DMSO,matched,,1,B1194,WAYB,BAH,YNB+CSM+2% galactose,37,15,min,WAH,WAY_BP13
B1221,#6,DMSO,matched,,1,B1198,WAYB,CEK,YNB+CSM+2% galactose,37,15,min,WAH,WAY_BP13
B1223,#6,DMSO,matched,,1,B1200,WAYB,DHY210,YNB+CSM+2% galactose,37,15,min,WAH,WAY_BP13
B1227,#7,Water,unmatched_huber_only,no_exact_requested_solvent_control,0,,WAYB,CGD,YNB+CSM+2% galactose,37,15,min,WAH,WAY_BP13
B1228,#15,Water,unmatched_huber_only,no_exact_requested_solvent_control,0,,WAYB,CGD,YNB+CSM+2% galactose,37,15,min,WAH,WAY_BP13
B1229,#7,Water,matched,,1,B1157,WAYB,BAH,YNB+CSM+2% galactose,37,15,min,WAH,WAY_BP13
B1230,#15,Water,matched,,1,B1157,WAYB,BAH,YNB+CSM+2% galactose,37,15,min,WAH,WAY_BP13
B1233,#7,Water,matched,,1,B1161,WAYB,CEK,YNB+CSM+2% galactose,37,15,min,WAH,WAY_BP13
B1234,#15,Water,matched,,1,B1161,WAYB,CEK,YNB+CSM+2% galactose,37,15,min,WAH,WAY_BP13
B1235,#7,Water,matched,,1,B1163,WAYB,DHY210,YNB+CSM+2% galactose,37,15,min,WAH,WAY_BP13
B1236,#15,Water,matched,,1,B1163,WAYB,DHY210,YNB+CSM+2% galactose,37,15,min,WAH,WAY_BP13
B1240,#16,DMSO,matched,,1,B1192,WAYB,CGD,YNB+CSM+2% galactose,37,15,min,WAH,WAY_BP13
B1242,#16,DMSO,matched,,1,B1194,WAYB,BAH,YNB+CSM+2% galactose,37,15,min,WAH,WAY_BP13
B1246,#16,DMSO,matched,,1,B1198,WAYB,CEK,YNB+CSM+2% galactose,37,15,min,WAH,WAY_BP13
B1248,#16,DMSO,matched,,1,B1200,WAYB,DHY210,YNB+CSM+2% galactose,37,15,min,WAH,WAY_BP13
B1263,#2,DMSO,matched,,1,B1288,WAYB,CGD,YNB+CSM+2% galactose,37,30,min,O,WAY_BP14
B1264,#10,DMSO,matched,,1,B1288,WAYB,CGD,YNB+CSM+2% galactose,37,30,min,O,WAY_BP14
B1265,#2,DMSO,matched,,1,B1290,WAYB,BAH,YNB+CSM+2% galactose,37,30,min,O,WAY_BP14
B1266,#10,DMSO,matched,,1,B1290,WAYB,BAH,YNB+CSM+2% galactose,37,30,min,O,WAY_BP14
B1269,#2,DMSO,matched,,1,B1294,WAYB,CEK,YNB+CSM+2% galactose,37,30,min,O,WAY_BP14
B1270,#10,DMSO,matched,,1,B1294,WAYB,CEK,YNB+CSM+2% galactose,37,30,min,O,WAY_BP14
B1271,#2,DMSO,matched,,1,B1296,WAYB,DHY210,YNB+CSM+2% galactose,37,30,min,O,WAY_BP14
B1299,#5,Water,matched,,1,B1251,WAYB,CGD,YNB+CSM+2% galactose,37,30,min,O,WAY_BP14
B1300,#13,Water,matched,,1,B1251,WAYB,CGD,YNB+CSM+2% galactose,37,30,min,O,WAY_BP14
B1301,#5,Water,matched,,1,B1253,WAYB,BAH,YNB+CSM+2% galactose,37,30,min,O,WAY_BP14
B1302,#13,Water,matched,,1,B1253,WAYB,BAH,YNB+CSM+2% galactose,37,30,min,O,WAY_BP14
B1305,#5,Water,matched,,1,B1257,WAYB,CEK,YNB+CSM+2% galactose,37,30,min,O,WAY_BP14
B1306,#13,Water,matched,,1,B1257,WAYB,CEK,YNB+CSM+2% galactose,37,30,min,O,WAY_BP14
B1307,#5,Water,matched,,1,B1259,WAYB,DHY210,YNB+CSM+2% galactose,37,30,min,O,WAY_BP14
B1308,#13,Water,matched,,1,B1259,WAYB,DHY210,YNB+CSM+2% galactose,37,30,min,O,WAY_BP14
B1311,#6,DMSO,matched,,1,B1288,WAYB,CGD,YNB+CSM+2% galactose,37,30,min,O,WAY_BP14
B1313,#6,DMSO,matched,,1,B1290,WAYB,BAH,YNB+CSM+2% galactose,37,30,min,O,WAY_BP14
B1317,#6,DMSO,matched,,1,B1294,WAYB,CEK,YNB+CSM+2% galactose,37,30,min,O,WAY_BP14
B1319,#6,DMSO,matched,,1,B1296,WAYB,DHY210,YNB+CSM+2% galactose,37,30,min,O,WAY_BP14
B1323,#7,Water,matched,,1,B1251,WAYB,CGD,YNB+CSM+2% galactose,37,30,min,O,WAY_BP14
B1324,#15,Water,matched,,1,B1251,WAYB,CGD,YNB+CSM+2% galactose,37,30,min,O,WAY_BP14
B1325,#7,Water,matched,,1,B1253,WAYB,BAH,YNB+CSM+2% galactose,37,30,min,O,WAY_BP14
B1326,#15,Water,matched,,1,B1253,WAYB,BAH,YNB+CSM+2% galactose,37,30,min,O,WAY_BP14
B1329,#7,Water,matched,,1,B1257,WAYB,CEK,YNB+CSM+2% galactose,37,30,min,O,WAY_BP14
B1330,#15,Water,matched,,1,B1257,WAYB,CEK,YNB+CSM+2% galactose,37,30,min,O,WAY_BP14
B1331,#7,Water,matched,,1,B1259,WAYB,DHY210,YNB+CSM+2% galactose,37,30,min,O,WAY_BP14
B1332,#15,Water,matched,,1,B1259,WAYB,DHY210,YNB+CSM+2% galactose,37,30,min,O,WAY_BP14
B1336,#16,DMSO,matched,,1,B1288,WAYB,CGD,YNB+CSM+2% galactose,37,30,min,O,WAY_BP14
B1338,#16,DMSO,matched,,1,B1290,WAYB,BAH,YNB+CSM+2% galactose,37,30,min,O,WAY_BP14
B1342,#16,DMSO,matched,,1,B1294,WAYB,CEK,YNB+CSM+2% galactose,37,30,min,O,WAY_BP14
B1344,#16,DMSO,matched,,1,B1296,WAYB,DHY210,YNB+CSM+2% galactose,37,30,min,O,WAY_BP14
B1551,#2,DMSO,matched,,1,B1576,WAYB,CGD,YNB+CSM+2% galactose,30,120,min,CAA,WAY_BP17
B1552,#10,DMSO,matched,,1,B1576,WAYB,CGD,YNB+CSM+2% galactose,30,120,min,CAA,WAY_BP17
B1553,#2,DMSO,matched,,1,B1578,WAYB,BAH,YNB+CSM+2% galactose,30,120,min,CAA,WAY_BP17
B1554,#10,DMSO,matched,,1,B1578,WAYB,BAH,YNB+CSM+2% galactose,30,120,min,CAA,WAY_BP17
B1557,#2,DMSO,matched,,1,B1582,WAYB,CEK,YNB+CSM+2% galactose,30,120,min,CAA,WAY_BP17
B1558,#10,DMSO,matched,,1,B1582,WAYB,CEK,YNB+CSM+2% galactose,30,120,min,CAA,WAY_BP17
B1559,#2,DMSO,unmatched_huber_only,no_exact_requested_solvent_control,0,,WAYB,DHY210,YNB+CSM+2% galactose,30,120,min,CAA,WAY_BP17
B1560,#10,DMSO,unmatched_huber_only,no_exact_requested_solvent_control,0,,WAYB,DHY210,YNB+CSM+2% galactose,30,120,min,CAA,WAY_BP17
B1587,#5,Water,matched,,1,B1539,WAYB,CGD,YNB+CSM+2% galactose,30,120,min,CAA,WAY_BP17
B1588,#13,Water,matched,,1,B1539,WAYB,CGD,YNB+CSM+2% galactose,30,120,min,CAA,WAY_BP17
B1589,#5,Water,matched,,1,B1541,WAYB,BAH,YNB+CSM+2% galactose,30,120,min,CAA,WAY_BP17
B1590,#13,Water,matched,,1,B1541,WAYB,BAH,YNB+CSM+2% galactose,30,120,min,CAA,WAY_BP17
B1593,#5,Water,matched,,1,B1545,WAYB,CEK,YNB+CSM+2% galactose,30,120,min,CAA,WAY_BP17
B1594,#13,Water,matched,,1,B1545,WAYB,CEK,YNB+CSM+2% galactose,30,120,min,CAA,WAY_BP17
B1595,#5,Water,matched,,1,B1547,WAYB,DHY210,YNB+CSM+2% galactose,30,120,min,CAA,WAY_BP17
B1596,#13,Water,matched,,1,B1547,WAYB,DHY210,YNB+CSM+2% galactose,30,120,min,CAA,WAY_BP17
B1599,#6,DMSO,matched,,1,B1576,WAYB,CGD,YNB+CSM+2% galactose,30,120,min,CAA,WAY_BP17
B1601,#6,DMSO,matched,,1,B1578,WAYB,BAH,YNB+CSM+2% galactose,30,120,min,CAA,WAY_BP17
B1605,#6,DMSO,matched,,1,B1582,WAYB,CEK,YNB+CSM+2% galactose,30,120,min,CAA,WAY_BP17
B1607,#6,DMSO,unmatched_huber_only,no_exact_requested_solvent_control,0,,WAYB,DHY210,YNB+CSM+2% galactose,30,120,min,CAA,WAY_BP17
B1611,#7,Water,matched,,1,B1539,WAYB,CGD,YNB+CSM+2% galactose,30,120,min,CAA,WAY_BP17
B1612,#15,Water,matched,,1,B1539,WAYB,CGD,YNB+CSM+2% galactose,30,120,min,CAA,WAY_BP17
B1613,#7,Water,matched,,1,B1541,WAYB,BAH,YNB+CSM+2% galactose,30,120,min,CAA,WAY_BP17
B1617,#7,Water,matched,,1,B1545,WAYB,CEK,YNB+CSM+2% galactose,30,120,min,CAA,WAY_BP17
B1618,#15,Water,matched,,1,B1545,WAYB,CEK,YNB+CSM+2% galactose,30,120,min,CAA,WAY_BP17
B1619,#7,Water,matched,,1,B1547,WAYB,DHY210,YNB+CSM+2% galactose,30,120,min,CAA,WAY_BP17
B1620,#15,Water,matched,,1,B1547,WAYB,DHY210,YNB+CSM+2% galactose,30,120,min,CAA,WAY_BP17
B1624,#16,DMSO,matched,,1,B1576,WAYB,CGD,YNB+CSM+2% galactose,30,120,min,CAA,WAY_BP17
B1626,#16,DMSO,matched,,1,B1578,WAYB,BAH,YNB+CSM+2% galactose,30,120,min,CAA,WAY_BP17
B1630,#16,DMSO,matched,,1,B1582,WAYB,CEK,YNB+CSM+2% galactose,30,120,min,CAA,WAY_BP17
B1632,#16,DMSO,unmatched_huber_only,no_exact_requested_solvent_control,0,,WAYB,DHY210,YNB+CSM+2% galactose,30,120,min,CAA,WAY_BP17
B1648,#10,DMSO,matched,,1,B1672,WAYB,CGD,YNB+CSM+2% galactose,30,240,min,O,WAY_BP18
B1649,#2,DMSO,matched,,1,B1674,WAYB,BAH,YNB+CSM+2% galactose,30,240,min,O,WAY_BP18
B1650,#10,DMSO,matched,,1,B1674,WAYB,BAH,YNB+CSM+2% galactose,30,240,min,O,WAY_BP18
B1653,#2,DMSO,matched,,1,B1678,WAYB,CEK,YNB+CSM+2% galactose,30,240,min,O,WAY_BP18
B1654,#10,DMSO,matched,,1,B1678,WAYB,CEK,YNB+CSM+2% galactose,30,240,min,O,WAY_BP18
B1655,#2,DMSO,matched,,1,B1680,WAYB,DHY210,YNB+CSM+2% galactose,30,240,min,O,WAY_BP18
B1656,#10,DMSO,matched,,1,B1680,WAYB,DHY210,YNB+CSM+2% galactose,30,240,min,O,WAY_BP18
B1683,#5,Water,unmatched_huber_only,no_exact_requested_solvent_control,0,,WAYB,CGD,YNB+CSM+2% galactose,30,240,min,O,WAY_BP18
B1684,#13,Water,unmatched_huber_only,no_exact_requested_solvent_control,0,,WAYB,CGD,YNB+CSM+2% galactose,30,240,min,O,WAY_BP18
B1685,#5,Water,matched,,1,B1637,WAYB,BAH,YNB+CSM+2% galactose,30,240,min,O,WAY_BP18
B1686,#13,Water,matched,,1,B1637,WAYB,BAH,YNB+CSM+2% galactose,30,240,min,O,WAY_BP18
B1689,#5,Water,matched,,1,B1641,WAYB,CEK,YNB+CSM+2% galactose,30,240,min,O,WAY_BP18
B1690,#13,Water,matched,,1,B1641,WAYB,CEK,YNB+CSM+2% galactose,30,240,min,O,WAY_BP18
B1691,#5,Water,matched,,1,B1643,WAYB,DHY210,YNB+CSM+2% galactose,30,240,min,O,WAY_BP18
B1692,#13,Water,matched,,1,B1643,WAYB,DHY210,YNB+CSM+2% galactose,30,240,min,O,WAY_BP18
B1695,#6,DMSO,matched,,1,B1672,WAYB,CGD,YNB+CSM+2% galactose,30,240,min,O,WAY_BP18
B1697,#6,DMSO,matched,,1,B1674,WAYB,BAH,YNB+CSM+2% galactose,30,240,min,O,WAY_BP18
B1701,#6,DMSO,matched,,1,B1678,WAYB,CEK,YNB+CSM+2% galactose,30,240,min,O,WAY_BP18
B1703,#6,DMSO,matched,,1,B1680,WAYB,DHY210,YNB+CSM+2% galactose,30,240,min,O,WAY_BP18
B1707,#7,Water,unmatched_huber_only,no_exact_requested_solvent_control,0,,WAYB,CGD,YNB+CSM+2% galactose,30,240,min,O,WAY_BP18
B1708,#15,Water,unmatched_huber_only,no_exact_requested_solvent_control,0,,WAYB,CGD,YNB+CSM+2% galactose,30,240,min,O,WAY_BP18
B1709,#7,Water,matched,,1,B1637,WAYB,BAH,YNB+CSM+2% galactose,30,240,min,O,WAY_BP18
B1710,#15,Water,matched,,1,B1637,WAYB,BAH,YNB+CSM+2% galactose,30,240,min,O,WAY_BP18
B1713,#7,Water,matched,,1,B1641,WAYB,CEK,YNB+CSM+2% galactose,30,240,min,O,WAY_BP18
B1714,#15,Water,matched,,1,B1641,WAYB,CEK,YNB+CSM+2% galactose,30,240,min,O,WAY_BP18
B1715,#7,Water,matched,,1,B1643,WAYB,DHY210,YNB+CSM+2% galactose,30,240,min,O,WAY_BP18
B1716,#15,Water,matched,,1,B1643,WAYB,DHY210,YNB+CSM+2% galactose,30,240,min,O,WAY_BP18
B1722,#16,DMSO,matched,,1,B1674,WAYB,BAH,YNB+CSM+2% galactose,30,240,min,O,WAY_BP18
B1726,#16,DMSO,matched,,1,B1678,WAYB,CEK,YNB+CSM+2% galactose,30,240,min,O,WAY_BP18
B1728,#16,DMSO,matched,,1,B1680,WAYB,DHY210,YNB+CSM+2% galactose,30,240,min,O,WAY_BP18
B1743,#2,DMSO,matched,,1,B1768,WAYB,CGD,YNB+CSM+2% glucose,37,15,min,CAC,WAY_BP19
B1744,#10,DMSO,matched,,1,B1768,WAYB,CGD,YNB+CSM+2% glucose,37,15,min,CAC,WAY_BP19
B1745,#2,DMSO,matched,,1,B1770,WAYB,BAH,YNB+CSM+2% glucose,37,15,min,CAC,WAY_BP19
B1746,#10,DMSO,matched,,1,B1770,WAYB,BAH,YNB+CSM+2% glucose,37,15,min,CAC,WAY_BP19
B1749,#2,DMSO,matched,,1,B1774,WAYB,CEK,YNB+CSM+2% glucose,37,15,min,CAC,WAY_BP19
B1750,#10,DMSO,matched,,1,B1774,WAYB,CEK,YNB+CSM+2% glucose,37,15,min,CAC,WAY_BP19
B1751,#2,DMSO,matched,,1,B1776,WAYB,DHY210,YNB+CSM+2% glucose,37,15,min,CAC,WAY_BP19
B1752,#10,DMSO,matched,,1,B1776,WAYB,DHY210,YNB+CSM+2% glucose,37,15,min,CAC,WAY_BP19
B1779,#5,Water,matched,,1,B1731,WAYB,CGD,YNB+CSM+2% glucose,37,15,min,CAC,WAY_BP19
B1780,#13,Water,matched,,1,B1731,WAYB,CGD,YNB+CSM+2% glucose,37,15,min,CAC,WAY_BP19
B1781,#5,Water,matched,,1,B1733,WAYB,BAH,YNB+CSM+2% glucose,37,15,min,CAC,WAY_BP19
B1782,#13,Water,matched,,1,B1733,WAYB,BAH,YNB+CSM+2% glucose,37,15,min,CAC,WAY_BP19
B1785,#5,Water,matched,,1,B1737,WAYB,CEK,YNB+CSM+2% glucose,37,15,min,CAC,WAY_BP19
B1786,#13,Water,matched,,1,B1737,WAYB,CEK,YNB+CSM+2% glucose,37,15,min,CAC,WAY_BP19
B1787,#5,Water,matched,,1,B1739,WAYB,DHY210,YNB+CSM+2% glucose,37,15,min,CAC,WAY_BP19
B1791,#6,DMSO,matched,,1,B1768,WAYB,CGD,YNB+CSM+2% glucose,37,15,min,CAC,WAY_BP19
B1793,#6,DMSO,matched,,1,B1770,WAYB,BAH,YNB+CSM+2% glucose,37,15,min,CAC,WAY_BP19
B1797,#6,DMSO,matched,,1,B1774,WAYB,CEK,YNB+CSM+2% glucose,37,15,min,CAC,WAY_BP19
B1799,#6,DMSO,matched,,1,B1776,WAYB,DHY210,YNB+CSM+2% glucose,37,15,min,CAC,WAY_BP19
B1803,#7,Water,matched,,1,B1731,WAYB,CGD,YNB+CSM+2% glucose,37,15,min,CAC,WAY_BP19
B1804,#15,Water,matched,,1,B1731,WAYB,CGD,YNB+CSM+2% glucose,37,15,min,CAC,WAY_BP19
B1805,#7,Water,matched,,1,B1733,WAYB,BAH,YNB+CSM+2% glucose,37,15,min,CAC,WAY_BP19
B1806,#15,Water,matched,,1,B1733,WAYB,BAH,YNB+CSM+2% glucose,37,15,min,CAC,WAY_BP19
B1809,#7,Water,matched,,1,B1737,WAYB,CEK,YNB+CSM+2% glucose,37,15,min,CAC,WAY_BP19
B1810,#15,Water,matched,,1,B1737,WAYB,CEK,YNB+CSM+2% glucose,37,15,min,CAC,WAY_BP19
B1811,#7,Water,matched,,1,B1739,WAYB,DHY210,YNB+CSM+2% glucose,37,15,min,CAC,WAY_BP19
B1812,#15,Water,matched,,1,B1739,WAYB,DHY210,YNB+CSM+2% glucose,37,15,min,CAC,WAY_BP19
B1816,#16,DMSO,matched,,1,B1768,WAYB,CGD,YNB+CSM+2% glucose,37,15,min,CAC,WAY_BP19
B1818,#16,DMSO,matched,,1,B1770,WAYB,BAH,YNB+CSM+2% glucose,37,15,min,CAC,WAY_BP19
B1822,#16,DMSO,matched,,1,B1774,WAYB,CEK,YNB+CSM+2% glucose,37,15,min,CAC,WAY_BP19
B1824,#16,DMSO,matched,,1,B1776,WAYB,DHY210,YNB+CSM+2% glucose,37,15,min,CAC,WAY_BP19
B1839,#2,DMSO,matched,,1,B1864,WAYB,CGD,YNB+CSM+2% glucose,37,30,min,WAH,WAY_BP20
B1840,#10,DMSO,matched,,1,B1864,WAYB,CGD,YNB+CSM+2% glucose,37,30,min,WAH,WAY_BP20
B1841,#2,DMSO,matched,,1,B1866,WAYB,BAH,YNB+CSM+2% glucose,37,30,min,WAH,WAY_BP20
B1842,#10,DMSO,matched,,1,B1866,WAYB,BAH,YNB+CSM+2% glucose,37,30,min,WAH,WAY_BP20
B1845,#2,DMSO,matched,,1,B1870,WAYB,CEK,YNB+CSM+2% glucose,37,30,min,WAH,WAY_BP20
B1846,#10,DMSO,matched,,1,B1870,WAYB,CEK,YNB+CSM+2% glucose,37,30,min,WAH,WAY_BP20
B1847,#2,DMSO,matched,,1,B1872,WAYB,DHY210,YNB+CSM+2% glucose,37,30,min,WAH,WAY_BP20
B1848,#10,DMSO,matched,,1,B1872,WAYB,DHY210,YNB+CSM+2% glucose,37,30,min,WAH,WAY_BP20
B1875,#5,Water,matched,,1,B1827,WAYB,CGD,YNB+CSM+2% glucose,37,30,min,WAH,WAY_BP20
B1876,#13,Water,matched,,1,B1827,WAYB,CGD,YNB+CSM+2% glucose,37,30,min,WAH,WAY_BP20
B1877,#5,Water,matched,,1,B1829,WAYB,BAH,YNB+CSM+2% glucose,37,30,min,WAH,WAY_BP20
B1878,#13,Water,matched,,1,B1829,WAYB,BAH,YNB+CSM+2% glucose,37,30,min,WAH,WAY_BP20
B1881,#5,Water,matched,,1,B1833,WAYB,CEK,YNB+CSM+2% glucose,37,30,min,WAH,WAY_BP20
B1882,#13,Water,matched,,1,B1833,WAYB,CEK,YNB+CSM+2% glucose,37,30,min,WAH,WAY_BP20
B1883,#5,Water,matched,,1,B1835,WAYB,DHY210,YNB+CSM+2% glucose,37,30,min,WAH,WAY_BP20
B1884,#13,Water,matched,,1,B1835,WAYB,DHY210,YNB+CSM+2% glucose,37,30,min,WAH,WAY_BP20
B1887,#6,DMSO,matched,,1,B1864,WAYB,CGD,YNB+CSM+2% glucose,37,30,min,WAH,WAY_BP20
B1889,#6,DMSO,matched,,1,B1866,WAYB,BAH,YNB+CSM+2% glucose,37,30,min,WAH,WAY_BP20
B1893,#6,DMSO,matched,,1,B1870,WAYB,CEK,YNB+CSM+2% glucose,37,30,min,WAH,WAY_BP20
B1895,#6,DMSO,matched,,1,B1872,WAYB,DHY210,YNB+CSM+2% glucose,37,30,min,WAH,WAY_BP20
B1899,#7,Water,matched,,1,B1827,WAYB,CGD,YNB+CSM+2% glucose,37,30,min,WAH,WAY_BP20
B1900,#15,Water,matched,,1,B1827,WAYB,CGD,YNB+CSM+2% glucose,37,30,min,WAH,WAY_BP20
B1901,#7,Water,matched,,1,B1829,WAYB,BAH,YNB+CSM+2% glucose,37,30,min,WAH,WAY_BP20
B1902,#15,Water,matched,,1,B1829,WAYB,BAH,YNB+CSM+2% glucose,37,30,min,WAH,WAY_BP20
B1905,#7,Water,matched,,1,B1833,WAYB,CEK,YNB+CSM+2% glucose,37,30,min,WAH,WAY_BP20
B1906,#15,Water,matched,,1,B1833,WAYB,CEK,YNB+CSM+2% glucose,37,30,min,WAH,WAY_BP20
B1907,#7,Water,matched,,1,B1835,WAYB,DHY210,YNB+CSM+2% glucose,37,30,min,WAH,WAY_BP20
B1908,#15,Water,matched,,1,B1835,WAYB,DHY210,YNB+CSM+2% glucose,37,30,min,WAH,WAY_BP20
B1912,#16,DMSO,matched,,1,B1864,WAYB,CGD,YNB+CSM+2% glucose,37,30,min,WAH,WAY_BP20
B1914,#16,DMSO,matched,,1,B1866,WAYB,BAH,YNB+CSM+2% glucose,37,30,min,WAH,WAY_BP20
B1918,#16,DMSO,matched,,1,B1870,WAYB,CEK,YNB+CSM+2% glucose,37,30,min,WAH,WAY_BP20
B1920,#16,DMSO,matched,,1,B1872,WAYB,DHY210,YNB+CSM+2% glucose,37,30,min,WAH,WAY_BP20
B1935,#2,DMSO,matched,,1,B1960,WAYB,CGD,YNB+CSM+2% glucose,37,60,min,WAH,WAY_BP21
B1936,#10,DMSO,matched,,1,B1960,WAYB,CGD,YNB+CSM+2% glucose,37,60,min,WAH,WAY_BP21
B1937,#2,DMSO,matched,,1,B1962,WAYB,BAH,YNB+CSM+2% glucose,37,60,min,WAH,WAY_BP21
B1938,#10,DMSO,matched,,1,B1962,WAYB,BAH,YNB+CSM+2% glucose,37,60,min,WAH,WAY_BP21
B1941,#2,DMSO,matched,,1,B1966,WAYB,CEK,YNB+CSM+2% glucose,37,60,min,WAH,WAY_BP21
B1942,#10,DMSO,matched,,1,B1966,WAYB,CEK,YNB+CSM+2% glucose,37,60,min,WAH,WAY_BP21
B1943,#2,DMSO,matched,,1,B1968,WAYB,DHY210,YNB+CSM+2% glucose,37,60,min,WAH,WAY_BP21
B1944,#10,DMSO,matched,,1,B1968,WAYB,DHY210,YNB+CSM+2% glucose,37,60,min,WAH,WAY_BP21
B1972,#13,Water,matched,,1,B1923,WAYB,CGD,YNB+CSM+2% glucose,37,60,min,WAH,WAY_BP21
B1973,#5,Water,matched,,1,B1925,WAYB,BAH,YNB+CSM+2% glucose,37,60,min,WAH,WAY_BP21
B1974,#13,Water,matched,,1,B1925,WAYB,BAH,YNB+CSM+2% glucose,37,60,min,WAH,WAY_BP21
B1977,#5,Water,matched,,1,B1929,WAYB,CEK,YNB+CSM+2% glucose,37,60,min,WAH,WAY_BP21
B1978,#13,Water,matched,,1,B1929,WAYB,CEK,YNB+CSM+2% glucose,37,60,min,WAH,WAY_BP21
B1979,#5,Water,matched,,1,B1931,WAYB,DHY210,YNB+CSM+2% glucose,37,60,min,WAH,WAY_BP21
B1980,#13,Water,matched,,1,B1931,WAYB,DHY210,YNB+CSM+2% glucose,37,60,min,WAH,WAY_BP21
B1985,#6,DMSO,matched,,1,B1962,WAYB,BAH,YNB+CSM+2% glucose,37,60,min,WAH,WAY_BP21
B1989,#6,DMSO,matched,,1,B1966,WAYB,CEK,YNB+CSM+2% glucose,37,60,min,WAH,WAY_BP21
B1991,#6,DMSO,matched,,1,B1968,WAYB,DHY210,YNB+CSM+2% glucose,37,60,min,WAH,WAY_BP21
B1995,#7,Water,matched,,1,B1923,WAYB,CGD,YNB+CSM+2% glucose,37,60,min,WAH,WAY_BP21
B1996,#15,Water,matched,,1,B1923,WAYB,CGD,YNB+CSM+2% glucose,37,60,min,WAH,WAY_BP21
B1997,#7,Water,matched,,1,B1925,WAYB,BAH,YNB+CSM+2% glucose,37,60,min,WAH,WAY_BP21
B1998,#15,Water,matched,,1,B1925,WAYB,BAH,YNB+CSM+2% glucose,37,60,min,WAH,WAY_BP21
B2001,#7,Water,matched,,1,B1929,WAYB,CEK,YNB+CSM+2% glucose,37,60,min,WAH,WAY_BP21
B2002,#15,Water,matched,,1,B1929,WAYB,CEK,YNB+CSM+2% glucose,37,60,min,WAH,WAY_BP21
B2003,#7,Water,matched,,1,B1931,WAYB,DHY210,YNB+CSM+2% glucose,37,60,min,WAH,WAY_BP21
B2004,#15,Water,matched,,1,B1931,WAYB,DHY210,YNB+CSM+2% glucose,37,60,min,WAH,WAY_BP21
B2008,#16,DMSO,matched,,1,B1960,WAYB,CGD,YNB+CSM+2% glucose,37,60,min,WAH,WAY_BP21
B2010,#16,DMSO,matched,,1,B1962,WAYB,BAH,YNB+CSM+2% glucose,37,60,min,WAH,WAY_BP21
B2014,#16,DMSO,matched,,1,B1966,WAYB,CEK,YNB+CSM+2% glucose,37,60,min,WAH,WAY_BP21
B2016,#16,DMSO,matched,,1,B1968,WAYB,DHY210,YNB+CSM+2% glucose,37,60,min,WAH,WAY_BP21
B2031,#2,DMSO,matched,,1,B2056,WAYB,CGD,YNB+CSM+2% glucose,37,90,min,CAA,WAY_BP22
B2033,#2,DMSO,matched,,1,B2058,WAYB,BAH,YNB+CSM+2% glucose,37,90,min,CAA,WAY_BP22
B2034,#10,DMSO,matched,,1,B2058,WAYB,BAH,YNB+CSM+2% glucose,37,90,min,CAA,WAY_BP22
B2037,#2,DMSO,matched,,1,B2062,WAYB,CEK,YNB+CSM+2% glucose,37,90,min,CAA,WAY_BP22
B2038,#10,DMSO,matched,,1,B2062,WAYB,CEK,YNB+CSM+2% glucose,37,90,min,CAA,WAY_BP22
B2039,#2,DMSO,matched,,1,B2064,WAYB,DHY210,YNB+CSM+2% glucose,37,90,min,CAA,WAY_BP22
B2040,#10,DMSO,matched,,1,B2064,WAYB,DHY210,YNB+CSM+2% glucose,37,90,min,CAA,WAY_BP22
B2067,#5,Water,matched,,1,B2019,WAYB,CGD,YNB+CSM+2% glucose,37,90,min,CAA,WAY_BP22
B2068,#13,Water,matched,,1,B2019,WAYB,CGD,YNB+CSM+2% glucose,37,90,min,CAA,WAY_BP22
B2069,#5,Water,matched,,1,B2021,WAYB,BAH,YNB+CSM+2% glucose,37,90,min,CAA,WAY_BP22
B2070,#13,Water,matched,,1,B2021,WAYB,BAH,YNB+CSM+2% glucose,37,90,min,CAA,WAY_BP22
B2073,#5,Water,matched,,1,B2025,WAYB,CEK,YNB+CSM+2% glucose,37,90,min,CAA,WAY_BP22
B2074,#13,Water,matched,,1,B2025,WAYB,CEK,YNB+CSM+2% glucose,37,90,min,CAA,WAY_BP22
B2075,#5,Water,matched,,1,B2027,WAYB,DHY210,YNB+CSM+2% glucose,37,90,min,CAA,WAY_BP22
B2076,#13,Water,matched,,1,B2027,WAYB,DHY210,YNB+CSM+2% glucose,37,90,min,CAA,WAY_BP22
B2079,#6,DMSO,matched,,1,B2056,WAYB,CGD,YNB+CSM+2% glucose,37,90,min,CAA,WAY_BP22
B2081,#6,DMSO,matched,,1,B2058,WAYB,BAH,YNB+CSM+2% glucose,37,90,min,CAA,WAY_BP22
B2085,#6,DMSO,matched,,1,B2062,WAYB,CEK,YNB+CSM+2% glucose,37,90,min,CAA,WAY_BP22
B2087,#6,DMSO,matched,,1,B2064,WAYB,DHY210,YNB+CSM+2% glucose,37,90,min,CAA,WAY_BP22
B2091,#7,Water,matched,,1,B2019,WAYB,CGD,YNB+CSM+2% glucose,37,90,min,CAA,WAY_BP22
B2093,#7,Water,matched,,1,B2021,WAYB,BAH,YNB+CSM+2% glucose,37,90,min,CAA,WAY_BP22
B2094,#15,Water,matched,,1,B2021,WAYB,BAH,YNB+CSM+2% glucose,37,90,min,CAA,WAY_BP22
B2097,#7,Water,matched,,1,B2025,WAYB,CEK,YNB+CSM+2% glucose,37,90,min,CAA,WAY_BP22
B2098,#15,Water,matched,,1,B2025,WAYB,CEK,YNB+CSM+2% glucose,37,90,min,CAA,WAY_BP22
B2099,#7,Water,matched,,1,B2027,WAYB,DHY210,YNB+CSM+2% glucose,37,90,min,CAA,WAY_BP22
B2100,#15,Water,matched,,1,B2027,WAYB,DHY210,YNB+CSM+2% glucose,37,90,min,CAA,WAY_BP22
B2104,#16,DMSO,matched,,1,B2056,WAYB,CGD,YNB+CSM+2% glucose,37,90,min,CAA,WAY_BP22
B2106,#16,DMSO,matched,,1,B2058,WAYB,BAH,YNB+CSM+2% glucose,37,90,min,CAA,WAY_BP22
B2110,#16,DMSO,matched,,1,B2062,WAYB,CEK,YNB+CSM+2% glucose,37,90,min,CAA,WAY_BP22
B2112,#16,DMSO,matched,,1,B2064,WAYB,DHY210,YNB+CSM+2% glucose,37,90,min,CAA,WAY_BP22
B2127,#2,DMSO,matched,,1,B2152,WAYB,CGD,YNB+CSM+2% glucose,37,120,min,O,WAY_BP23
B2128,#10,DMSO,matched,,1,B2152,WAYB,CGD,YNB+CSM+2% glucose,37,120,min,O,WAY_BP23
B2129,#2,DMSO,matched,,1,B2154,WAYB,BAH,YNB+CSM+2% glucose,37,120,min,O,WAY_BP23
B2130,#10,DMSO,matched,,1,B2154,WAYB,BAH,YNB+CSM+2% glucose,37,120,min,O,WAY_BP23
B2133,#2,DMSO,matched,,1,B2158,WAYB,CEK,YNB+CSM+2% glucose,37,120,min,O,WAY_BP23
B2134,#10,DMSO,matched,,1,B2158,WAYB,CEK,YNB+CSM+2% glucose,37,120,min,O,WAY_BP23
B2135,#2,DMSO,matched,,1,B2160,WAYB,DHY210,YNB+CSM+2% glucose,37,120,min,O,WAY_BP23
B2136,#10,DMSO,matched,,1,B2160,WAYB,DHY210,YNB+CSM+2% glucose,37,120,min,O,WAY_BP23
B2163,#5,Water,matched,,1,B2115,WAYB,CGD,YNB+CSM+2% glucose,37,120,min,O,WAY_BP23
B2165,#5,Water,matched,,1,B2117,WAYB,BAH,YNB+CSM+2% glucose,37,120,min,O,WAY_BP23
B2166,#13,Water,matched,,1,B2117,WAYB,BAH,YNB+CSM+2% glucose,37,120,min,O,WAY_BP23
B2169,#5,Water,matched,,1,B2121,WAYB,CEK,YNB+CSM+2% glucose,37,120,min,O,WAY_BP23
B2170,#13,Water,matched,,1,B2121,WAYB,CEK,YNB+CSM+2% glucose,37,120,min,O,WAY_BP23
B2171,#5,Water,matched,,1,B2123,WAYB,DHY210,YNB+CSM+2% glucose,37,120,min,O,WAY_BP23
B2172,#13,Water,matched,,1,B2123,WAYB,DHY210,YNB+CSM+2% glucose,37,120,min,O,WAY_BP23
B2175,#6,DMSO,matched,,1,B2152,WAYB,CGD,YNB+CSM+2% glucose,37,120,min,O,WAY_BP23
B2177,#6,DMSO,matched,,1,B2154,WAYB,BAH,YNB+CSM+2% glucose,37,120,min,O,WAY_BP23
B2181,#6,DMSO,matched,,1,B2158,WAYB,CEK,YNB+CSM+2% glucose,37,120,min,O,WAY_BP23
B2183,#6,DMSO,matched,,1,B2160,WAYB,DHY210,YNB+CSM+2% glucose,37,120,min,O,WAY_BP23
B2187,#7,Water,matched,,1,B2115,WAYB,CGD,YNB+CSM+2% glucose,37,120,min,O,WAY_BP23
B2188,#15,Water,matched,,1,B2115,WAYB,CGD,YNB+CSM+2% glucose,37,120,min,O,WAY_BP23
B2189,#7,Water,matched,,1,B2117,WAYB,BAH,YNB+CSM+2% glucose,37,120,min,O,WAY_BP23
B2190,#15,Water,matched,,1,B2117,WAYB,BAH,YNB+CSM+2% glucose,37,120,min,O,WAY_BP23
B2193,#7,Water,matched,,1,B2121,WAYB,CEK,YNB+CSM+2% glucose,37,120,min,O,WAY_BP23
B2194,#15,Water,matched,,1,B2121,WAYB,CEK,YNB+CSM+2% glucose,37,120,min,O,WAY_BP23
B2195,#7,Water,matched,,1,B2123,WAYB,DHY210,YNB+CSM+2% glucose,37,120,min,O,WAY_BP23
B2196,#15,Water,matched,,1,B2123,WAYB,DHY210,YNB+CSM+2% glucose,37,120,min,O,WAY_BP23
B2200,#16,DMSO,matched,,1,B2152,WAYB,CGD,YNB+CSM+2% glucose,37,120,min,O,WAY_BP23
B2202,#16,DMSO,matched,,1,B2154,WAYB,BAH,YNB+CSM+2% glucose,37,120,min,O,WAY_BP23
B2206,#16,DMSO,matched,,1,B2158,WAYB,CEK,YNB+CSM+2% glucose,37,120,min,O,WAY_BP23
B2208,#16,DMSO,matched,,1,B2160,WAYB,DHY210,YNB+CSM+2% glucose,37,120,min,O,WAY_BP23
B2223,#2,DMSO,matched,,1,B2248,WAYB,CGD,YNB+CSM+2% glucose,37,240,min,CAC,WAY_BP24
B2224,#10,DMSO,matched,,1,B2248,WAYB,CGD,YNB+CSM+2% glucose,37,240,min,CAC,WAY_BP24
B2225,#2,DMSO,matched,,1,B2250,WAYB,BAH,YNB+CSM+2% glucose,37,240,min,CAC,WAY_BP24
B2226,#10,DMSO,matched,,1,B2250,WAYB,BAH,YNB+CSM+2% glucose,37,240,min,CAC,WAY_BP24
B2229,#2,DMSO,matched,,1,B2254,WAYB,CEK,YNB+CSM+2% glucose,37,240,min,CAC,WAY_BP24
B2230,#10,DMSO,matched,,1,B2254,WAYB,CEK,YNB+CSM+2% glucose,37,240,min,CAC,WAY_BP24
B2231,#2,DMSO,matched,,1,B2256,WAYB,DHY210,YNB+CSM+2% glucose,37,240,min,CAC,WAY_BP24
B2232,#10,DMSO,matched,,1,B2256,WAYB,DHY210,YNB+CSM+2% glucose,37,240,min,CAC,WAY_BP24
B2259,#5,Water,unmatched_huber_only,no_exact_requested_solvent_control,0,,WAYB,CGD,YNB+CSM+2% glucose,37,240,min,CAC,WAY_BP24
B2260,#13,Water,unmatched_huber_only,no_exact_requested_solvent_control,0,,WAYB,CGD,YNB+CSM+2% glucose,37,240,min,CAC,WAY_BP24
B2262,#13,Water,matched,,1,B2213,WAYB,BAH,YNB+CSM+2% glucose,37,240,min,CAC,WAY_BP24
B2265,#5,Water,matched,,1,B2217,WAYB,CEK,YNB+CSM+2% glucose,37,240,min,CAC,WAY_BP24
B2266,#13,Water,matched,,1,B2217,WAYB,CEK,YNB+CSM+2% glucose,37,240,min,CAC,WAY_BP24
B2267,#5,Water,matched,,1,B2219,WAYB,DHY210,YNB+CSM+2% glucose,37,240,min,CAC,WAY_BP24
B2268,#13,Water,matched,,1,B2219,WAYB,DHY210,YNB+CSM+2% glucose,37,240,min,CAC,WAY_BP24
B2271,#6,DMSO,matched,,1,B2248,WAYB,CGD,YNB+CSM+2% glucose,37,240,min,CAC,WAY_BP24
B2273,#6,DMSO,matched,,1,B2250,WAYB,BAH,YNB+CSM+2% glucose,37,240,min,CAC,WAY_BP24
B2277,#6,DMSO,matched,,1,B2254,WAYB,CEK,YNB+CSM+2% glucose,37,240,min,CAC,WAY_BP24
B2279,#6,DMSO,matched,,1,B2256,WAYB,DHY210,YNB+CSM+2% glucose,37,240,min,CAC,WAY_BP24
B2283,#7,Water,unmatched_huber_only,no_exact_requested_solvent_control,0,,WAYB,CGD,YNB+CSM+2% glucose,37,240,min,CAC,WAY_BP24
B2284,#15,Water,unmatched_huber_only,no_exact_requested_solvent_control,0,,WAYB,CGD,YNB+CSM+2% glucose,37,240,min,CAC,WAY_BP24
B2285,#7,Water,matched,,1,B2213,WAYB,BAH,YNB+CSM+2% glucose,37,240,min,CAC,WAY_BP24
B2286,#15,Water,matched,,1,B2213,WAYB,BAH,YNB+CSM+2% glucose,37,240,min,CAC,WAY_BP24
B2289,#7,Water,matched,,1,B2217,WAYB,CEK,YNB+CSM+2% glucose,37,240,min,CAC,WAY_BP24
B2290,#15,Water,matched,,1,B2217,WAYB,CEK,YNB+CSM+2% glucose,37,240,min,CAC,WAY_BP24
B2291,#7,Water,matched,,1,B2219,WAYB,DHY210,YNB+CSM+2% glucose,37,240,min,CAC,WAY_BP24
B2292,#15,Water,matched,,1,B2219,WAYB,DHY210,YNB+CSM+2% glucose,37,240,min,CAC,WAY_BP24
B2296,#16,DMSO,matched,,1,B2248,WAYB,CGD,YNB+CSM+2% glucose,37,240,min,CAC,WAY_BP24
B2298,#16,DMSO,matched,,1,B2250,WAYB,BAH,YNB+CSM+2% glucose,37,240,min,CAC,WAY_BP24
B2302,#16,DMSO,matched,,1,B2254,WAYB,CEK,YNB+CSM+2% glucose,37,240,min,CAC,WAY_BP24
B2304,#16,DMSO,matched,,1,B2256,WAYB,DHY210,YNB+CSM+2% glucose,37,240,min,CAC,WAY_BP24
B1-207,#2,DMSO,matched,,1,B1-232,WAYB_rep1,CGD,YNB+CSM+2% glucose,30,60,min,QE2,WAY_B-1_P3
B1-208,#10,DMSO,matched,,1,B1-232,WAYB_rep1,CGD,YNB+CSM+2% glucose,30,60,min,QE2,WAY_B-1_P3
B1-209,#2,DMSO,matched,,1,B1-234,WAYB_rep1,BAH,YNB+CSM+2% glucose,30,60,min,QE2,WAY_B-1_P3
B1-210,#10,DMSO,matched,,1,B1-234,WAYB_rep1,BAH,YNB+CSM+2% glucose,30,60,min,QE2,WAY_B-1_P3
B1-213,#2,DMSO,matched,,1,B1-238,WAYB_rep1,CEK,YNB+CSM+2% glucose,30,60,min,QE2,WAY_B-1_P3
B1-214,#10,DMSO,matched,,1,B1-238,WAYB_rep1,CEK,YNB+CSM+2% glucose,30,60,min,QE2,WAY_B-1_P3
B1-215,#2,DMSO,matched,,1,B1-240,WAYB_rep1,DHY210,YNB+CSM+2% glucose,30,60,min,QE2,WAY_B-1_P3
B1-216,#10,DMSO,matched,,1,B1-240,WAYB_rep1,DHY210,YNB+CSM+2% glucose,30,60,min,QE2,WAY_B-1_P3
B1-243,#5,Water,matched,,1,B1-195,WAYB_rep1,CGD,YNB+CSM+2% glucose,30,60,min,QE2,WAY_B-1_P3
B1-244,#13,Water,matched,,1,B1-195,WAYB_rep1,CGD,YNB+CSM+2% glucose,30,60,min,QE2,WAY_B-1_P3
B1-245,#5,Water,matched,,1,B1-197,WAYB_rep1,BAH,YNB+CSM+2% glucose,30,60,min,QE2,WAY_B-1_P3
B1-246,#13,Water,matched,,1,B1-197,WAYB_rep1,BAH,YNB+CSM+2% glucose,30,60,min,QE2,WAY_B-1_P3
B1-249,#5,Water,matched,,1,B1-201,WAYB_rep1,CEK,YNB+CSM+2% glucose,30,60,min,QE2,WAY_B-1_P3
B1-250,#13,Water,matched,,1,B1-201,WAYB_rep1,CEK,YNB+CSM+2% glucose,30,60,min,QE2,WAY_B-1_P3
B1-251,#5,Water,matched,,1,B1-203,WAYB_rep1,DHY210,YNB+CSM+2% glucose,30,60,min,QE2,WAY_B-1_P3
B1-252,#13,Water,matched,,1,B1-203,WAYB_rep1,DHY210,YNB+CSM+2% glucose,30,60,min,QE2,WAY_B-1_P3
B1-255,#6,DMSO,matched,,1,B1-232,WAYB_rep1,CGD,YNB+CSM+2% glucose,30,60,min,QE2,WAY_B-1_P3
B1-257,#6,DMSO,matched,,1,B1-234,WAYB_rep1,BAH,YNB+CSM+2% glucose,30,60,min,QE2,WAY_B-1_P3
B1-261,#6,DMSO,matched,,1,B1-238,WAYB_rep1,CEK,YNB+CSM+2% glucose,30,60,min,QE2,WAY_B-1_P3
B1-263,#6,DMSO,matched,,1,B1-240,WAYB_rep1,DHY210,YNB+CSM+2% glucose,30,60,min,QE2,WAY_B-1_P3
B1-267,#7,Water,matched,,1,B1-195,WAYB_rep1,CGD,YNB+CSM+2% glucose,30,60,min,QE2,WAY_B-1_P3
B1-268,#15,Water,matched,,1,B1-195,WAYB_rep1,CGD,YNB+CSM+2% glucose,30,60,min,QE2,WAY_B-1_P3
B1-269,#7,Water,matched,,1,B1-197,WAYB_rep1,BAH,YNB+CSM+2% glucose,30,60,min,QE2,WAY_B-1_P3
B1-270,#15,Water,matched,,1,B1-197,WAYB_rep1,BAH,YNB+CSM+2% glucose,30,60,min,QE2,WAY_B-1_P3
B1-274,#15,Water,matched,,1,B1-201,WAYB_rep1,CEK,YNB+CSM+2% glucose,30,60,min,QE2,WAY_B-1_P3
B1-275,#7,Water,matched,,1,B1-203,WAYB_rep1,DHY210,YNB+CSM+2% glucose,30,60,min,QE2,WAY_B-1_P3
B1-276,#15,Water,matched,,1,B1-203,WAYB_rep1,DHY210,YNB+CSM+2% glucose,30,60,min,QE2,WAY_B-1_P3
B1-280,#16,DMSO,matched,,1,B1-232,WAYB_rep1,CGD,YNB+CSM+2% glucose,30,60,min,QE2,WAY_B-1_P3
B1-282,#16,DMSO,matched,,1,B1-234,WAYB_rep1,BAH,YNB+CSM+2% glucose,30,60,min,QE2,WAY_B-1_P3
B1-286,#16,DMSO,matched,,1,B1-238,WAYB_rep1,CEK,YNB+CSM+2% glucose,30,60,min,QE2,WAY_B-1_P3
B1-288,#16,DMSO,matched,,1,B1-240,WAYB_rep1,DHY210,YNB+CSM+2% glucose,30,60,min,QE2,WAY_B-1_P3
B1-495,#2,DMSO,matched,,1,B1-520,WAYB_rep1,CGD,YNB+CSM+2% glucose,30,240,min,QE2,WAY_B-1_P6
B1-496,#10,DMSO,matched,,1,B1-520,WAYB_rep1,CGD,YNB+CSM+2% glucose,30,240,min,QE2,WAY_B-1_P6
B1-497,#2,DMSO,matched,,1,B1-522,WAYB_rep1,BAH,YNB+CSM+2% glucose,30,240,min,QE2,WAY_B-1_P6
B1-498,#10,DMSO,matched,,1,B1-522,WAYB_rep1,BAH,YNB+CSM+2% glucose,30,240,min,QE2,WAY_B-1_P6
B1-501,#2,DMSO,matched,,1,B1-526,WAYB_rep1,CEK,YNB+CSM+2% glucose,30,240,min,QE2,WAY_B-1_P6
B1-502,#10,DMSO,matched,,1,B1-526,WAYB_rep1,CEK,YNB+CSM+2% glucose,30,240,min,QE2,WAY_B-1_P6
B1-503,#2,DMSO,matched,,1,B1-528,WAYB_rep1,DHY210,YNB+CSM+2% glucose,30,240,min,QE2,WAY_B-1_P6
B1-504,#10,DMSO,matched,,1,B1-528,WAYB_rep1,DHY210,YNB+CSM+2% glucose,30,240,min,QE2,WAY_B-1_P6
B1-532,#13,Water,matched,,1,B1-483,WAYB_rep1,CGD,YNB+CSM+2% glucose,30,240,min,QE2,WAY_B-1_P6
B1-534,#13,Water,matched,,1,B1-485,WAYB_rep1,BAH,YNB+CSM+2% glucose,30,240,min,QE2,WAY_B-1_P6
B1-537,#5,Water,matched,,1,B1-489,WAYB_rep1,CEK,YNB+CSM+2% glucose,30,240,min,QE2,WAY_B-1_P6
B1-538,#13,Water,matched,,1,B1-489,WAYB_rep1,CEK,YNB+CSM+2% glucose,30,240,min,QE2,WAY_B-1_P6
B1-539,#5,Water,matched,,1,B1-491,WAYB_rep1,DHY210,YNB+CSM+2% glucose,30,240,min,QE2,WAY_B-1_P6
B1-540,#13,Water,matched,,1,B1-491,WAYB_rep1,DHY210,YNB+CSM+2% glucose,30,240,min,QE2,WAY_B-1_P6
B1-543,#6,DMSO,matched,,1,B1-520,WAYB_rep1,CGD,YNB+CSM+2% glucose,30,240,min,QE2,WAY_B-1_P6
B1-545,#6,DMSO,matched,,1,B1-522,WAYB_rep1,BAH,YNB+CSM+2% glucose,30,240,min,QE2,WAY_B-1_P6
B1-549,#6,DMSO,matched,,1,B1-526,WAYB_rep1,CEK,YNB+CSM+2% glucose,30,240,min,QE2,WAY_B-1_P6
B1-551,#6,DMSO,matched,,1,B1-528,WAYB_rep1,DHY210,YNB+CSM+2% glucose,30,240,min,QE2,WAY_B-1_P6
B1-555,#7,Water,matched,,1,B1-483,WAYB_rep1,CGD,YNB+CSM+2% glucose,30,240,min,QE2,WAY_B-1_P6
B1-556,#15,Water,matched,,1,B1-483,WAYB_rep1,CGD,YNB+CSM+2% glucose,30,240,min,QE2,WAY_B-1_P6
B1-557,#7,Water,matched,,1,B1-485,WAYB_rep1,BAH,YNB+CSM+2% glucose,30,240,min,QE2,WAY_B-1_P6
B1-558,#15,Water,matched,,1,B1-485,WAYB_rep1,BAH,YNB+CSM+2% glucose,30,240,min,QE2,WAY_B-1_P6
B1-561,#7,Water,matched,,1,B1-489,WAYB_rep1,CEK,YNB+CSM+2% glucose,30,240,min,QE2,WAY_B-1_P6
B1-562,#15,Water,matched,,1,B1-489,WAYB_rep1,CEK,YNB+CSM+2% glucose,30,240,min,QE2,WAY_B-1_P6
B1-563,#7,Water,matched,,1,B1-491,WAYB_rep1,DHY210,YNB+CSM+2% glucose,30,240,min,QE2,WAY_B-1_P6
B1-564,#15,Water,matched,,1,B1-491,WAYB_rep1,DHY210,YNB+CSM+2% glucose,30,240,min,QE2,WAY_B-1_P6
B1-568,#16,DMSO,matched,,1,B1-520,WAYB_rep1,CGD,YNB+CSM+2% glucose,30,240,min,QE2,WAY_B-1_P6
B1-570,#16,DMSO,matched,,1,B1-522,WAYB_rep1,BAH,YNB+CSM+2% glucose,30,240,min,QE2,WAY_B-1_P6
B1-574,#16,DMSO,matched,,1,B1-526,WAYB_rep1,CEK,YNB+CSM+2% glucose,30,240,min,QE2,WAY_B-1_P6
B1-576,#16,DMSO,matched,,1,B1-528,WAYB_rep1,DHY210,YNB+CSM+2% glucose,30,240,min,QE2,WAY_B-1_P6
B1-687,#2,DMSO,matched,,1,B1-712,WAYB_rep1,CGD,YNB+CSM+2% galactose,30,30,min,CAB,WAY_B-1_P8
B1-688,#10,DMSO,matched,,1,B1-712,WAYB_rep1,CGD,YNB+CSM+2% galactose,30,30,min,CAB,WAY_B-1_P8
B1-689,#2,DMSO,matched,,1,B1-714,WAYB_rep1,BAH,YNB+CSM+2% galactose,30,30,min,CAB,WAY_B-1_P8
B1-690,#10,DMSO,matched,,1,B1-714,WAYB_rep1,BAH,YNB+CSM+2% galactose,30,30,min,CAB,WAY_B-1_P8
B1-693,#2,DMSO,matched,,1,B1-718,WAYB_rep1,CEK,YNB+CSM+2% galactose,30,30,min,CAB,WAY_B-1_P8
B1-695,#2,DMSO,matched,,1,B1-720,WAYB_rep1,DHY210,YNB+CSM+2% galactose,30,30,min,CAB,WAY_B-1_P8
B1-696,#10,DMSO,matched,,1,B1-720,WAYB_rep1,DHY210,YNB+CSM+2% galactose,30,30,min,CAB,WAY_B-1_P8
B1-723,#5,Water,matched,,1,B1-675,WAYB_rep1,CGD,YNB+CSM+2% galactose,30,30,min,CAB,WAY_B-1_P8
B1-724,#13,Water,matched,,1,B1-675,WAYB_rep1,CGD,YNB+CSM+2% galactose,30,30,min,CAB,WAY_B-1_P8
B1-725,#5,Water,unmatched_huber_only,no_exact_requested_solvent_control,0,,WAYB_rep1,BAH,YNB+CSM+2% galactose,30,30,min,CAB,WAY_B-1_P8
B1-726,#13,Water,unmatched_huber_only,no_exact_requested_solvent_control,0,,WAYB_rep1,BAH,YNB+CSM+2% galactose,30,30,min,CAB,WAY_B-1_P8
B1-729,#5,Water,matched,,1,B1-681,WAYB_rep1,CEK,YNB+CSM+2% galactose,30,30,min,CAB,WAY_B-1_P8
B1-730,#13,Water,matched,,1,B1-681,WAYB_rep1,CEK,YNB+CSM+2% galactose,30,30,min,CAB,WAY_B-1_P8
B1-731,#5,Water,matched,,1,B1-683,WAYB_rep1,DHY210,YNB+CSM+2% galactose,30,30,min,CAB,WAY_B-1_P8
B1-732,#13,Water,matched,,1,B1-683,WAYB_rep1,DHY210,YNB+CSM+2% galactose,30,30,min,CAB,WAY_B-1_P8
B1-735,#6,DMSO,matched,,1,B1-712,WAYB_rep1,CGD,YNB+CSM+2% galactose,30,30,min,CAB,WAY_B-1_P8
B1-737,#6,DMSO,matched,,1,B1-714,WAYB_rep1,BAH,YNB+CSM+2% galactose,30,30,min,CAB,WAY_B-1_P8
B1-741,#6,DMSO,matched,,1,B1-718,WAYB_rep1,CEK,YNB+CSM+2% galactose,30,30,min,CAB,WAY_B-1_P8
B1-743,#6,DMSO,matched,,1,B1-720,WAYB_rep1,DHY210,YNB+CSM+2% galactose,30,30,min,CAB,WAY_B-1_P8
B1-747,#7,Water,matched,,1,B1-675,WAYB_rep1,CGD,YNB+CSM+2% galactose,30,30,min,CAB,WAY_B-1_P8
B1-748,#15,Water,matched,,1,B1-675,WAYB_rep1,CGD,YNB+CSM+2% galactose,30,30,min,CAB,WAY_B-1_P8
B1-749,#7,Water,unmatched_huber_only,no_exact_requested_solvent_control,0,,WAYB_rep1,BAH,YNB+CSM+2% galactose,30,30,min,CAB,WAY_B-1_P8
B1-750,#15,Water,unmatched_huber_only,no_exact_requested_solvent_control,0,,WAYB_rep1,BAH,YNB+CSM+2% galactose,30,30,min,CAB,WAY_B-1_P8
B1-753,#7,Water,matched,,1,B1-681,WAYB_rep1,CEK,YNB+CSM+2% galactose,30,30,min,CAB,WAY_B-1_P8
B1-754,#15,Water,matched,,1,B1-681,WAYB_rep1,CEK,YNB+CSM+2% galactose,30,30,min,CAB,WAY_B-1_P8
B1-755,#7,Water,matched,,1,B1-683,WAYB_rep1,DHY210,YNB+CSM+2% galactose,30,30,min,CAB,WAY_B-1_P8
B1-756,#15,Water,matched,,1,B1-683,WAYB_rep1,DHY210,YNB+CSM+2% galactose,30,30,min,CAB,WAY_B-1_P8
B1-760,#16,DMSO,matched,,1,B1-712,WAYB_rep1,CGD,YNB+CSM+2% galactose,30,30,min,CAB,WAY_B-1_P8
B1-762,#16,DMSO,matched,,1,B1-714,WAYB_rep1,BAH,YNB+CSM+2% galactose,30,30,min,CAB,WAY_B-1_P8
B1-766,#16,DMSO,matched,,1,B1-718,WAYB_rep1,CEK,YNB+CSM+2% galactose,30,30,min,CAB,WAY_B-1_P8
B1-768,#16,DMSO,matched,,1,B1-720,WAYB_rep1,DHY210,YNB+CSM+2% galactose,30,30,min,CAB,WAY_B-1_P8
B1-783,#2,DMSO,matched,,1,B1-808,WAYB_rep1,CGD,YNB+CSM+2% galactose,30,60,min,QE2,WAY_B-1_P9
B1-784,#10,DMSO,matched,,1,B1-808,WAYB_rep1,CGD,YNB+CSM+2% galactose,30,60,min,QE2,WAY_B-1_P9
B1-785,#2,DMSO,matched,,1,B1-810,WAYB_rep1,BAH,YNB+CSM+2% galactose,30,60,min,QE2,WAY_B-1_P9
B1-786,#10,DMSO,matched,,1,B1-810,WAYB_rep1,BAH,YNB+CSM+2% galactose,30,60,min,QE2,WAY_B-1_P9
B1-789,#2,DMSO,matched,,1,B1-814,WAYB_rep1,CEK,YNB+CSM+2% galactose,30,60,min,QE2,WAY_B-1_P9
B1-790,#10,DMSO,matched,,1,B1-814,WAYB_rep1,CEK,YNB+CSM+2% galactose,30,60,min,QE2,WAY_B-1_P9
B1-792,#10,DMSO,matched,,1,B1-816,WAYB_rep1,DHY210,YNB+CSM+2% galactose,30,60,min,QE2,WAY_B-1_P9
B1-819,#5,Water,matched,,1,B1-771,WAYB_rep1,CGD,YNB+CSM+2% galactose,30,60,min,QE2,WAY_B-1_P9
B1-820,#13,Water,matched,,1,B1-771,WAYB_rep1,CGD,YNB+CSM+2% galactose,30,60,min,QE2,WAY_B-1_P9
B1-821,#5,Water,matched,,1,B1-773,WAYB_rep1,BAH,YNB+CSM+2% galactose,30,60,min,QE2,WAY_B-1_P9
B1-822,#13,Water,matched,,1,B1-773,WAYB_rep1,BAH,YNB+CSM+2% galactose,30,60,min,QE2,WAY_B-1_P9
B1-826,#13,Water,unmatched_huber_only,no_exact_requested_solvent_control,0,,WAYB_rep1,CEK,YNB+CSM+2% galactose,30,60,min,QE2,WAY_B-1_P9
B1-827,#5,Water,matched,,1,B1-779,WAYB_rep1,DHY210,YNB+CSM+2% galactose,30,60,min,QE2,WAY_B-1_P9
B1-828,#13,Water,matched,,1,B1-779,WAYB_rep1,DHY210,YNB+CSM+2% galactose,30,60,min,QE2,WAY_B-1_P9
B1-831,#6,DMSO,matched,,1,B1-808,WAYB_rep1,CGD,YNB+CSM+2% galactose,30,60,min,QE2,WAY_B-1_P9
B1-833,#6,DMSO,matched,,1,B1-810,WAYB_rep1,BAH,YNB+CSM+2% galactose,30,60,min,QE2,WAY_B-1_P9
B1-837,#6,DMSO,matched,,1,B1-814,WAYB_rep1,CEK,YNB+CSM+2% galactose,30,60,min,QE2,WAY_B-1_P9
B1-839,#6,DMSO,matched,,1,B1-816,WAYB_rep1,DHY210,YNB+CSM+2% galactose,30,60,min,QE2,WAY_B-1_P9
B1-843,#7,Water,matched,,1,B1-771,WAYB_rep1,CGD,YNB+CSM+2% galactose,30,60,min,QE2,WAY_B-1_P9
B1-844,#15,Water,matched,,1,B1-771,WAYB_rep1,CGD,YNB+CSM+2% galactose,30,60,min,QE2,WAY_B-1_P9
B1-845,#7,Water,matched,,1,B1-773,WAYB_rep1,BAH,YNB+CSM+2% galactose,30,60,min,QE2,WAY_B-1_P9
B1-846,#15,Water,matched,,1,B1-773,WAYB_rep1,BAH,YNB+CSM+2% galactose,30,60,min,QE2,WAY_B-1_P9
B1-850,#15,Water,unmatched_huber_only,no_exact_requested_solvent_control,0,,WAYB_rep1,CEK,YNB+CSM+2% galactose,30,60,min,QE2,WAY_B-1_P9
B1-851,#7,Water,matched,,1,B1-779,WAYB_rep1,DHY210,YNB+CSM+2% galactose,30,60,min,QE2,WAY_B-1_P9
B1-852,#15,Water,matched,,1,B1-779,WAYB_rep1,DHY210,YNB+CSM+2% galactose,30,60,min,QE2,WAY_B-1_P9
B1-856,#16,DMSO,matched,,1,B1-808,WAYB_rep1,CGD,YNB+CSM+2% galactose,30,60,min,QE2,WAY_B-1_P9
B1-858,#16,DMSO,matched,,1,B1-810,WAYB_rep1,BAH,YNB+CSM+2% galactose,30,60,min,QE2,WAY_B-1_P9
B1-862,#16,DMSO,matched,,1,B1-814,WAYB_rep1,CEK,YNB+CSM+2% galactose,30,60,min,QE2,WAY_B-1_P9
B1-882,#10,DMSO,matched,,1,B1-906,WAYB_rep1,BAH,YNB+CSM+2% galactose,30,90,min,QE1,WAY_B-1_P10
B1-885,#2,DMSO,matched,,1,B1-910,WAYB_rep1,CEK,YNB+CSM+2% galactose,30,90,min,QE1,WAY_B-1_P10
B1-886,#10,DMSO,matched,,1,B1-910,WAYB_rep1,CEK,YNB+CSM+2% galactose,30,90,min,QE1,WAY_B-1_P10
B1-887,#2,DMSO,matched,,1,B1-912,WAYB_rep1,DHY210,YNB+CSM+2% galactose,30,90,min,QE1,WAY_B-1_P10
B1-888,#10,DMSO,matched,,1,B1-912,WAYB_rep1,DHY210,YNB+CSM+2% galactose,30,90,min,QE1,WAY_B-1_P10
B1-918,#13,Water,unmatched_huber_only,no_exact_requested_solvent_control,0,,WAYB_rep1,BAH,YNB+CSM+2% galactose,30,90,min,QE1,WAY_B-1_P10
B1-921,#5,Water,unmatched_huber_only,no_exact_requested_solvent_control,0,,WAYB_rep1,CEK,YNB+CSM+2% galactose,30,90,min,QE1,WAY_B-1_P10
B1-922,#13,Water,unmatched_huber_only,no_exact_requested_solvent_control,0,,WAYB_rep1,CEK,YNB+CSM+2% galactose,30,90,min,QE1,WAY_B-1_P10
B1-923,#5,Water,unmatched_huber_only,no_exact_requested_solvent_control,0,,WAYB_rep1,DHY210,YNB+CSM+2% galactose,30,90,min,QE1,WAY_B-1_P10
B1-933,#6,DMSO,matched,,1,B1-910,WAYB_rep1,CEK,YNB+CSM+2% galactose,30,90,min,QE1,WAY_B-1_P10
B1-935,#6,DMSO,matched,,1,B1-912,WAYB_rep1,DHY210,YNB+CSM+2% galactose,30,90,min,QE1,WAY_B-1_P10
B1-942,#15,Water,unmatched_huber_only,no_exact_requested_solvent_control,0,,WAYB_rep1,BAH,YNB+CSM+2% galactose,30,90,min,QE1,WAY_B-1_P10
B1-945,#7,Water,unmatched_huber_only,no_exact_requested_solvent_control,0,,WAYB_rep1,CEK,YNB+CSM+2% galactose,30,90,min,QE1,WAY_B-1_P10
B1-946,#15,Water,unmatched_huber_only,no_exact_requested_solvent_control,0,,WAYB_rep1,CEK,YNB+CSM+2% galactose,30,90,min,QE1,WAY_B-1_P10
B1-947,#7,Water,unmatched_huber_only,no_exact_requested_solvent_control,0,,WAYB_rep1,DHY210,YNB+CSM+2% galactose,30,90,min,QE1,WAY_B-1_P10
B1-948,#15,Water,unmatched_huber_only,no_exact_requested_solvent_control,0,,WAYB_rep1,DHY210,YNB+CSM+2% galactose,30,90,min,QE1,WAY_B-1_P10
B1-954,#16,DMSO,matched,,1,B1-906,WAYB_rep1,BAH,YNB+CSM+2% galactose,30,90,min,QE1,WAY_B-1_P10
B1-958,#16,DMSO,matched,,1,B1-910,WAYB_rep1,CEK,YNB+CSM+2% galactose,30,90,min,QE1,WAY_B-1_P10
B1-960,#16,DMSO,matched,,1,B1-912,WAYB_rep1,DHY210,YNB+CSM+2% galactose,30,90,min,QE1,WAY_B-1_P10
B1-975,#2,DMSO,matched,,1,B1-1000,WAYB_rep1,CGD,YNB+CSM+2% galactose,30,120,min,CAB,WAY_B-1_P11
B1-976,#10,DMSO,matched,,1,B1-1000,WAYB_rep1,CGD,YNB+CSM+2% galactose,30,120,min,CAB,WAY_B-1_P11
B1-977,#2,DMSO,matched,,1,B1-1002,WAYB_rep1,BAH,YNB+CSM+2% galactose,30,120,min,CAB,WAY_B-1_P11
B1-978,#10,DMSO,matched,,1,B1-1002,WAYB_rep1,BAH,YNB+CSM+2% galactose,30,120,min,CAB,WAY_B-1_P11
B1-981,#2,DMSO,matched,,1,B1-1006,WAYB_rep1,CEK,YNB+CSM+2% galactose,30,120,min,CAB,WAY_B-1_P11
B1-982,#10,DMSO,matched,,1,B1-1006,WAYB_rep1,CEK,YNB+CSM+2% galactose,30,120,min,CAB,WAY_B-1_P11
B1-983,#2,DMSO,matched,,1,B1-1008,WAYB_rep1,DHY210,YNB+CSM+2% galactose,30,120,min,CAB,WAY_B-1_P11
B1-984,#10,DMSO,matched,,1,B1-1008,WAYB_rep1,DHY210,YNB+CSM+2% galactose,30,120,min,CAB,WAY_B-1_P11
B1-1011,#5,Water,matched,,1,B1-963,WAYB_rep1,CGD,YNB+CSM+2% galactose,30,120,min,CAB,WAY_B-1_P11
B1-1012,#13,Water,matched,,1,B1-963,WAYB_rep1,CGD,YNB+CSM+2% galactose,30,120,min,CAB,WAY_B-1_P11
B1-1013,#5,Water,matched,,1,B1-965,WAYB_rep1,BAH,YNB+CSM+2% galactose,30,120,min,CAB,WAY_B-1_P11
B1-1014,#13,Water,matched,,1,B1-965,WAYB_rep1,BAH,YNB+CSM+2% galactose,30,120,min,CAB,WAY_B-1_P11
B1-1017,#5,Water,matched,,1,B1-969,WAYB_rep1,CEK,YNB+CSM+2% galactose,30,120,min,CAB,WAY_B-1_P11
B1-1018,#13,Water,matched,,1,B1-969,WAYB_rep1,CEK,YNB+CSM+2% galactose,30,120,min,CAB,WAY_B-1_P11
B1-1019,#5,Water,matched,,1,B1-971,WAYB_rep1,DHY210,YNB+CSM+2% galactose,30,120,min,CAB,WAY_B-1_P11
B1-1020,#13,Water,matched,,1,B1-971,WAYB_rep1,DHY210,YNB+CSM+2% galactose,30,120,min,CAB,WAY_B-1_P11
B1-1025,#6,DMSO,matched,,1,B1-1002,WAYB_rep1,BAH,YNB+CSM+2% galactose,30,120,min,CAB,WAY_B-1_P11
B1-1029,#6,DMSO,matched,,1,B1-1006,WAYB_rep1,CEK,YNB+CSM+2% galactose,30,120,min,CAB,WAY_B-1_P11
B1-1031,#6,DMSO,matched,,1,B1-1008,WAYB_rep1,DHY210,YNB+CSM+2% galactose,30,120,min,CAB,WAY_B-1_P11
B1-1035,#7,Water,matched,,1,B1-963,WAYB_rep1,CGD,YNB+CSM+2% galactose,30,120,min,CAB,WAY_B-1_P11
B1-1036,#15,Water,matched,,1,B1-963,WAYB_rep1,CGD,YNB+CSM+2% galactose,30,120,min,CAB,WAY_B-1_P11
B1-1037,#7,Water,matched,,1,B1-965,WAYB_rep1,BAH,YNB+CSM+2% galactose,30,120,min,CAB,WAY_B-1_P11
B1-1041,#7,Water,matched,,1,B1-969,WAYB_rep1,CEK,YNB+CSM+2% galactose,30,120,min,CAB,WAY_B-1_P11
B1-1042,#15,Water,matched,,1,B1-969,WAYB_rep1,CEK,YNB+CSM+2% galactose,30,120,min,CAB,WAY_B-1_P11
B1-1043,#7,Water,matched,,1,B1-971,WAYB_rep1,DHY210,YNB+CSM+2% galactose,30,120,min,CAB,WAY_B-1_P11
B1-1044,#15,Water,matched,,1,B1-971,WAYB_rep1,DHY210,YNB+CSM+2% galactose,30,120,min,CAB,WAY_B-1_P11
B1-1048,#16,DMSO,matched,,1,B1-1000,WAYB_rep1,CGD,YNB+CSM+2% galactose,30,120,min,CAB,WAY_B-1_P11
B1-1050,#16,DMSO,matched,,1,B1-1002,WAYB_rep1,BAH,YNB+CSM+2% galactose,30,120,min,CAB,WAY_B-1_P11
B1-1054,#16,DMSO,matched,,1,B1-1006,WAYB_rep1,CEK,YNB+CSM+2% galactose,30,120,min,CAB,WAY_B-1_P11
B1-1056,#16,DMSO,matched,,1,B1-1008,WAYB_rep1,DHY210,YNB+CSM+2% galactose,30,120,min,CAB,WAY_B-1_P11
B1-1071,#2,DMSO,matched,,1,B1-1096,WAYB_rep1,CGD,YNB+CSM+2% galactose,30,240,min,QE2,WAY_B-1_P12
B1-1072,#10,DMSO,matched,,1,B1-1096,WAYB_rep1,CGD,YNB+CSM+2% galactose,30,240,min,QE2,WAY_B-1_P12
B1-1073,#2,DMSO,matched,,1,B1-1098,WAYB_rep1,BAH,YNB+CSM+2% galactose,30,240,min,QE2,WAY_B-1_P12
B1-1078,#10,DMSO,matched,,1,B1-1102,WAYB_rep1,CEK,YNB+CSM+2% galactose,30,240,min,QE2,WAY_B-1_P12
B1-1079,#2,DMSO,matched,,1,B1-1104,WAYB_rep1,DHY210,YNB+CSM+2% galactose,30,240,min,QE2,WAY_B-1_P12
B1-1080,#10,DMSO,matched,,1,B1-1104,WAYB_rep1,DHY210,YNB+CSM+2% galactose,30,240,min,QE2,WAY_B-1_P12
B1-1107,#5,Water,matched,,1,B1-1059,WAYB_rep1,CGD,YNB+CSM+2% galactose,30,240,min,QE2,WAY_B-1_P12
B1-1108,#13,Water,matched,,1,B1-1059,WAYB_rep1,CGD,YNB+CSM+2% galactose,30,240,min,QE2,WAY_B-1_P12
B1-1109,#5,Water,matched,,1,B1-1061,WAYB_rep1,BAH,YNB+CSM+2% galactose,30,240,min,QE2,WAY_B-1_P12
B1-1110,#13,Water,matched,,1,B1-1061,WAYB_rep1,BAH,YNB+CSM+2% galactose,30,240,min,QE2,WAY_B-1_P12
B1-1113,#5,Water,matched,,1,B1-1065,WAYB_rep1,CEK,YNB+CSM+2% galactose,30,240,min,QE2,WAY_B-1_P12
B1-1114,#13,Water,matched,,1,B1-1065,WAYB_rep1,CEK,YNB+CSM+2% galactose,30,240,min,QE2,WAY_B-1_P12
B1-1115,#5,Water,matched,,1,B1-1067,WAYB_rep1,DHY210,YNB+CSM+2% galactose,30,240,min,QE2,WAY_B-1_P12
B1-1116,#13,Water,matched,,1,B1-1067,WAYB_rep1,DHY210,YNB+CSM+2% galactose,30,240,min,QE2,WAY_B-1_P12
B1-1119,#6,DMSO,matched,,1,B1-1096,WAYB_rep1,CGD,YNB+CSM+2% galactose,30,240,min,QE2,WAY_B-1_P12
B1-1121,#6,DMSO,matched,,1,B1-1098,WAYB_rep1,BAH,YNB+CSM+2% galactose,30,240,min,QE2,WAY_B-1_P12
B1-1125,#6,DMSO,matched,,1,B1-1102,WAYB_rep1,CEK,YNB+CSM+2% galactose,30,240,min,QE2,WAY_B-1_P12
B1-1127,#6,DMSO,matched,,1,B1-1104,WAYB_rep1,DHY210,YNB+CSM+2% galactose,30,240,min,QE2,WAY_B-1_P12
B1-1131,#7,Water,matched,,1,B1-1059,WAYB_rep1,CGD,YNB+CSM+2% galactose,30,240,min,QE2,WAY_B-1_P12
B1-1132,#15,Water,matched,,1,B1-1059,WAYB_rep1,CGD,YNB+CSM+2% galactose,30,240,min,QE2,WAY_B-1_P12
B1-1133,#7,Water,matched,,1,B1-1061,WAYB_rep1,BAH,YNB+CSM+2% galactose,30,240,min,QE2,WAY_B-1_P12
B1-1134,#15,Water,matched,,1,B1-1061,WAYB_rep1,BAH,YNB+CSM+2% galactose,30,240,min,QE2,WAY_B-1_P12
B1-1137,#7,Water,matched,,1,B1-1065,WAYB_rep1,CEK,YNB+CSM+2% galactose,30,240,min,QE2,WAY_B-1_P12
B1-1138,#15,Water,matched,,1,B1-1065,WAYB_rep1,CEK,YNB+CSM+2% galactose,30,240,min,QE2,WAY_B-1_P12
B1-1140,#15,Water,matched,,1,B1-1067,WAYB_rep1,DHY210,YNB+CSM+2% galactose,30,240,min,QE2,WAY_B-1_P12
B1-1144,#16,DMSO,matched,,1,B1-1096,WAYB_rep1,CGD,YNB+CSM+2% galactose,30,240,min,QE2,WAY_B-1_P12
B1-1146,#16,DMSO,matched,,1,B1-1098,WAYB_rep1,BAH,YNB+CSM+2% galactose,30,240,min,QE2,WAY_B-1_P12
B1-1152,#16,DMSO,matched,,1,B1-1104,WAYB_rep1,DHY210,YNB+CSM+2% galactose,30,240,min,QE2,WAY_B-1_P12
B1-1167,#2,DMSO,matched,,1,B1-1192,WAYB_rep1,CGD,YNB+CSM+2% glucose,37,15,min,QE1,WAY_B-1_P13
B1-1168,#10,DMSO,matched,,1,B1-1192,WAYB_rep1,CGD,YNB+CSM+2% glucose,37,15,min,QE1,WAY_B-1_P13
B1-1169,#2,DMSO,matched,,1,B1-1194,WAYB_rep1,BAH,YNB+CSM+2% glucose,37,15,min,QE1,WAY_B-1_P13
B1-1170,#10,DMSO,matched,,1,B1-1194,WAYB_rep1,BAH,YNB+CSM+2% glucose,37,15,min,QE1,WAY_B-1_P13
B1-1173,#2,DMSO,matched,,1,B1-1198,WAYB_rep1,CEK,YNB+CSM+2% glucose,37,15,min,QE1,WAY_B-1_P13
B1-1174,#10,DMSO,matched,,1,B1-1198,WAYB_rep1,CEK,YNB+CSM+2% glucose,37,15,min,QE1,WAY_B-1_P13
B1-1175,#2,DMSO,matched,,1,B1-1200,WAYB_rep1,DHY210,YNB+CSM+2% glucose,37,15,min,QE1,WAY_B-1_P13
B1-1176,#10,DMSO,matched,,1,B1-1200,WAYB_rep1,DHY210,YNB+CSM+2% glucose,37,15,min,QE1,WAY_B-1_P13
B1-1203,#5,Water,matched,,1,B1-1155,WAYB_rep1,CGD,YNB+CSM+2% glucose,37,15,min,QE1,WAY_B-1_P13
B1-1204,#13,Water,matched,,1,B1-1155,WAYB_rep1,CGD,YNB+CSM+2% glucose,37,15,min,QE1,WAY_B-1_P13
B1-1205,#5,Water,matched,,1,B1-1157,WAYB_rep1,BAH,YNB+CSM+2% glucose,37,15,min,QE1,WAY_B-1_P13
B1-1206,#13,Water,matched,,1,B1-1157,WAYB_rep1,BAH,YNB+CSM+2% glucose,37,15,min,QE1,WAY_B-1_P13
B1-1209,#5,Water,matched,,1,B1-1161,WAYB_rep1,CEK,YNB+CSM+2% glucose,37,15,min,QE1,WAY_B-1_P13
B1-1210,#13,Water,matched,,1,B1-1161,WAYB_rep1,CEK,YNB+CSM+2% glucose,37,15,min,QE1,WAY_B-1_P13
B1-1211,#5,Water,matched,,1,B1-1163,WAYB_rep1,DHY210,YNB+CSM+2% glucose,37,15,min,QE1,WAY_B-1_P13
B1-1212,#13,Water,matched,,1,B1-1163,WAYB_rep1,DHY210,YNB+CSM+2% glucose,37,15,min,QE1,WAY_B-1_P13
B1-1215,#6,DMSO,matched,,1,B1-1192,WAYB_rep1,CGD,YNB+CSM+2% glucose,37,15,min,QE1,WAY_B-1_P13
B1-1217,#6,DMSO,matched,,1,B1-1194,WAYB_rep1,BAH,YNB+CSM+2% glucose,37,15,min,QE1,WAY_B-1_P13
B1-1221,#6,DMSO,matched,,1,B1-1198,WAYB_rep1,CEK,YNB+CSM+2% glucose,37,15,min,QE1,WAY_B-1_P13
B1-1223,#6,DMSO,matched,,1,B1-1200,WAYB_rep1,DHY210,YNB+CSM+2% glucose,37,15,min,QE1,WAY_B-1_P13
B1-1227,#7,Water,matched,,1,B1-1155,WAYB_rep1,CGD,YNB+CSM+2% glucose,37,15,min,QE1,WAY_B-1_P13
B1-1228,#15,Water,matched,,1,B1-1155,WAYB_rep1,CGD,YNB+CSM+2% glucose,37,15,min,QE1,WAY_B-1_P13
B1-1229,#7,Water,matched,,1,B1-1157,WAYB_rep1,BAH,YNB+CSM+2% glucose,37,15,min,QE1,WAY_B-1_P13
B1-1230,#15,Water,matched,,1,B1-1157,WAYB_rep1,BAH,YNB+CSM+2% glucose,37,15,min,QE1,WAY_B-1_P13
B1-1233,#7,Water,matched,,1,B1-1161,WAYB_rep1,CEK,YNB+CSM+2% glucose,37,15,min,QE1,WAY_B-1_P13
B1-1234,#15,Water,matched,,1,B1-1161,WAYB_rep1,CEK,YNB+CSM+2% glucose,37,15,min,QE1,WAY_B-1_P13
B1-1235,#7,Water,matched,,1,B1-1163,WAYB_rep1,DHY210,YNB+CSM+2% glucose,37,15,min,QE1,WAY_B-1_P13
B1-1236,#15,Water,matched,,1,B1-1163,WAYB_rep1,DHY210,YNB+CSM+2% glucose,37,15,min,QE1,WAY_B-1_P13
B1-1240,#16,DMSO,matched,,1,B1-1192,WAYB_rep1,CGD,YNB+CSM+2% glucose,37,15,min,QE1,WAY_B-1_P13
B1-1242,#16,DMSO,matched,,1,B1-1194,WAYB_rep1,BAH,YNB+CSM+2% glucose,37,15,min,QE1,WAY_B-1_P13
B1-1246,#16,DMSO,matched,,1,B1-1198,WAYB_rep1,CEK,YNB+CSM+2% glucose,37,15,min,QE1,WAY_B-1_P13
B1-1248,#16,DMSO,matched,,1,B1-1200,WAYB_rep1,DHY210,YNB+CSM+2% glucose,37,15,min,QE1,WAY_B-1_P13
B1-1263,#2,DMSO,matched,,1,B1-1288,WAYB_rep1,CGD,YNB+CSM+2% glucose,37,30,min,CAB,WAY_B-1_P14
B1-1264,#10,DMSO,matched,,1,B1-1288,WAYB_rep1,CGD,YNB+CSM+2% glucose,37,30,min,CAB,WAY_B-1_P14
B1-1266,#10,DMSO,matched,,1,B1-1290,WAYB_rep1,BAH,YNB+CSM+2% glucose,37,30,min,CAB,WAY_B-1_P14
B1-1269,#2,DMSO,matched,,1,B1-1294,WAYB_rep1,CEK,YNB+CSM+2% glucose,37,30,min,CAB,WAY_B-1_P14
B1-1270,#10,DMSO,matched,,1,B1-1294,WAYB_rep1,CEK,YNB+CSM+2% glucose,37,30,min,CAB,WAY_B-1_P14
B1-1271,#2,DMSO,matched,,1,B1-1296,WAYB_rep1,DHY210,YNB+CSM+2% glucose,37,30,min,CAB,WAY_B-1_P14
B1-1272,#10,DMSO,matched,,1,B1-1296,WAYB_rep1,DHY210,YNB+CSM+2% glucose,37,30,min,CAB,WAY_B-1_P14
B1-1299,#5,Water,unmatched_huber_only,no_exact_requested_solvent_control,0,,WAYB_rep1,CGD,YNB+CSM+2% glucose,37,30,min,CAB,WAY_B-1_P14
B1-1300,#13,Water,unmatched_huber_only,no_exact_requested_solvent_control,0,,WAYB_rep1,CGD,YNB+CSM+2% glucose,37,30,min,CAB,WAY_B-1_P14
B1-1301,#5,Water,matched,,1,B1-1253,WAYB_rep1,BAH,YNB+CSM+2% glucose,37,30,min,CAB,WAY_B-1_P14
B1-1302,#13,Water,matched,,1,B1-1253,WAYB_rep1,BAH,YNB+CSM+2% glucose,37,30,min,CAB,WAY_B-1_P14
B1-1306,#13,Water,matched,,1,B1-1257,WAYB_rep1,CEK,YNB+CSM+2% glucose,37,30,min,CAB,WAY_B-1_P14
B1-1307,#5,Water,matched,,1,B1-1259,WAYB_rep1,DHY210,YNB+CSM+2% glucose,37,30,min,CAB,WAY_B-1_P14
B1-1308,#13,Water,matched,,1,B1-1259,WAYB_rep1,DHY210,YNB+CSM+2% glucose,37,30,min,CAB,WAY_B-1_P14
B1-1311,#6,DMSO,matched,,1,B1-1288,WAYB_rep1,CGD,YNB+CSM+2% glucose,37,30,min,CAB,WAY_B-1_P14
B1-1313,#6,DMSO,matched,,1,B1-1290,WAYB_rep1,BAH,YNB+CSM+2% glucose,37,30,min,CAB,WAY_B-1_P14
B1-1317,#6,DMSO,matched,,1,B1-1294,WAYB_rep1,CEK,YNB+CSM+2% glucose,37,30,min,CAB,WAY_B-1_P14
B1-1319,#6,DMSO,matched,,1,B1-1296,WAYB_rep1,DHY210,YNB+CSM+2% glucose,37,30,min,CAB,WAY_B-1_P14
B1-1323,#7,Water,unmatched_huber_only,no_exact_requested_solvent_control,0,,WAYB_rep1,CGD,YNB+CSM+2% glucose,37,30,min,CAB,WAY_B-1_P14
B1-1324,#15,Water,unmatched_huber_only,no_exact_requested_solvent_control,0,,WAYB_rep1,CGD,YNB+CSM+2% glucose,37,30,min,CAB,WAY_B-1_P14
B1-1326,#15,Water,matched,,1,B1-1253,WAYB_rep1,BAH,YNB+CSM+2% glucose,37,30,min,CAB,WAY_B-1_P14
B1-1329,#7,Water,matched,,1,B1-1257,WAYB_rep1,CEK,YNB+CSM+2% glucose,37,30,min,CAB,WAY_B-1_P14
B1-1330,#15,Water,matched,,1,B1-1257,WAYB_rep1,CEK,YNB+CSM+2% glucose,37,30,min,CAB,WAY_B-1_P14
B1-1331,#7,Water,matched,,1,B1-1259,WAYB_rep1,DHY210,YNB+CSM+2% glucose,37,30,min,CAB,WAY_B-1_P14
B1-1332,#15,Water,matched,,1,B1-1259,WAYB_rep1,DHY210,YNB+CSM+2% glucose,37,30,min,CAB,WAY_B-1_P14
B1-1336,#16,DMSO,matched,,1,B1-1288,WAYB_rep1,CGD,YNB+CSM+2% glucose,37,30,min,CAB,WAY_B-1_P14
B1-1342,#16,DMSO,matched,,1,B1-1294,WAYB_rep1,CEK,YNB+CSM+2% glucose,37,30,min,CAB,WAY_B-1_P14
B1-1344,#16,DMSO,matched,,1,B1-1296,WAYB_rep1,DHY210,YNB+CSM+2% glucose,37,30,min,CAB,WAY_B-1_P14
B1-1359,#2,DMSO,matched,,1,B1-1384,WAYB_rep1,CGD,YNB+CSM+2% glucose,37,60,min,QE2,WAY_B-1_P15
B1-1360,#10,DMSO,matched,,1,B1-1384,WAYB_rep1,CGD,YNB+CSM+2% glucose,37,60,min,QE2,WAY_B-1_P15
B1-1361,#2,DMSO,matched,,1,B1-1386,WAYB_rep1,BAH,YNB+CSM+2% glucose,37,60,min,QE2,WAY_B-1_P15
B1-1362,#10,DMSO,matched,,1,B1-1386,WAYB_rep1,BAH,YNB+CSM+2% glucose,37,60,min,QE2,WAY_B-1_P15
B1-1365,#2,DMSO,matched,,1,B1-1390,WAYB_rep1,CEK,YNB+CSM+2% glucose,37,60,min,QE2,WAY_B-1_P15
B1-1366,#10,DMSO,matched,,1,B1-1390,WAYB_rep1,CEK,YNB+CSM+2% glucose,37,60,min,QE2,WAY_B-1_P15
B1-1367,#2,DMSO,matched,,1,B1-1392,WAYB_rep1,DHY210,YNB+CSM+2% glucose,37,60,min,QE2,WAY_B-1_P15
B1-1368,#10,DMSO,matched,,1,B1-1392,WAYB_rep1,DHY210,YNB+CSM+2% glucose,37,60,min,QE2,WAY_B-1_P15
B1-1395,#5,Water,matched,,1,B1-1347,WAYB_rep1,CGD,YNB+CSM+2% glucose,37,60,min,QE2,WAY_B-1_P15
B1-1396,#13,Water,matched,,1,B1-1347,WAYB_rep1,CGD,YNB+CSM+2% glucose,37,60,min,QE2,WAY_B-1_P15
B1-1397,#5,Water,matched,,1,B1-1349,WAYB_rep1,BAH,YNB+CSM+2% glucose,37,60,min,QE2,WAY_B-1_P15
B1-1398,#13,Water,matched,,1,B1-1349,WAYB_rep1,BAH,YNB+CSM+2% glucose,37,60,min,QE2,WAY_B-1_P15
B1-1401,#5,Water,matched,,1,B1-1353,WAYB_rep1,CEK,YNB+CSM+2% glucose,37,60,min,QE2,WAY_B-1_P15
B1-1402,#13,Water,matched,,1,B1-1353,WAYB_rep1,CEK,YNB+CSM+2% glucose,37,60,min,QE2,WAY_B-1_P15
B1-1403,#5,Water,matched,,1,B1-1355,WAYB_rep1,DHY210,YNB+CSM+2% glucose,37,60,min,QE2,WAY_B-1_P15
B1-1404,#13,Water,matched,,1,B1-1355,WAYB_rep1,DHY210,YNB+CSM+2% glucose,37,60,min,QE2,WAY_B-1_P15
B1-1407,#6,DMSO,matched,,1,B1-1384,WAYB_rep1,CGD,YNB+CSM+2% glucose,37,60,min,QE2,WAY_B-1_P15
B1-1409,#6,DMSO,matched,,1,B1-1386,WAYB_rep1,BAH,YNB+CSM+2% glucose,37,60,min,QE2,WAY_B-1_P15
B1-1413,#6,DMSO,matched,,1,B1-1390,WAYB_rep1,CEK,YNB+CSM+2% glucose,37,60,min,QE2,WAY_B-1_P15
B1-1415,#6,DMSO,matched,,1,B1-1392,WAYB_rep1,DHY210,YNB+CSM+2% glucose,37,60,min,QE2,WAY_B-1_P15
B1-1419,#7,Water,matched,,1,B1-1347,WAYB_rep1,CGD,YNB+CSM+2% glucose,37,60,min,QE2,WAY_B-1_P15
B1-1420,#15,Water,matched,,1,B1-1347,WAYB_rep1,CGD,YNB+CSM+2% glucose,37,60,min,QE2,WAY_B-1_P15
B1-1421,#7,Water,matched,,1,B1-1349,WAYB_rep1,BAH,YNB+CSM+2% glucose,37,60,min,QE2,WAY_B-1_P15
B1-1422,#15,Water,matched,,1,B1-1349,WAYB_rep1,BAH,YNB+CSM+2% glucose,37,60,min,QE2,WAY_B-1_P15
B1-1425,#7,Water,matched,,1,B1-1353,WAYB_rep1,CEK,YNB+CSM+2% glucose,37,60,min,QE2,WAY_B-1_P15
B1-1426,#15,Water,matched,,1,B1-1353,WAYB_rep1,CEK,YNB+CSM+2% glucose,37,60,min,QE2,WAY_B-1_P15
B1-1427,#7,Water,matched,,1,B1-1355,WAYB_rep1,DHY210,YNB+CSM+2% glucose,37,60,min,QE2,WAY_B-1_P15
B1-1428,#15,Water,matched,,1,B1-1355,WAYB_rep1,DHY210,YNB+CSM+2% glucose,37,60,min,QE2,WAY_B-1_P15
B1-1432,#16,DMSO,matched,,1,B1-1384,WAYB_rep1,CGD,YNB+CSM+2% glucose,37,60,min,QE2,WAY_B-1_P15
B1-1434,#16,DMSO,matched,,1,B1-1386,WAYB_rep1,BAH,YNB+CSM+2% glucose,37,60,min,QE2,WAY_B-1_P15
B1-1438,#16,DMSO,matched,,1,B1-1390,WAYB_rep1,CEK,YNB+CSM+2% glucose,37,60,min,QE2,WAY_B-1_P15
B1-1440,#16,DMSO,matched,,1,B1-1392,WAYB_rep1,DHY210,YNB+CSM+2% glucose,37,60,min,QE2,WAY_B-1_P15
B1-1455,#2,DMSO,matched,,1,B1-1480,WAYB_rep1,CGD,YNB+CSM+2% glucose,37,90,min,QE1,WAY_B-1_P16
B1-1456,#10,DMSO,matched,,1,B1-1480,WAYB_rep1,CGD,YNB+CSM+2% glucose,37,90,min,QE1,WAY_B-1_P16
B1-1457,#2,DMSO,matched,,1,B1-1482,WAYB_rep1,BAH,YNB+CSM+2% glucose,37,90,min,QE1,WAY_B-1_P16
B1-1458,#10,DMSO,matched,,1,B1-1482,WAYB_rep1,BAH,YNB+CSM+2% glucose,37,90,min,QE1,WAY_B-1_P16
B1-1461,#2,DMSO,matched,,1,B1-1486,WAYB_rep1,CEK,YNB+CSM+2% glucose,37,90,min,QE1,WAY_B-1_P16
B1-1462,#10,DMSO,matched,,1,B1-1486,WAYB_rep1,CEK,YNB+CSM+2% glucose,37,90,min,QE1,WAY_B-1_P16
B1-1463,#2,DMSO,matched,,1,B1-1488,WAYB_rep1,DHY210,YNB+CSM+2% glucose,37,90,min,QE1,WAY_B-1_P16
B1-1464,#10,DMSO,matched,,1,B1-1488,WAYB_rep1,DHY210,YNB+CSM+2% glucose,37,90,min,QE1,WAY_B-1_P16
B1-1491,#5,Water,matched,,1,B1-1443,WAYB_rep1,CGD,YNB+CSM+2% glucose,37,90,min,QE1,WAY_B-1_P16
B1-1492,#13,Water,matched,,1,B1-1443,WAYB_rep1,CGD,YNB+CSM+2% glucose,37,90,min,QE1,WAY_B-1_P16
B1-1493,#5,Water,matched,,1,B1-1445,WAYB_rep1,BAH,YNB+CSM+2% glucose,37,90,min,QE1,WAY_B-1_P16
B1-1494,#13,Water,matched,,1,B1-1445,WAYB_rep1,BAH,YNB+CSM+2% glucose,37,90,min,QE1,WAY_B-1_P16
B1-1497,#5,Water,matched,,1,B1-1449,WAYB_rep1,CEK,YNB+CSM+2% glucose,37,90,min,QE1,WAY_B-1_P16
B1-1498,#13,Water,matched,,1,B1-1449,WAYB_rep1,CEK,YNB+CSM+2% glucose,37,90,min,QE1,WAY_B-1_P16
B1-1499,#5,Water,matched,,1,B1-1451,WAYB_rep1,DHY210,YNB+CSM+2% glucose,37,90,min,QE1,WAY_B-1_P16
B1-1500,#13,Water,matched,,1,B1-1451,WAYB_rep1,DHY210,YNB+CSM+2% glucose,37,90,min,QE1,WAY_B-1_P16
B1-1503,#6,DMSO,matched,,1,B1-1480,WAYB_rep1,CGD,YNB+CSM+2% glucose,37,90,min,QE1,WAY_B-1_P16
B1-1505,#6,DMSO,matched,,1,B1-1482,WAYB_rep1,BAH,YNB+CSM+2% glucose,37,90,min,QE1,WAY_B-1_P16
B1-1509,#6,DMSO,matched,,1,B1-1486,WAYB_rep1,CEK,YNB+CSM+2% glucose,37,90,min,QE1,WAY_B-1_P16
B1-1511,#6,DMSO,matched,,1,B1-1488,WAYB_rep1,DHY210,YNB+CSM+2% glucose,37,90,min,QE1,WAY_B-1_P16
B1-1516,#15,Water,matched,,1,B1-1443,WAYB_rep1,CGD,YNB+CSM+2% glucose,37,90,min,QE1,WAY_B-1_P16
B1-1517,#7,Water,matched,,1,B1-1445,WAYB_rep1,BAH,YNB+CSM+2% glucose,37,90,min,QE1,WAY_B-1_P16
B1-1518,#15,Water,matched,,1,B1-1445,WAYB_rep1,BAH,YNB+CSM+2% glucose,37,90,min,QE1,WAY_B-1_P16
B1-1521,#7,Water,matched,,1,B1-1449,WAYB_rep1,CEK,YNB+CSM+2% glucose,37,90,min,QE1,WAY_B-1_P16
B1-1522,#15,Water,matched,,1,B1-1449,WAYB_rep1,CEK,YNB+CSM+2% glucose,37,90,min,QE1,WAY_B-1_P16
B1-1523,#7,Water,matched,,1,B1-1451,WAYB_rep1,DHY210,YNB+CSM+2% glucose,37,90,min,QE1,WAY_B-1_P16
B1-1528,#16,DMSO,matched,,1,B1-1480,WAYB_rep1,CGD,YNB+CSM+2% glucose,37,90,min,QE1,WAY_B-1_P16
B1-1530,#16,DMSO,matched,,1,B1-1482,WAYB_rep1,BAH,YNB+CSM+2% glucose,37,90,min,QE1,WAY_B-1_P16
B1-1534,#16,DMSO,matched,,1,B1-1486,WAYB_rep1,CEK,YNB+CSM+2% glucose,37,90,min,QE1,WAY_B-1_P16
B1-1536,#16,DMSO,matched,,1,B1-1488,WAYB_rep1,DHY210,YNB+CSM+2% glucose,37,90,min,QE1,WAY_B-1_P16
B1-1551,#2,DMSO,matched,,1,B1-1576,WAYB_rep1,CGD,YNB+CSM+2% glucose,37,120,min,QE2,WAY_B-1_P17
B1-1552,#10,DMSO,matched,,1,B1-1576,WAYB_rep1,CGD,YNB+CSM+2% glucose,37,120,min,QE2,WAY_B-1_P17
B1-1553,#2,DMSO,matched,,1,B1-1578,WAYB_rep1,BAH,YNB+CSM+2% glucose,37,120,min,QE2,WAY_B-1_P17
B1-1554,#10,DMSO,matched,,1,B1-1578,WAYB_rep1,BAH,YNB+CSM+2% glucose,37,120,min,QE2,WAY_B-1_P17
B1-1557,#2,DMSO,matched,,1,B1-1582,WAYB_rep1,CEK,YNB+CSM+2% glucose,37,120,min,QE2,WAY_B-1_P17
B1-1558,#10,DMSO,matched,,1,B1-1582,WAYB_rep1,CEK,YNB+CSM+2% glucose,37,120,min,QE2,WAY_B-1_P17
B1-1559,#2,DMSO,matched,,1,B1-1584,WAYB_rep1,DHY210,YNB+CSM+2% glucose,37,120,min,QE2,WAY_B-1_P17
B1-1560,#10,DMSO,matched,,1,B1-1584,WAYB_rep1,DHY210,YNB+CSM+2% glucose,37,120,min,QE2,WAY_B-1_P17
B1-1587,#5,Water,matched,,1,B1-1539,WAYB_rep1,CGD,YNB+CSM+2% glucose,37,120,min,QE2,WAY_B-1_P17
B1-1588,#13,Water,matched,,1,B1-1539,WAYB_rep1,CGD,YNB+CSM+2% glucose,37,120,min,QE2,WAY_B-1_P17
B1-1589,#5,Water,matched,,1,B1-1541,WAYB_rep1,BAH,YNB+CSM+2% glucose,37,120,min,QE2,WAY_B-1_P17
B1-1590,#13,Water,matched,,1,B1-1541,WAYB_rep1,BAH,YNB+CSM+2% glucose,37,120,min,QE2,WAY_B-1_P17
B1-1593,#5,Water,matched,,1,B1-1545,WAYB_rep1,CEK,YNB+CSM+2% glucose,37,120,min,QE2,WAY_B-1_P17
B1-1594,#13,Water,matched,,1,B1-1545,WAYB_rep1,CEK,YNB+CSM+2% glucose,37,120,min,QE2,WAY_B-1_P17
B1-1595,#5,Water,matched,,1,B1-1547,WAYB_rep1,DHY210,YNB+CSM+2% glucose,37,120,min,QE2,WAY_B-1_P17
B1-1596,#13,Water,matched,,1,B1-1547,WAYB_rep1,DHY210,YNB+CSM+2% glucose,37,120,min,QE2,WAY_B-1_P17
B1-1599,#6,DMSO,matched,,1,B1-1576,WAYB_rep1,CGD,YNB+CSM+2% glucose,37,120,min,QE2,WAY_B-1_P17
B1-1601,#6,DMSO,matched,,1,B1-1578,WAYB_rep1,BAH,YNB+CSM+2% glucose,37,120,min,QE2,WAY_B-1_P17
B1-1605,#6,DMSO,matched,,1,B1-1582,WAYB_rep1,CEK,YNB+CSM+2% glucose,37,120,min,QE2,WAY_B-1_P17
B1-1607,#6,DMSO,matched,,1,B1-1584,WAYB_rep1,DHY210,YNB+CSM+2% glucose,37,120,min,QE2,WAY_B-1_P17
B1-1611,#7,Water,matched,,1,B1-1539,WAYB_rep1,CGD,YNB+CSM+2% glucose,37,120,min,QE2,WAY_B-1_P17
B1-1612,#15,Water,matched,,1,B1-1539,WAYB_rep1,CGD,YNB+CSM+2% glucose,37,120,min,QE2,WAY_B-1_P17
B1-1613,#7,Water,matched,,1,B1-1541,WAYB_rep1,BAH,YNB+CSM+2% glucose,37,120,min,QE2,WAY_B-1_P17
B1-1614,#15,Water,matched,,1,B1-1541,WAYB_rep1,BAH,YNB+CSM+2% glucose,37,120,min,QE2,WAY_B-1_P17
B1-1617,#7,Water,matched,,1,B1-1545,WAYB_rep1,CEK,YNB+CSM+2% glucose,37,120,min,QE2,WAY_B-1_P17
B1-1618,#15,Water,matched,,1,B1-1545,WAYB_rep1,CEK,YNB+CSM+2% glucose,37,120,min,QE2,WAY_B-1_P17
B1-1619,#7,Water,matched,,1,B1-1547,WAYB_rep1,DHY210,YNB+CSM+2% glucose,37,120,min,QE2,WAY_B-1_P17
B1-1620,#15,Water,matched,,1,B1-1547,WAYB_rep1,DHY210,YNB+CSM+2% glucose,37,120,min,QE2,WAY_B-1_P17
B1-1624,#16,DMSO,matched,,1,B1-1576,WAYB_rep1,CGD,YNB+CSM+2% glucose,37,120,min,QE2,WAY_B-1_P17
B1-1626,#16,DMSO,matched,,1,B1-1578,WAYB_rep1,BAH,YNB+CSM+2% glucose,37,120,min,QE2,WAY_B-1_P17
B1-1630,#16,DMSO,matched,,1,B1-1582,WAYB_rep1,CEK,YNB+CSM+2% glucose,37,120,min,QE2,WAY_B-1_P17
B1-1632,#16,DMSO,matched,,1,B1-1584,WAYB_rep1,DHY210,YNB+CSM+2% glucose,37,120,min,QE2,WAY_B-1_P17
B1-1647,#2,DMSO,matched,,1,B1-1672,WAYB_rep1,CGD,YNB+CSM+2% glucose,37,240,min,CAB,WAY_B-1_P18
B1-1648,#10,DMSO,matched,,1,B1-1672,WAYB_rep1,CGD,YNB+CSM+2% glucose,37,240,min,CAB,WAY_B-1_P18
B1-1649,#2,DMSO,matched,,1,B1-1674,WAYB_rep1,BAH,YNB+CSM+2% glucose,37,240,min,CAB,WAY_B-1_P18
B1-1650,#10,DMSO,matched,,1,B1-1674,WAYB_rep1,BAH,YNB+CSM+2% glucose,37,240,min,CAB,WAY_B-1_P18
B1-1653,#2,DMSO,matched,,1,B1-1678,WAYB_rep1,CEK,YNB+CSM+2% glucose,37,240,min,CAB,WAY_B-1_P18
B1-1654,#10,DMSO,matched,,1,B1-1678,WAYB_rep1,CEK,YNB+CSM+2% glucose,37,240,min,CAB,WAY_B-1_P18
B1-1655,#2,DMSO,matched,,1,B1-1680,WAYB_rep1,DHY210,YNB+CSM+2% glucose,37,240,min,CAB,WAY_B-1_P18
B1-1656,#10,DMSO,matched,,1,B1-1680,WAYB_rep1,DHY210,YNB+CSM+2% glucose,37,240,min,CAB,WAY_B-1_P18
B1-1683,#5,Water,matched,,1,B1-1635,WAYB_rep1,CGD,YNB+CSM+2% glucose,37,240,min,CAB,WAY_B-1_P18
B1-1684,#13,Water,matched,,1,B1-1635,WAYB_rep1,CGD,YNB+CSM+2% glucose,37,240,min,CAB,WAY_B-1_P18
B1-1685,#5,Water,matched,,1,B1-1637,WAYB_rep1,BAH,YNB+CSM+2% glucose,37,240,min,CAB,WAY_B-1_P18
B1-1686,#13,Water,matched,,1,B1-1637,WAYB_rep1,BAH,YNB+CSM+2% glucose,37,240,min,CAB,WAY_B-1_P18
B1-1689,#5,Water,matched,,1,B1-1641,WAYB_rep1,CEK,YNB+CSM+2% glucose,37,240,min,CAB,WAY_B-1_P18
B1-1690,#13,Water,matched,,1,B1-1641,WAYB_rep1,CEK,YNB+CSM+2% glucose,37,240,min,CAB,WAY_B-1_P18
B1-1691,#5,Water,matched,,1,B1-1643,WAYB_rep1,DHY210,YNB+CSM+2% glucose,37,240,min,CAB,WAY_B-1_P18
B1-1692,#13,Water,matched,,1,B1-1643,WAYB_rep1,DHY210,YNB+CSM+2% glucose,37,240,min,CAB,WAY_B-1_P18
B1-1697,#6,DMSO,matched,,1,B1-1674,WAYB_rep1,BAH,YNB+CSM+2% glucose,37,240,min,CAB,WAY_B-1_P18
B1-1701,#6,DMSO,matched,,1,B1-1678,WAYB_rep1,CEK,YNB+CSM+2% glucose,37,240,min,CAB,WAY_B-1_P18
B1-1703,#6,DMSO,matched,,1,B1-1680,WAYB_rep1,DHY210,YNB+CSM+2% glucose,37,240,min,CAB,WAY_B-1_P18
B1-1707,#7,Water,matched,,1,B1-1635,WAYB_rep1,CGD,YNB+CSM+2% glucose,37,240,min,CAB,WAY_B-1_P18
B1-1708,#15,Water,matched,,1,B1-1635,WAYB_rep1,CGD,YNB+CSM+2% glucose,37,240,min,CAB,WAY_B-1_P18
B1-1709,#7,Water,matched,,1,B1-1637,WAYB_rep1,BAH,YNB+CSM+2% glucose,37,240,min,CAB,WAY_B-1_P18
B1-1713,#7,Water,matched,,1,B1-1641,WAYB_rep1,CEK,YNB+CSM+2% glucose,37,240,min,CAB,WAY_B-1_P18
B1-1714,#15,Water,matched,,1,B1-1641,WAYB_rep1,CEK,YNB+CSM+2% glucose,37,240,min,CAB,WAY_B-1_P18
B1-1715,#7,Water,matched,,1,B1-1643,WAYB_rep1,DHY210,YNB+CSM+2% glucose,37,240,min,CAB,WAY_B-1_P18
B1-1716,#15,Water,matched,,1,B1-1643,WAYB_rep1,DHY210,YNB+CSM+2% glucose,37,240,min,CAB,WAY_B-1_P18
B1-1720,#16,DMSO,matched,,1,B1-1672,WAYB_rep1,CGD,YNB+CSM+2% glucose,37,240,min,CAB,WAY_B-1_P18
B1-1722,#16,DMSO,matched,,1,B1-1674,WAYB_rep1,BAH,YNB+CSM+2% glucose,37,240,min,CAB,WAY_B-1_P18
B1-1726,#16,DMSO,matched,,1,B1-1678,WAYB_rep1,CEK,YNB+CSM+2% glucose,37,240,min,CAB,WAY_B-1_P18
B1-1728,#16,DMSO,matched,,1,B1-1680,WAYB_rep1,DHY210,YNB+CSM+2% glucose,37,240,min,CAB,WAY_B-1_P18
B1-1743,#2,DMSO,unmatched_huber_only,no_exact_requested_solvent_control,0,,WAYB_rep1,CGD,YNB+CSM+2% galactose,37,15,min,QE1,WAY_B-1_P19
B1-1744,#10,DMSO,unmatched_huber_only,no_exact_requested_solvent_control,0,,WAYB_rep1,CGD,YNB+CSM+2% galactose,37,15,min,QE1,WAY_B-1_P19
B1-1745,#2,DMSO,matched,,1,B1-1770,WAYB_rep1,BAH,YNB+CSM+2% galactose,37,15,min,QE1,WAY_B-1_P19
B1-1746,#10,DMSO,matched,,1,B1-1770,WAYB_rep1,BAH,YNB+CSM+2% galactose,37,15,min,QE1,WAY_B-1_P19
B1-1749,#2,DMSO,matched,,1,B1-1774,WAYB_rep1,CEK,YNB+CSM+2% galactose,37,15,min,QE1,WAY_B-1_P19
B1-1750,#10,DMSO,matched,,1,B1-1774,WAYB_rep1,CEK,YNB+CSM+2% galactose,37,15,min,QE1,WAY_B-1_P19
B1-1751,#2,DMSO,matched,,1,B1-1776,WAYB_rep1,DHY210,YNB+CSM+2% galactose,37,15,min,QE1,WAY_B-1_P19
B1-1752,#10,DMSO,matched,,1,B1-1776,WAYB_rep1,DHY210,YNB+CSM+2% galactose,37,15,min,QE1,WAY_B-1_P19
B1-1779,#5,Water,unmatched_huber_only,no_exact_requested_solvent_control,0,,WAYB_rep1,CGD,YNB+CSM+2% galactose,37,15,min,QE1,WAY_B-1_P19
B1-1780,#13,Water,unmatched_huber_only,no_exact_requested_solvent_control,0,,WAYB_rep1,CGD,YNB+CSM+2% galactose,37,15,min,QE1,WAY_B-1_P19
B1-1781,#5,Water,matched,,1,B1-1733,WAYB_rep1,BAH,YNB+CSM+2% galactose,37,15,min,QE1,WAY_B-1_P19
B1-1785,#5,Water,unmatched_huber_only,no_exact_requested_solvent_control,0,,WAYB_rep1,CEK,YNB+CSM+2% galactose,37,15,min,QE1,WAY_B-1_P19
B1-1786,#13,Water,unmatched_huber_only,no_exact_requested_solvent_control,0,,WAYB_rep1,CEK,YNB+CSM+2% galactose,37,15,min,QE1,WAY_B-1_P19
B1-1787,#5,Water,matched,,1,B1-1739,WAYB_rep1,DHY210,YNB+CSM+2% galactose,37,15,min,QE1,WAY_B-1_P19
B1-1788,#13,Water,matched,,1,B1-1739,WAYB_rep1,DHY210,YNB+CSM+2% galactose,37,15,min,QE1,WAY_B-1_P19
B1-1791,#6,DMSO,unmatched_huber_only,no_exact_requested_solvent_control,0,,WAYB_rep1,CGD,YNB+CSM+2% galactose,37,15,min,QE1,WAY_B-1_P19
B1-1793,#6,DMSO,matched,,1,B1-1770,WAYB_rep1,BAH,YNB+CSM+2% galactose,37,15,min,QE1,WAY_B-1_P19
B1-1797,#6,DMSO,matched,,1,B1-1774,WAYB_rep1,CEK,YNB+CSM+2% galactose,37,15,min,QE1,WAY_B-1_P19
B1-1799,#6,DMSO,matched,,1,B1-1776,WAYB_rep1,DHY210,YNB+CSM+2% galactose,37,15,min,QE1,WAY_B-1_P19
B1-1803,#7,Water,unmatched_huber_only,no_exact_requested_solvent_control,0,,WAYB_rep1,CGD,YNB+CSM+2% galactose,37,15,min,QE1,WAY_B-1_P19
B1-1804,#15,Water,unmatched_huber_only,no_exact_requested_solvent_control,0,,WAYB_rep1,CGD,YNB+CSM+2% galactose,37,15,min,QE1,WAY_B-1_P19
B1-1805,#7,Water,matched,,1,B1-1733,WAYB_rep1,BAH,YNB+CSM+2% galactose,37,15,min,QE1,WAY_B-1_P19
B1-1806,#15,Water,matched,,1,B1-1733,WAYB_rep1,BAH,YNB+CSM+2% galactose,37,15,min,QE1,WAY_B-1_P19
B1-1809,#7,Water,unmatched_huber_only,no_exact_requested_solvent_control,0,,WAYB_rep1,CEK,YNB+CSM+2% galactose,37,15,min,QE1,WAY_B-1_P19
B1-1810,#15,Water,unmatched_huber_only,no_exact_requested_solvent_control,0,,WAYB_rep1,CEK,YNB+CSM+2% galactose,37,15,min,QE1,WAY_B-1_P19
B1-1812,#15,Water,matched,,1,B1-1739,WAYB_rep1,DHY210,YNB+CSM+2% galactose,37,15,min,QE1,WAY_B-1_P19
B1-1816,#16,DMSO,unmatched_huber_only,no_exact_requested_solvent_control,0,,WAYB_rep1,CGD,YNB+CSM+2% galactose,37,15,min,QE1,WAY_B-1_P19
B1-1818,#16,DMSO,matched,,1,B1-1770,WAYB_rep1,BAH,YNB+CSM+2% galactose,37,15,min,QE1,WAY_B-1_P19
B1-1822,#16,DMSO,matched,,1,B1-1774,WAYB_rep1,CEK,YNB+CSM+2% galactose,37,15,min,QE1,WAY_B-1_P19
B1-1824,#16,DMSO,matched,,1,B1-1776,WAYB_rep1,DHY210,YNB+CSM+2% galactose,37,15,min,QE1,WAY_B-1_P19
B1-1839,#2,DMSO,matched,,1,B1-1864,WAYB_rep1,CGD,YNB+CSM+2% galactose,37,30,min,QE2,WAY_B-1_P20
B1-1841,#2,DMSO,matched,,1,B1-1866,WAYB_rep1,BAH,YNB+CSM+2% galactose,37,30,min,QE2,WAY_B-1_P20
B1-1842,#10,DMSO,matched,,1,B1-1866,WAYB_rep1,BAH,YNB+CSM+2% galactose,37,30,min,QE2,WAY_B-1_P20
B1-1845,#2,DMSO,matched,,1,B1-1870,WAYB_rep1,CEK,YNB+CSM+2% galactose,37,30,min,QE2,WAY_B-1_P20
B1-1846,#10,DMSO,matched,,1,B1-1870,WAYB_rep1,CEK,YNB+CSM+2% galactose,37,30,min,QE2,WAY_B-1_P20
B1-1847,#2,DMSO,matched,,1,B1-1872,WAYB_rep1,DHY210,YNB+CSM+2% galactose,37,30,min,QE2,WAY_B-1_P20
B1-1848,#10,DMSO,matched,,1,B1-1872,WAYB_rep1,DHY210,YNB+CSM+2% galactose,37,30,min,QE2,WAY_B-1_P20
B1-1875,#5,Water,matched,,1,B1-1827,WAYB_rep1,CGD,YNB+CSM+2% galactose,37,30,min,QE2,WAY_B-1_P20
B1-1876,#13,Water,matched,,1,B1-1827,WAYB_rep1,CGD,YNB+CSM+2% galactose,37,30,min,QE2,WAY_B-1_P20
B1-1878,#13,Water,matched,,1,B1-1829,WAYB_rep1,BAH,YNB+CSM+2% galactose,37,30,min,QE2,WAY_B-1_P20
B1-1881,#5,Water,matched,,1,B1-1833,WAYB_rep1,CEK,YNB+CSM+2% galactose,37,30,min,QE2,WAY_B-1_P20
B1-1882,#13,Water,matched,,1,B1-1833,WAYB_rep1,CEK,YNB+CSM+2% galactose,37,30,min,QE2,WAY_B-1_P20
B1-1883,#5,Water,matched,,1,B1-1835,WAYB_rep1,DHY210,YNB+CSM+2% galactose,37,30,min,QE2,WAY_B-1_P20
B1-1884,#13,Water,matched,,1,B1-1835,WAYB_rep1,DHY210,YNB+CSM+2% galactose,37,30,min,QE2,WAY_B-1_P20
B1-1887,#6,DMSO,matched,,1,B1-1864,WAYB_rep1,CGD,YNB+CSM+2% galactose,37,30,min,QE2,WAY_B-1_P20
B1-1889,#6,DMSO,matched,,1,B1-1866,WAYB_rep1,BAH,YNB+CSM+2% galactose,37,30,min,QE2,WAY_B-1_P20
B1-1893,#6,DMSO,matched,,1,B1-1870,WAYB_rep1,CEK,YNB+CSM+2% galactose,37,30,min,QE2,WAY_B-1_P20
B1-1895,#6,DMSO,matched,,1,B1-1872,WAYB_rep1,DHY210,YNB+CSM+2% galactose,37,30,min,QE2,WAY_B-1_P20
B1-1899,#7,Water,matched,,1,B1-1827,WAYB_rep1,CGD,YNB+CSM+2% galactose,37,30,min,QE2,WAY_B-1_P20
B1-1900,#15,Water,matched,,1,B1-1827,WAYB_rep1,CGD,YNB+CSM+2% galactose,37,30,min,QE2,WAY_B-1_P20
B1-1901,#7,Water,matched,,1,B1-1829,WAYB_rep1,BAH,YNB+CSM+2% galactose,37,30,min,QE2,WAY_B-1_P20
B1-1902,#15,Water,matched,,1,B1-1829,WAYB_rep1,BAH,YNB+CSM+2% galactose,37,30,min,QE2,WAY_B-1_P20
B1-1905,#7,Water,matched,,1,B1-1833,WAYB_rep1,CEK,YNB+CSM+2% galactose,37,30,min,QE2,WAY_B-1_P20
B1-1906,#15,Water,matched,,1,B1-1833,WAYB_rep1,CEK,YNB+CSM+2% galactose,37,30,min,QE2,WAY_B-1_P20
B1-1907,#7,Water,matched,,1,B1-1835,WAYB_rep1,DHY210,YNB+CSM+2% galactose,37,30,min,QE2,WAY_B-1_P20
B1-1908,#15,Water,matched,,1,B1-1835,WAYB_rep1,DHY210,YNB+CSM+2% galactose,37,30,min,QE2,WAY_B-1_P20
B1-1912,#16,DMSO,matched,,1,B1-1864,WAYB_rep1,CGD,YNB+CSM+2% galactose,37,30,min,QE2,WAY_B-1_P20
B1-1914,#16,DMSO,matched,,1,B1-1866,WAYB_rep1,BAH,YNB+CSM+2% galactose,37,30,min,QE2,WAY_B-1_P20
B1-1918,#16,DMSO,matched,,1,B1-1870,WAYB_rep1,CEK,YNB+CSM+2% galactose,37,30,min,QE2,WAY_B-1_P20
B1-1920,#16,DMSO,matched,,1,B1-1872,WAYB_rep1,DHY210,YNB+CSM+2% galactose,37,30,min,QE2,WAY_B-1_P20
B1-2031,#2,DMSO,matched,,1,B1-2056,WAYB_rep1,CGD,YNB+CSM+2% galactose,37,90,min,QE1,WAY_B-1_P22
B1-2032,#10,DMSO,matched,,1,B1-2056,WAYB_rep1,CGD,YNB+CSM+2% galactose,37,90,min,QE1,WAY_B-1_P22
B1-2033,#2,DMSO,matched,,1,B1-2058,WAYB_rep1,BAH,YNB+CSM+2% galactose,37,90,min,QE1,WAY_B-1_P22
B1-2034,#10,DMSO,matched,,1,B1-2058,WAYB_rep1,BAH,YNB+CSM+2% galactose,37,90,min,QE1,WAY_B-1_P22
B1-2038,#10,DMSO,matched,,1,B1-2062,WAYB_rep1,CEK,YNB+CSM+2% galactose,37,90,min,QE1,WAY_B-1_P22
B1-2039,#2,DMSO,matched,,1,B1-2064,WAYB_rep1,DHY210,YNB+CSM+2% galactose,37,90,min,QE1,WAY_B-1_P22
B1-2040,#10,DMSO,matched,,1,B1-2064,WAYB_rep1,DHY210,YNB+CSM+2% galactose,37,90,min,QE1,WAY_B-1_P22
B1-2067,#5,Water,matched,,1,B1-2019,WAYB_rep1,CGD,YNB+CSM+2% galactose,37,90,min,QE1,WAY_B-1_P22
B1-2068,#13,Water,matched,,1,B1-2019,WAYB_rep1,CGD,YNB+CSM+2% galactose,37,90,min,QE1,WAY_B-1_P22
B1-2069,#5,Water,unmatched_huber_only,no_exact_requested_solvent_control,0,,WAYB_rep1,BAH,YNB+CSM+2% galactose,37,90,min,QE1,WAY_B-1_P22
B1-2070,#13,Water,unmatched_huber_only,no_exact_requested_solvent_control,0,,WAYB_rep1,BAH,YNB+CSM+2% galactose,37,90,min,QE1,WAY_B-1_P22
B1-2073,#5,Water,matched,,1,B1-2025,WAYB_rep1,CEK,YNB+CSM+2% galactose,37,90,min,QE1,WAY_B-1_P22
B1-2074,#13,Water,matched,,1,B1-2025,WAYB_rep1,CEK,YNB+CSM+2% galactose,37,90,min,QE1,WAY_B-1_P22
B1-2075,#5,Water,matched,,1,B1-2027,WAYB_rep1,DHY210,YNB+CSM+2% galactose,37,90,min,QE1,WAY_B-1_P22
B1-2076,#13,Water,matched,,1,B1-2027,WAYB_rep1,DHY210,YNB+CSM+2% galactose,37,90,min,QE1,WAY_B-1_P22
B1-2079,#6,DMSO,matched,,1,B1-2056,WAYB_rep1,CGD,YNB+CSM+2% galactose,37,90,min,QE1,WAY_B-1_P22
B1-2081,#6,DMSO,matched,,1,B1-2058,WAYB_rep1,BAH,YNB+CSM+2% galactose,37,90,min,QE1,WAY_B-1_P22
B1-2085,#6,DMSO,matched,,1,B1-2062,WAYB_rep1,CEK,YNB+CSM+2% galactose,37,90,min,QE1,WAY_B-1_P22
B1-2087,#6,DMSO,matched,,1,B1-2064,WAYB_rep1,DHY210,YNB+CSM+2% galactose,37,90,min,QE1,WAY_B-1_P22
B1-2091,#7,Water,matched,,1,B1-2019,WAYB_rep1,CGD,YNB+CSM+2% galactose,37,90,min,QE1,WAY_B-1_P22
B1-2092,#15,Water,matched,,1,B1-2019,WAYB_rep1,CGD,YNB+CSM+2% galactose,37,90,min,QE1,WAY_B-1_P22
B1-2093,#7,Water,unmatched_huber_only,no_exact_requested_solvent_control,0,,WAYB_rep1,BAH,YNB+CSM+2% galactose,37,90,min,QE1,WAY_B-1_P22
B1-2094,#15,Water,unmatched_huber_only,no_exact_requested_solvent_control,0,,WAYB_rep1,BAH,YNB+CSM+2% galactose,37,90,min,QE1,WAY_B-1_P22
B1-2098,#15,Water,matched,,1,B1-2025,WAYB_rep1,CEK,YNB+CSM+2% galactose,37,90,min,QE1,WAY_B-1_P22
B1-2099,#7,Water,matched,,1,B1-2027,WAYB_rep1,DHY210,YNB+CSM+2% galactose,37,90,min,QE1,WAY_B-1_P22
B1-2100,#15,Water,matched,,1,B1-2027,WAYB_rep1,DHY210,YNB+CSM+2% galactose,37,90,min,QE1,WAY_B-1_P22
B1-2104,#16,DMSO,matched,,1,B1-2056,WAYB_rep1,CGD,YNB+CSM+2% galactose,37,90,min,QE1,WAY_B-1_P22
B1-2106,#16,DMSO,matched,,1,B1-2058,WAYB_rep1,BAH,YNB+CSM+2% galactose,37,90,min,QE1,WAY_B-1_P22
B1-2112,#16,DMSO,matched,,1,B1-2064,WAYB_rep1,DHY210,YNB+CSM+2% galactose,37,90,min,QE1,WAY_B-1_P22
B1-2127,#2,DMSO,matched,,1,B1-2152,WAYB_rep1,CGD,YNB+CSM+2% galactose,37,120,min,QE2,WAY_B-1_P23
B1-2128,#10,DMSO,matched,,1,B1-2152,WAYB_rep1,CGD,YNB+CSM+2% galactose,37,120,min,QE2,WAY_B-1_P23
B1-2129,#2,DMSO,matched,,1,B1-2154,WAYB_rep1,BAH,YNB+CSM+2% galactose,37,120,min,QE2,WAY_B-1_P23
B1-2130,#10,DMSO,matched,,1,B1-2154,WAYB_rep1,BAH,YNB+CSM+2% galactose,37,120,min,QE2,WAY_B-1_P23
B1-2133,#2,DMSO,matched,,1,B1-2158,WAYB_rep1,CEK,YNB+CSM+2% galactose,37,120,min,QE2,WAY_B-1_P23
B1-2134,#10,DMSO,matched,,1,B1-2158,WAYB_rep1,CEK,YNB+CSM+2% galactose,37,120,min,QE2,WAY_B-1_P23
B1-2135,#2,DMSO,unmatched_huber_only,no_exact_requested_solvent_control,0,,WAYB_rep1,DHY210,YNB+CSM+2% galactose,37,120,min,QE2,WAY_B-1_P23
B1-2163,#5,Water,matched,,1,B1-2115,WAYB_rep1,CGD,YNB+CSM+2% galactose,37,120,min,QE2,WAY_B-1_P23
B1-2164,#13,Water,matched,,1,B1-2115,WAYB_rep1,CGD,YNB+CSM+2% galactose,37,120,min,QE2,WAY_B-1_P23
B1-2165,#5,Water,matched,,1,B1-2117,WAYB_rep1,BAH,YNB+CSM+2% galactose,37,120,min,QE2,WAY_B-1_P23
B1-2166,#13,Water,matched,,1,B1-2117,WAYB_rep1,BAH,YNB+CSM+2% galactose,37,120,min,QE2,WAY_B-1_P23
B1-2169,#5,Water,matched,,1,B1-2121,WAYB_rep1,CEK,YNB+CSM+2% galactose,37,120,min,QE2,WAY_B-1_P23
B1-2170,#13,Water,matched,,1,B1-2121,WAYB_rep1,CEK,YNB+CSM+2% galactose,37,120,min,QE2,WAY_B-1_P23
B1-2171,#5,Water,matched,,1,B1-2123,WAYB_rep1,DHY210,YNB+CSM+2% galactose,37,120,min,QE2,WAY_B-1_P23
B1-2172,#13,Water,matched,,1,B1-2123,WAYB_rep1,DHY210,YNB+CSM+2% galactose,37,120,min,QE2,WAY_B-1_P23
B1-2175,#6,DMSO,matched,,1,B1-2152,WAYB_rep1,CGD,YNB+CSM+2% galactose,37,120,min,QE2,WAY_B-1_P23
B1-2177,#6,DMSO,matched,,1,B1-2154,WAYB_rep1,BAH,YNB+CSM+2% galactose,37,120,min,QE2,WAY_B-1_P23
B1-2181,#6,DMSO,matched,,1,B1-2158,WAYB_rep1,CEK,YNB+CSM+2% galactose,37,120,min,QE2,WAY_B-1_P23
B1-2187,#7,Water,matched,,1,B1-2115,WAYB_rep1,CGD,YNB+CSM+2% galactose,37,120,min,QE2,WAY_B-1_P23
B1-2188,#15,Water,matched,,1,B1-2115,WAYB_rep1,CGD,YNB+CSM+2% galactose,37,120,min,QE2,WAY_B-1_P23
B1-2189,#7,Water,matched,,1,B1-2117,WAYB_rep1,BAH,YNB+CSM+2% galactose,37,120,min,QE2,WAY_B-1_P23
B1-2193,#7,Water,matched,,1,B1-2121,WAYB_rep1,CEK,YNB+CSM+2% galactose,37,120,min,QE2,WAY_B-1_P23
B1-2194,#15,Water,matched,,1,B1-2121,WAYB_rep1,CEK,YNB+CSM+2% galactose,37,120,min,QE2,WAY_B-1_P23
B1-2195,#7,Water,matched,,1,B1-2123,WAYB_rep1,DHY210,YNB+CSM+2% galactose,37,120,min,QE2,WAY_B-1_P23
B1-2196,#15,Water,matched,,1,B1-2123,WAYB_rep1,DHY210,YNB+CSM+2% galactose,37,120,min,QE2,WAY_B-1_P23
B1-2200,#16,DMSO,matched,,1,B1-2152,WAYB_rep1,CGD,YNB+CSM+2% galactose,37,120,min,QE2,WAY_B-1_P23
B1-2202,#16,DMSO,matched,,1,B1-2154,WAYB_rep1,BAH,YNB+CSM+2% galactose,37,120,min,QE2,WAY_B-1_P23
B1-2206,#16,DMSO,matched,,1,B1-2158,WAYB_rep1,CEK,YNB+CSM+2% galactose,37,120,min,QE2,WAY_B-1_P23
B1-2208,#16,DMSO,unmatched_huber_only,no_exact_requested_solvent_control,0,,WAYB_rep1,DHY210,YNB+CSM+2% galactose,37,120,min,QE2,WAY_B-1_P23
B1-2223,#2,DMSO,matched,,1,B1-2248,WAYB_rep1,CGD,YNB+CSM+2% galactose,37,240,min,CAB,WAY_B-1_P24
B1-2224,#10,DMSO,matched,,1,B1-2248,WAYB_rep1,CGD,YNB+CSM+2% galactose,37,240,min,CAB,WAY_B-1_P24
B1-2225,#2,DMSO,matched,,1,B1-2250,WAYB_rep1,BAH,YNB+CSM+2% galactose,37,240,min,CAB,WAY_B-1_P24
B1-2226,#10,DMSO,matched,,1,B1-2250,WAYB_rep1,BAH,YNB+CSM+2% galactose,37,240,min,CAB,WAY_B-1_P24
B1-2229,#2,DMSO,matched,,1,B1-2254,WAYB_rep1,CEK,YNB+CSM+2% galactose,37,240,min,CAB,WAY_B-1_P24
B1-2230,#10,DMSO,matched,,1,B1-2254,WAYB_rep1,CEK,YNB+CSM+2% galactose,37,240,min,CAB,WAY_B-1_P24
B1-2231,#2,DMSO,matched,,1,B1-2256,WAYB_rep1,DHY210,YNB+CSM+2% galactose,37,240,min,CAB,WAY_B-1_P24
B1-2232,#10,DMSO,matched,,1,B1-2256,WAYB_rep1,DHY210,YNB+CSM+2% galactose,37,240,min,CAB,WAY_B-1_P24
B1-2259,#5,Water,matched,,1,B1-2211,WAYB_rep1,CGD,YNB+CSM+2% galactose,37,240,min,CAB,WAY_B-1_P24
B1-2260,#13,Water,matched,,1,B1-2211,WAYB_rep1,CGD,YNB+CSM+2% galactose,37,240,min,CAB,WAY_B-1_P24
B1-2261,#5,Water,matched,,1,B1-2213,WAYB_rep1,BAH,YNB+CSM+2% galactose,37,240,min,CAB,WAY_B-1_P24
B1-2262,#13,Water,matched,,1,B1-2213,WAYB_rep1,BAH,YNB+CSM+2% galactose,37,240,min,CAB,WAY_B-1_P24
B1-2265,#5,Water,matched,,1,B1-2217,WAYB_rep1,CEK,YNB+CSM+2% galactose,37,240,min,CAB,WAY_B-1_P24
B1-2266,#13,Water,matched,,1,B1-2217,WAYB_rep1,CEK,YNB+CSM+2% galactose,37,240,min,CAB,WAY_B-1_P24
B1-2267,#5,Water,matched,,1,B1-2219,WAYB_rep1,DHY210,YNB+CSM+2% galactose,37,240,min,CAB,WAY_B-1_P24
B1-2268,#13,Water,matched,,1,B1-2219,WAYB_rep1,DHY210,YNB+CSM+2% galactose,37,240,min,CAB,WAY_B-1_P24
B1-2271,#6,DMSO,matched,,1,B1-2248,WAYB_rep1,CGD,YNB+CSM+2% galactose,37,240,min,CAB,WAY_B-1_P24
B1-2273,#6,DMSO,matched,,1,B1-2250,WAYB_rep1,BAH,YNB+CSM+2% galactose,37,240,min,CAB,WAY_B-1_P24
B1-2277,#6,DMSO,matched,,1,B1-2254,WAYB_rep1,CEK,YNB+CSM+2% galactose,37,240,min,CAB,WAY_B-1_P24
B1-2279,#6,DMSO,matched,,1,B1-2256,WAYB_rep1,DHY210,YNB+CSM+2% galactose,37,240,min,CAB,WAY_B-1_P24
B1-2283,#7,Water,matched,,1,B1-2211,WAYB_rep1,CGD,YNB+CSM+2% galactose,37,240,min,CAB,WAY_B-1_P24
B1-2284,#15,Water,matched,,1,B1-2211,WAYB_rep1,CGD,YNB+CSM+2% galactose,37,240,min,CAB,WAY_B-1_P24
B1-2285,#7,Water,matched,,1,B1-2213,WAYB_rep1,BAH,YNB+CSM+2% galactose,37,240,min,CAB,WAY_B-1_P24
B1-2286,#15,Water,matched,,1,B1-2213,WAYB_rep1,BAH,YNB+CSM+2% galactose,37,240,min,CAB,WAY_B-1_P24
B1-2289,#7,Water,matched,,1,B1-2217,WAYB_rep1,CEK,YNB+CSM+2% galactose,37,240,min,CAB,WAY_B-1_P24
B1-2290,#15,Water,matched,,1,B1-2217,WAYB_rep1,CEK,YNB+CSM+2% galactose,37,240,min,CAB,WAY_B-1_P24
B1-2291,#7,Water,matched,,1,B1-2219,WAYB_rep1,DHY210,YNB+CSM+2% galactose,37,240,min,CAB,WAY_B-1_P24
B1-2292,#15,Water,matched,,1,B1-2219,WAYB_rep1,DHY210,YNB+CSM+2% galactose,37,240,min,CAB,WAY_B-1_P24
B1-2296,#16,DMSO,matched,,1,B1-2248,WAYB_rep1,CGD,YNB+CSM+2% galactose,37,240,min,CAB,WAY_B-1_P24
B1-2298,#16,DMSO,matched,,1,B1-2250,WAYB_rep1,BAH,YNB+CSM+2% galactose,37,240,min,CAB,WAY_B-1_P24
B1-2302,#16,DMSO,matched,,1,B1-2254,WAYB_rep1,CEK,YNB+CSM+2% galactose,37,240,min,CAB,WAY_B-1_P24
B1-2304,#16,DMSO,matched,,1,B1-2256,WAYB_rep1,DHY210,YNB+CSM+2% galactose,37,240,min,CAB,WAY_B-1_P24
B2-15,#2,DMSO,matched,,1,B2-40,WAYB_rep2,CGD,YNB+CSM+2% glucose,30,15,min,QE1,WAY_B-2_P1
B2-16,#10,DMSO,matched,,1,B2-40,WAYB_rep2,CGD,YNB+CSM+2% glucose,30,15,min,QE1,WAY_B-2_P1
B2-17,#2,DMSO,matched,,1,B2-42,WAYB_rep2,BAH,YNB+CSM+2% glucose,30,15,min,QE1,WAY_B-2_P1
B2-18,#10,DMSO,matched,,1,B2-42,WAYB_rep2,BAH,YNB+CSM+2% glucose,30,15,min,QE1,WAY_B-2_P1
B2-21,#2,DMSO,matched,,1,B2-46,WAYB_rep2,CEK,YNB+CSM+2% glucose,30,15,min,QE1,WAY_B-2_P1
B2-22,#10,DMSO,matched,,1,B2-46,WAYB_rep2,CEK,YNB+CSM+2% glucose,30,15,min,QE1,WAY_B-2_P1
B2-23,#2,DMSO,matched,,1,B2-48,WAYB_rep2,DHY210,YNB+CSM+2% glucose,30,15,min,QE1,WAY_B-2_P1
B2-24,#10,DMSO,matched,,1,B2-48,WAYB_rep2,DHY210,YNB+CSM+2% glucose,30,15,min,QE1,WAY_B-2_P1
B2-51,#5,Water,matched,,1,B2-3,WAYB_rep2,CGD,YNB+CSM+2% glucose,30,15,min,QE1,WAY_B-2_P1
B2-52,#13,Water,matched,,1,B2-3,WAYB_rep2,CGD,YNB+CSM+2% glucose,30,15,min,QE1,WAY_B-2_P1
B2-53,#5,Water,unmatched_huber_only,no_exact_requested_solvent_control,0,,WAYB_rep2,BAH,YNB+CSM+2% glucose,30,15,min,QE1,WAY_B-2_P1
B2-54,#13,Water,unmatched_huber_only,no_exact_requested_solvent_control,0,,WAYB_rep2,BAH,YNB+CSM+2% glucose,30,15,min,QE1,WAY_B-2_P1
B2-57,#5,Water,matched,,1,B2-9,WAYB_rep2,CEK,YNB+CSM+2% glucose,30,15,min,QE1,WAY_B-2_P1
B2-58,#13,Water,matched,,1,B2-9,WAYB_rep2,CEK,YNB+CSM+2% glucose,30,15,min,QE1,WAY_B-2_P1
B2-59,#5,Water,matched,,1,B2-11,WAYB_rep2,DHY210,YNB+CSM+2% glucose,30,15,min,QE1,WAY_B-2_P1
B2-60,#13,Water,matched,,1,B2-11,WAYB_rep2,DHY210,YNB+CSM+2% glucose,30,15,min,QE1,WAY_B-2_P1
B2-63,#6,DMSO,matched,,1,B2-40,WAYB_rep2,CGD,YNB+CSM+2% glucose,30,15,min,QE1,WAY_B-2_P1
B2-65,#6,DMSO,matched,,1,B2-42,WAYB_rep2,BAH,YNB+CSM+2% glucose,30,15,min,QE1,WAY_B-2_P1
B2-69,#6,DMSO,matched,,1,B2-46,WAYB_rep2,CEK,YNB+CSM+2% glucose,30,15,min,QE1,WAY_B-2_P1
B2-71,#6,DMSO,matched,,1,B2-48,WAYB_rep2,DHY210,YNB+CSM+2% glucose,30,15,min,QE1,WAY_B-2_P1
B2-75,#7,Water,matched,,1,B2-3,WAYB_rep2,CGD,YNB+CSM+2% glucose,30,15,min,QE1,WAY_B-2_P1
B2-76,#15,Water,matched,,1,B2-3,WAYB_rep2,CGD,YNB+CSM+2% glucose,30,15,min,QE1,WAY_B-2_P1
B2-77,#7,Water,unmatched_huber_only,no_exact_requested_solvent_control,0,,WAYB_rep2,BAH,YNB+CSM+2% glucose,30,15,min,QE1,WAY_B-2_P1
B2-78,#15,Water,unmatched_huber_only,no_exact_requested_solvent_control,0,,WAYB_rep2,BAH,YNB+CSM+2% glucose,30,15,min,QE1,WAY_B-2_P1
B2-81,#7,Water,matched,,1,B2-9,WAYB_rep2,CEK,YNB+CSM+2% glucose,30,15,min,QE1,WAY_B-2_P1
B2-82,#15,Water,matched,,1,B2-9,WAYB_rep2,CEK,YNB+CSM+2% glucose,30,15,min,QE1,WAY_B-2_P1
B2-83,#7,Water,matched,,1,B2-11,WAYB_rep2,DHY210,YNB+CSM+2% glucose,30,15,min,QE1,WAY_B-2_P1
B2-84,#15,Water,matched,,1,B2-11,WAYB_rep2,DHY210,YNB+CSM+2% glucose,30,15,min,QE1,WAY_B-2_P1
B2-88,#16,DMSO,matched,,1,B2-40,WAYB_rep2,CGD,YNB+CSM+2% glucose,30,15,min,QE1,WAY_B-2_P1
B2-90,#16,DMSO,matched,,1,B2-42,WAYB_rep2,BAH,YNB+CSM+2% glucose,30,15,min,QE1,WAY_B-2_P1
B2-94,#16,DMSO,matched,,1,B2-46,WAYB_rep2,CEK,YNB+CSM+2% glucose,30,15,min,QE1,WAY_B-2_P1
B2-96,#16,DMSO,matched,,1,B2-48,WAYB_rep2,DHY210,YNB+CSM+2% glucose,30,15,min,QE1,WAY_B-2_P1
B2-111,#2,DMSO,matched,,1,B2-136,WAYB_rep2,CGD,YNB+CSM+2% glucose,30,30,min,QE2,WAY_B-2_P2
B2-112,#10,DMSO,matched,,1,B2-136,WAYB_rep2,CGD,YNB+CSM+2% glucose,30,30,min,QE2,WAY_B-2_P2
B2-113,#2,DMSO,matched,,1,B2-138,WAYB_rep2,BAH,YNB+CSM+2% glucose,30,30,min,QE2,WAY_B-2_P2
B2-114,#10,DMSO,matched,,1,B2-138,WAYB_rep2,BAH,YNB+CSM+2% glucose,30,30,min,QE2,WAY_B-2_P2
B2-117,#2,DMSO,matched,,1,B2-142,WAYB_rep2,CEK,YNB+CSM+2% glucose,30,30,min,QE2,WAY_B-2_P2
B2-118,#10,DMSO,matched,,1,B2-142,WAYB_rep2,CEK,YNB+CSM+2% glucose,30,30,min,QE2,WAY_B-2_P2
B2-119,#2,DMSO,matched,,1,B2-144,WAYB_rep2,DHY210,YNB+CSM+2% glucose,30,30,min,QE2,WAY_B-2_P2
B2-120,#10,DMSO,matched,,1,B2-144,WAYB_rep2,DHY210,YNB+CSM+2% glucose,30,30,min,QE2,WAY_B-2_P2
B2-147,#5,Water,matched,,1,B2-99,WAYB_rep2,CGD,YNB+CSM+2% glucose,30,30,min,QE2,WAY_B-2_P2
B2-148,#13,Water,matched,,1,B2-99,WAYB_rep2,CGD,YNB+CSM+2% glucose,30,30,min,QE2,WAY_B-2_P2
B2-149,#5,Water,matched,,1,B2-101,WAYB_rep2,BAH,YNB+CSM+2% glucose,30,30,min,QE2,WAY_B-2_P2
B2-150,#13,Water,matched,,1,B2-101,WAYB_rep2,BAH,YNB+CSM+2% glucose,30,30,min,QE2,WAY_B-2_P2
B2-153,#5,Water,matched,,1,B2-105,WAYB_rep2,CEK,YNB+CSM+2% glucose,30,30,min,QE2,WAY_B-2_P2
B2-154,#13,Water,matched,,1,B2-105,WAYB_rep2,CEK,YNB+CSM+2% glucose,30,30,min,QE2,WAY_B-2_P2
B2-155,#5,Water,matched,,1,B2-107,WAYB_rep2,DHY210,YNB+CSM+2% glucose,30,30,min,QE2,WAY_B-2_P2
B2-156,#13,Water,matched,,1,B2-107,WAYB_rep2,DHY210,YNB+CSM+2% glucose,30,30,min,QE2,WAY_B-2_P2
B2-159,#6,DMSO,matched,,1,B2-136,WAYB_rep2,CGD,YNB+CSM+2% glucose,30,30,min,QE2,WAY_B-2_P2
B2-161,#6,DMSO,matched,,1,B2-138,WAYB_rep2,BAH,YNB+CSM+2% glucose,30,30,min,QE2,WAY_B-2_P2
B2-165,#6,DMSO,matched,,1,B2-142,WAYB_rep2,CEK,YNB+CSM+2% glucose,30,30,min,QE2,WAY_B-2_P2
B2-167,#6,DMSO,matched,,1,B2-144,WAYB_rep2,DHY210,YNB+CSM+2% glucose,30,30,min,QE2,WAY_B-2_P2
B2-171,#7,Water,matched,,1,B2-99,WAYB_rep2,CGD,YNB+CSM+2% glucose,30,30,min,QE2,WAY_B-2_P2
B2-172,#15,Water,matched,,1,B2-99,WAYB_rep2,CGD,YNB+CSM+2% glucose,30,30,min,QE2,WAY_B-2_P2
B2-174,#15,Water,matched,,1,B2-101,WAYB_rep2,BAH,YNB+CSM+2% glucose,30,30,min,QE2,WAY_B-2_P2
B2-177,#7,Water,matched,,1,B2-105,WAYB_rep2,CEK,YNB+CSM+2% glucose,30,30,min,QE2,WAY_B-2_P2
B2-178,#15,Water,matched,,1,B2-105,WAYB_rep2,CEK,YNB+CSM+2% glucose,30,30,min,QE2,WAY_B-2_P2
B2-179,#7,Water,matched,,1,B2-107,WAYB_rep2,DHY210,YNB+CSM+2% glucose,30,30,min,QE2,WAY_B-2_P2
B2-180,#15,Water,matched,,1,B2-107,WAYB_rep2,DHY210,YNB+CSM+2% glucose,30,30,min,QE2,WAY_B-2_P2
B2-184,#16,DMSO,matched,,1,B2-136,WAYB_rep2,CGD,YNB+CSM+2% glucose,30,30,min,QE2,WAY_B-2_P2
B2-186,#16,DMSO,matched,,1,B2-138,WAYB_rep2,BAH,YNB+CSM+2% glucose,30,30,min,QE2,WAY_B-2_P2
B2-190,#16,DMSO,matched,,1,B2-142,WAYB_rep2,CEK,YNB+CSM+2% glucose,30,30,min,QE2,WAY_B-2_P2
B2-192,#16,DMSO,matched,,1,B2-144,WAYB_rep2,DHY210,YNB+CSM+2% glucose,30,30,min,QE2,WAY_B-2_P2
B2-207,#2,DMSO,matched,,1,B2-232,WAYB_rep2,CGD,YNB+CSM+2% glucose,30,60,min,QE1,WAY_B-2_P3
B2-208,#10,DMSO,matched,,1,B2-232,WAYB_rep2,CGD,YNB+CSM+2% glucose,30,60,min,QE1,WAY_B-2_P3
B2-209,#2,DMSO,matched,,1,B2-234,WAYB_rep2,BAH,YNB+CSM+2% glucose,30,60,min,QE1,WAY_B-2_P3
B2-210,#10,DMSO,matched,,1,B2-234,WAYB_rep2,BAH,YNB+CSM+2% glucose,30,60,min,QE1,WAY_B-2_P3
B2-213,#2,DMSO,unmatched_huber_only,no_exact_requested_solvent_control,0,,WAYB_rep2,CEK,YNB+CSM+2% glucose,30,60,min,QE1,WAY_B-2_P3
B2-216,#10,DMSO,matched,,1,B2-240,WAYB_rep2,DHY210,YNB+CSM+2% glucose,30,60,min,QE1,WAY_B-2_P3
B2-243,#5,Water,matched,,1,B2-195,WAYB_rep2,CGD,YNB+CSM+2% glucose,30,60,min,QE1,WAY_B-2_P3
B2-244,#13,Water,matched,,1,B2-195,WAYB_rep2,CGD,YNB+CSM+2% glucose,30,60,min,QE1,WAY_B-2_P3
B2-245,#5,Water,matched,,1,B2-197,WAYB_rep2,BAH,YNB+CSM+2% glucose,30,60,min,QE1,WAY_B-2_P3
B2-246,#13,Water,matched,,1,B2-197,WAYB_rep2,BAH,YNB+CSM+2% glucose,30,60,min,QE1,WAY_B-2_P3
B2-249,#5,Water,matched,,1,B2-201,WAYB_rep2,CEK,YNB+CSM+2% glucose,30,60,min,QE1,WAY_B-2_P3
B2-252,#13,Water,unmatched_huber_only,no_exact_requested_solvent_control,0,,WAYB_rep2,DHY210,YNB+CSM+2% glucose,30,60,min,QE1,WAY_B-2_P3
B2-255,#6,DMSO,matched,,1,B2-232,WAYB_rep2,CGD,YNB+CSM+2% glucose,30,60,min,QE1,WAY_B-2_P3
B2-257,#6,DMSO,matched,,1,B2-234,WAYB_rep2,BAH,YNB+CSM+2% glucose,30,60,min,QE1,WAY_B-2_P3
B2-261,#6,DMSO,unmatched_huber_only,no_exact_requested_solvent_control,0,,WAYB_rep2,CEK,YNB+CSM+2% glucose,30,60,min,QE1,WAY_B-2_P3
B2-267,#7,Water,matched,,1,B2-195,WAYB_rep2,CGD,YNB+CSM+2% glucose,30,60,min,QE1,WAY_B-2_P3
B2-268,#15,Water,matched,,1,B2-195,WAYB_rep2,CGD,YNB+CSM+2% glucose,30,60,min,QE1,WAY_B-2_P3
B2-269,#7,Water,matched,,1,B2-197,WAYB_rep2,BAH,YNB+CSM+2% glucose,30,60,min,QE1,WAY_B-2_P3
B2-270,#15,Water,matched,,1,B2-197,WAYB_rep2,BAH,YNB+CSM+2% glucose,30,60,min,QE1,WAY_B-2_P3
B2-273,#7,Water,matched,,1,B2-201,WAYB_rep2,CEK,YNB+CSM+2% glucose,30,60,min,QE1,WAY_B-2_P3
B2-280,#16,DMSO,matched,,1,B2-232,WAYB_rep2,CGD,YNB+CSM+2% glucose,30,60,min,QE1,WAY_B-2_P3
B2-282,#16,DMSO,matched,,1,B2-234,WAYB_rep2,BAH,YNB+CSM+2% glucose,30,60,min,QE1,WAY_B-2_P3
B2-288,#16,DMSO,matched,,1,B2-240,WAYB_rep2,DHY210,YNB+CSM+2% glucose,30,60,min,QE1,WAY_B-2_P3
B2-399,#2,DMSO,matched,,1,B2-424,WAYB_rep2,CGD,YNB+CSM+2% glucose,30,120,min,QE2,WAY_B-2_P5
B2-401,#2,DMSO,matched,,1,B2-426,WAYB_rep2,BAH,YNB+CSM+2% glucose,30,120,min,QE2,WAY_B-2_P5
B2-402,#10,DMSO,matched,,1,B2-426,WAYB_rep2,BAH,YNB+CSM+2% glucose,30,120,min,QE2,WAY_B-2_P5
B2-405,#2,DMSO,matched,,1,B2-430,WAYB_rep2,CEK,YNB+CSM+2% glucose,30,120,min,QE2,WAY_B-2_P5
B2-407,#2,DMSO,matched,,1,B2-432,WAYB_rep2,DHY210,YNB+CSM+2% glucose,30,120,min,QE2,WAY_B-2_P5
B2-408,#10,DMSO,matched,,1,B2-432,WAYB_rep2,DHY210,YNB+CSM+2% glucose,30,120,min,QE2,WAY_B-2_P5
B2-435,#5,Water,unmatched_huber_only,no_exact_requested_solvent_control,0,,WAYB_rep2,CGD,YNB+CSM+2% glucose,30,120,min,QE2,WAY_B-2_P5
B2-436,#13,Water,unmatched_huber_only,no_exact_requested_solvent_control,0,,WAYB_rep2,CGD,YNB+CSM+2% glucose,30,120,min,QE2,WAY_B-2_P5
B2-437,#5,Water,matched,,1,B2-389,WAYB_rep2,BAH,YNB+CSM+2% glucose,30,120,min,QE2,WAY_B-2_P5
B2-438,#13,Water,matched,,1,B2-389,WAYB_rep2,BAH,YNB+CSM+2% glucose,30,120,min,QE2,WAY_B-2_P5
B2-441,#5,Water,matched,,1,B2-393,WAYB_rep2,CEK,YNB+CSM+2% glucose,30,120,min,QE2,WAY_B-2_P5
B2-442,#13,Water,matched,,1,B2-393,WAYB_rep2,CEK,YNB+CSM+2% glucose,30,120,min,QE2,WAY_B-2_P5
B2-443,#5,Water,matched,,1,B2-395,WAYB_rep2,DHY210,YNB+CSM+2% glucose,30,120,min,QE2,WAY_B-2_P5
B2-444,#13,Water,matched,,1,B2-395,WAYB_rep2,DHY210,YNB+CSM+2% glucose,30,120,min,QE2,WAY_B-2_P5
B2-447,#6,DMSO,matched,,1,B2-424,WAYB_rep2,CGD,YNB+CSM+2% glucose,30,120,min,QE2,WAY_B-2_P5
B2-449,#6,DMSO,matched,,1,B2-426,WAYB_rep2,BAH,YNB+CSM+2% glucose,30,120,min,QE2,WAY_B-2_P5
B2-453,#6,DMSO,matched,,1,B2-430,WAYB_rep2,CEK,YNB+CSM+2% glucose,30,120,min,QE2,WAY_B-2_P5
B2-455,#6,DMSO,matched,,1,B2-432,WAYB_rep2,DHY210,YNB+CSM+2% glucose,30,120,min,QE2,WAY_B-2_P5
B2-459,#7,Water,unmatched_huber_only,no_exact_requested_solvent_control,0,,WAYB_rep2,CGD,YNB+CSM+2% glucose,30,120,min,QE2,WAY_B-2_P5
B2-460,#15,Water,unmatched_huber_only,no_exact_requested_solvent_control,0,,WAYB_rep2,CGD,YNB+CSM+2% glucose,30,120,min,QE2,WAY_B-2_P5
B2-461,#7,Water,matched,,1,B2-389,WAYB_rep2,BAH,YNB+CSM+2% glucose,30,120,min,QE2,WAY_B-2_P5
B2-462,#15,Water,matched,,1,B2-389,WAYB_rep2,BAH,YNB+CSM+2% glucose,30,120,min,QE2,WAY_B-2_P5
B2-465,#7,Water,matched,,1,B2-393,WAYB_rep2,CEK,YNB+CSM+2% glucose,30,120,min,QE2,WAY_B-2_P5
B2-466,#15,Water,matched,,1,B2-393,WAYB_rep2,CEK,YNB+CSM+2% glucose,30,120,min,QE2,WAY_B-2_P5
B2-467,#7,Water,matched,,1,B2-395,WAYB_rep2,DHY210,YNB+CSM+2% glucose,30,120,min,QE2,WAY_B-2_P5
B2-468,#15,Water,matched,,1,B2-395,WAYB_rep2,DHY210,YNB+CSM+2% glucose,30,120,min,QE2,WAY_B-2_P5
B2-472,#16,DMSO,matched,,1,B2-424,WAYB_rep2,CGD,YNB+CSM+2% glucose,30,120,min,QE2,WAY_B-2_P5
B2-474,#16,DMSO,matched,,1,B2-426,WAYB_rep2,BAH,YNB+CSM+2% glucose,30,120,min,QE2,WAY_B-2_P5
B2-478,#16,DMSO,matched,,1,B2-430,WAYB_rep2,CEK,YNB+CSM+2% glucose,30,120,min,QE2,WAY_B-2_P5
B2-480,#16,DMSO,matched,,1,B2-432,WAYB_rep2,DHY210,YNB+CSM+2% glucose,30,120,min,QE2,WAY_B-2_P5
B2-495,#2,DMSO,matched,,1,B2-520,WAYB_rep2,CGD,YNB+CSM+2% glucose,30,240,min,QE2,WAY_B-2_P6
B2-496,#10,DMSO,matched,,1,B2-520,WAYB_rep2,CGD,YNB+CSM+2% glucose,30,240,min,QE2,WAY_B-2_P6
B2-497,#2,DMSO,matched,,1,B2-522,WAYB_rep2,BAH,YNB+CSM+2% glucose,30,240,min,QE2,WAY_B-2_P6
B2-498,#10,DMSO,matched,,1,B2-522,WAYB_rep2,BAH,YNB+CSM+2% glucose,30,240,min,QE2,WAY_B-2_P6
B2-501,#2,DMSO,matched,,1,B2-526,WAYB_rep2,CEK,YNB+CSM+2% glucose,30,240,min,QE2,WAY_B-2_P6
B2-502,#10,DMSO,matched,,1,B2-526,WAYB_rep2,CEK,YNB+CSM+2% glucose,30,240,min,QE2,WAY_B-2_P6
B2-503,#2,DMSO,matched,,1,B2-528,WAYB_rep2,DHY210,YNB+CSM+2% glucose,30,240,min,QE2,WAY_B-2_P6
B2-504,#10,DMSO,matched,,1,B2-528,WAYB_rep2,DHY210,YNB+CSM+2% glucose,30,240,min,QE2,WAY_B-2_P6
B2-531,#5,Water,matched,,1,B2-483,WAYB_rep2,CGD,YNB+CSM+2% glucose,30,240,min,QE2,WAY_B-2_P6
B2-532,#13,Water,matched,,1,B2-483,WAYB_rep2,CGD,YNB+CSM+2% glucose,30,240,min,QE2,WAY_B-2_P6
B2-533,#5,Water,matched,,1,B2-485,WAYB_rep2,BAH,YNB+CSM+2% glucose,30,240,min,QE2,WAY_B-2_P6
B2-534,#13,Water,matched,,1,B2-485,WAYB_rep2,BAH,YNB+CSM+2% glucose,30,240,min,QE2,WAY_B-2_P6
B2-537,#5,Water,matched,,1,B2-489,WAYB_rep2,CEK,YNB+CSM+2% glucose,30,240,min,QE2,WAY_B-2_P6
B2-538,#13,Water,matched,,1,B2-489,WAYB_rep2,CEK,YNB+CSM+2% glucose,30,240,min,QE2,WAY_B-2_P6
B2-539,#5,Water,matched,,1,B2-491,WAYB_rep2,DHY210,YNB+CSM+2% glucose,30,240,min,QE2,WAY_B-2_P6
B2-540,#13,Water,matched,,1,B2-491,WAYB_rep2,DHY210,YNB+CSM+2% glucose,30,240,min,QE2,WAY_B-2_P6
B2-543,#6,DMSO,matched,,1,B2-520,WAYB_rep2,CGD,YNB+CSM+2% glucose,30,240,min,QE2,WAY_B-2_P6
B2-545,#6,DMSO,matched,,1,B2-522,WAYB_rep2,BAH,YNB+CSM+2% glucose,30,240,min,QE2,WAY_B-2_P6
B2-549,#6,DMSO,matched,,1,B2-526,WAYB_rep2,CEK,YNB+CSM+2% glucose,30,240,min,QE2,WAY_B-2_P6
B2-551,#6,DMSO,matched,,1,B2-528,WAYB_rep2,DHY210,YNB+CSM+2% glucose,30,240,min,QE2,WAY_B-2_P6
B2-555,#7,Water,matched,,1,B2-483,WAYB_rep2,CGD,YNB+CSM+2% glucose,30,240,min,QE2,WAY_B-2_P6
B2-556,#15,Water,matched,,1,B2-483,WAYB_rep2,CGD,YNB+CSM+2% glucose,30,240,min,QE2,WAY_B-2_P6
B2-557,#7,Water,matched,,1,B2-485,WAYB_rep2,BAH,YNB+CSM+2% glucose,30,240,min,QE2,WAY_B-2_P6
B2-558,#15,Water,matched,,1,B2-485,WAYB_rep2,BAH,YNB+CSM+2% glucose,30,240,min,QE2,WAY_B-2_P6
B2-561,#7,Water,matched,,1,B2-489,WAYB_rep2,CEK,YNB+CSM+2% glucose,30,240,min,QE2,WAY_B-2_P6
B2-563,#7,Water,matched,,1,B2-491,WAYB_rep2,DHY210,YNB+CSM+2% glucose,30,240,min,QE2,WAY_B-2_P6
B2-564,#15,Water,matched,,1,B2-491,WAYB_rep2,DHY210,YNB+CSM+2% glucose,30,240,min,QE2,WAY_B-2_P6
B2-568,#16,DMSO,matched,,1,B2-520,WAYB_rep2,CGD,YNB+CSM+2% glucose,30,240,min,QE2,WAY_B-2_P6
B2-570,#16,DMSO,matched,,1,B2-522,WAYB_rep2,BAH,YNB+CSM+2% glucose,30,240,min,QE2,WAY_B-2_P6
B2-574,#16,DMSO,matched,,1,B2-526,WAYB_rep2,CEK,YNB+CSM+2% glucose,30,240,min,QE2,WAY_B-2_P6
B2-576,#16,DMSO,matched,,1,B2-528,WAYB_rep2,DHY210,YNB+CSM+2% glucose,30,240,min,QE2,WAY_B-2_P6
B2-591,#2,DMSO,matched,,1,B2-616,WAYB_rep2,CGD,YNB+CSM+2% galactose,30,15,min,QE2,WAY_B-2_P7
B2-592,#10,DMSO,matched,,1,B2-616,WAYB_rep2,CGD,YNB+CSM+2% galactose,30,15,min,QE2,WAY_B-2_P7
B2-593,#2,DMSO,matched,,1,B2-618,WAYB_rep2,BAH,YNB+CSM+2% galactose,30,15,min,QE2,WAY_B-2_P7
B2-594,#10,DMSO,matched,,1,B2-618,WAYB_rep2,BAH,YNB+CSM+2% galactose,30,15,min,QE2,WAY_B-2_P7
B2-597,#2,DMSO,matched,,1,B2-622,WAYB_rep2,CEK,YNB+CSM+2% galactose,30,15,min,QE2,WAY_B-2_P7
B2-598,#10,DMSO,matched,,1,B2-622,WAYB_rep2,CEK,YNB+CSM+2% galactose,30,15,min,QE2,WAY_B-2_P7
B2-599,#2,DMSO,matched,,1,B2-624,WAYB_rep2,DHY210,YNB+CSM+2% galactose,30,15,min,QE2,WAY_B-2_P7
B2-600,#10,DMSO,matched,,1,B2-624,WAYB_rep2,DHY210,YNB+CSM+2% galactose,30,15,min,QE2,WAY_B-2_P7
B2-627,#5,Water,matched,,1,B2-579,WAYB_rep2,CGD,YNB+CSM+2% galactose,30,15,min,QE2,WAY_B-2_P7
B2-629,#5,Water,matched,,1,B2-581,WAYB_rep2,BAH,YNB+CSM+2% galactose,30,15,min,QE2,WAY_B-2_P7
B2-630,#13,Water,matched,,1,B2-581,WAYB_rep2,BAH,YNB+CSM+2% galactose,30,15,min,QE2,WAY_B-2_P7
B2-633,#5,Water,matched,,1,B2-585,WAYB_rep2,CEK,YNB+CSM+2% galactose,30,15,min,QE2,WAY_B-2_P7
B2-634,#13,Water,matched,,1,B2-585,WAYB_rep2,CEK,YNB+CSM+2% galactose,30,15,min,QE2,WAY_B-2_P7
B2-635,#5,Water,matched,,1,B2-587,WAYB_rep2,DHY210,YNB+CSM+2% galactose,30,15,min,QE2,WAY_B-2_P7
B2-636,#13,Water,matched,,1,B2-587,WAYB_rep2,DHY210,YNB+CSM+2% galactose,30,15,min,QE2,WAY_B-2_P7
B2-639,#6,DMSO,matched,,1,B2-616,WAYB_rep2,CGD,YNB+CSM+2% galactose,30,15,min,QE2,WAY_B-2_P7
B2-641,#6,DMSO,matched,,1,B2-618,WAYB_rep2,BAH,YNB+CSM+2% galactose,30,15,min,QE2,WAY_B-2_P7
B2-645,#6,DMSO,matched,,1,B2-622,WAYB_rep2,CEK,YNB+CSM+2% galactose,30,15,min,QE2,WAY_B-2_P7
B2-647,#6,DMSO,matched,,1,B2-624,WAYB_rep2,DHY210,YNB+CSM+2% galactose,30,15,min,QE2,WAY_B-2_P7
B2-651,#7,Water,matched,,1,B2-579,WAYB_rep2,CGD,YNB+CSM+2% galactose,30,15,min,QE2,WAY_B-2_P7
B2-653,#7,Water,matched,,1,B2-581,WAYB_rep2,BAH,YNB+CSM+2% galactose,30,15,min,QE2,WAY_B-2_P7
B2-654,#15,Water,matched,,1,B2-581,WAYB_rep2,BAH,YNB+CSM+2% galactose,30,15,min,QE2,WAY_B-2_P7
B2-657,#7,Water,matched,,1,B2-585,WAYB_rep2,CEK,YNB+CSM+2% galactose,30,15,min,QE2,WAY_B-2_P7
B2-658,#15,Water,matched,,1,B2-585,WAYB_rep2,CEK,YNB+CSM+2% galactose,30,15,min,QE2,WAY_B-2_P7
B2-659,#7,Water,matched,,1,B2-587,WAYB_rep2,DHY210,YNB+CSM+2% galactose,30,15,min,QE2,WAY_B-2_P7
B2-660,#15,Water,matched,,1,B2-587,WAYB_rep2,DHY210,YNB+CSM+2% galactose,30,15,min,QE2,WAY_B-2_P7
B2-664,#16,DMSO,matched,,1,B2-616,WAYB_rep2,CGD,YNB+CSM+2% galactose,30,15,min,QE2,WAY_B-2_P7
B2-666,#16,DMSO,matched,,1,B2-618,WAYB_rep2,BAH,YNB+CSM+2% galactose,30,15,min,QE2,WAY_B-2_P7
B2-670,#16,DMSO,matched,,1,B2-622,WAYB_rep2,CEK,YNB+CSM+2% galactose,30,15,min,QE2,WAY_B-2_P7
B2-672,#16,DMSO,matched,,1,B2-624,WAYB_rep2,DHY210,YNB+CSM+2% galactose,30,15,min,QE2,WAY_B-2_P7
B2-879,#2,DMSO,matched,,1,B2-904,WAYB_rep2,CGD,YNB+CSM+2% galactose,30,90,min,QE1,WAY_B-2_P10
B2-880,#10,DMSO,matched,,1,B2-904,WAYB_rep2,CGD,YNB+CSM+2% galactose,30,90,min,QE1,WAY_B-2_P10
B2-881,#2,DMSO,matched,,1,B2-906,WAYB_rep2,BAH,YNB+CSM+2% galactose,30,90,min,QE1,WAY_B-2_P10
B2-882,#10,DMSO,matched,,1,B2-906,WAYB_rep2,BAH,YNB+CSM+2% galactose,30,90,min,QE1,WAY_B-2_P10
B2-885,#2,DMSO,unmatched_huber_only,no_exact_requested_solvent_control,0,,WAYB_rep2,CEK,YNB+CSM+2% galactose,30,90,min,QE1,WAY_B-2_P10
B2-886,#10,DMSO,unmatched_huber_only,no_exact_requested_solvent_control,0,,WAYB_rep2,CEK,YNB+CSM+2% galactose,30,90,min,QE1,WAY_B-2_P10
B2-888,#10,DMSO,matched,,1,B2-912,WAYB_rep2,DHY210,YNB+CSM+2% galactose,30,90,min,QE1,WAY_B-2_P10
B2-915,#5,Water,unmatched_huber_only,no_exact_requested_solvent_control,0,,WAYB_rep2,CGD,YNB+CSM+2% galactose,30,90,min,QE1,WAY_B-2_P10
B2-916,#13,Water,unmatched_huber_only,no_exact_requested_solvent_control,0,,WAYB_rep2,CGD,YNB+CSM+2% galactose,30,90,min,QE1,WAY_B-2_P10
B2-917,#5,Water,matched,,1,B2-869,WAYB_rep2,BAH,YNB+CSM+2% galactose,30,90,min,QE1,WAY_B-2_P10
B2-918,#13,Water,matched,,1,B2-869,WAYB_rep2,BAH,YNB+CSM+2% galactose,30,90,min,QE1,WAY_B-2_P10
B2-921,#5,Water,matched,,1,B2-873,WAYB_rep2,CEK,YNB+CSM+2% galactose,30,90,min,QE1,WAY_B-2_P10
B2-922,#13,Water,matched,,1,B2-873,WAYB_rep2,CEK,YNB+CSM+2% galactose,30,90,min,QE1,WAY_B-2_P10
B2-923,#5,Water,matched,,1,B2-875,WAYB_rep2,DHY210,YNB+CSM+2% galactose,30,90,min,QE1,WAY_B-2_P10
B2-924,#13,Water,matched,,1,B2-875,WAYB_rep2,DHY210,YNB+CSM+2% galactose,30,90,min,QE1,WAY_B-2_P10
B2-927,#6,DMSO,matched,,1,B2-904,WAYB_rep2,CGD,YNB+CSM+2% galactose,30,90,min,QE1,WAY_B-2_P10
B2-929,#6,DMSO,matched,,1,B2-906,WAYB_rep2,BAH,YNB+CSM+2% galactose,30,90,min,QE1,WAY_B-2_P10
B2-933,#6,DMSO,unmatched_huber_only,no_exact_requested_solvent_control,0,,WAYB_rep2,CEK,YNB+CSM+2% galactose,30,90,min,QE1,WAY_B-2_P10
B2-935,#6,DMSO,matched,,1,B2-912,WAYB_rep2,DHY210,YNB+CSM+2% galactose,30,90,min,QE1,WAY_B-2_P10
B2-939,#7,Water,unmatched_huber_only,no_exact_requested_solvent_control,0,,WAYB_rep2,CGD,YNB+CSM+2% galactose,30,90,min,QE1,WAY_B-2_P10
B2-940,#15,Water,unmatched_huber_only,no_exact_requested_solvent_control,0,,WAYB_rep2,CGD,YNB+CSM+2% galactose,30,90,min,QE1,WAY_B-2_P10
B2-941,#7,Water,matched,,1,B2-869,WAYB_rep2,BAH,YNB+CSM+2% galactose,30,90,min,QE1,WAY_B-2_P10
B2-942,#15,Water,matched,,1,B2-869,WAYB_rep2,BAH,YNB+CSM+2% galactose,30,90,min,QE1,WAY_B-2_P10
B2-945,#7,Water,matched,,1,B2-873,WAYB_rep2,CEK,YNB+CSM+2% galactose,30,90,min,QE1,WAY_B-2_P10
B2-946,#15,Water,matched,,1,B2-873,WAYB_rep2,CEK,YNB+CSM+2% galactose,30,90,min,QE1,WAY_B-2_P10
B2-947,#7,Water,matched,,1,B2-875,WAYB_rep2,DHY210,YNB+CSM+2% galactose,30,90,min,QE1,WAY_B-2_P10
B2-948,#15,Water,matched,,1,B2-875,WAYB_rep2,DHY210,YNB+CSM+2% galactose,30,90,min,QE1,WAY_B-2_P10
B2-952,#16,DMSO,matched,,1,B2-904,WAYB_rep2,CGD,YNB+CSM+2% galactose,30,90,min,QE1,WAY_B-2_P10
B2-954,#16,DMSO,matched,,1,B2-906,WAYB_rep2,BAH,YNB+CSM+2% galactose,30,90,min,QE1,WAY_B-2_P10
B2-958,#16,DMSO,unmatched_huber_only,no_exact_requested_solvent_control,0,,WAYB_rep2,CEK,YNB+CSM+2% galactose,30,90,min,QE1,WAY_B-2_P10
B2-975,#2,DMSO,matched,,1,B2-1000,WAYB_rep2,CGD,YNB+CSM+2% galactose,30,120,min,QE2,WAY_B-2_P11
B2-976,#10,DMSO,matched,,1,B2-1000,WAYB_rep2,CGD,YNB+CSM+2% galactose,30,120,min,QE2,WAY_B-2_P11
B2-977,#2,DMSO,matched,,1,B2-1002,WAYB_rep2,BAH,YNB+CSM+2% galactose,30,120,min,QE2,WAY_B-2_P11
B2-978,#10,DMSO,matched,,1,B2-1002,WAYB_rep2,BAH,YNB+CSM+2% galactose,30,120,min,QE2,WAY_B-2_P11
B2-981,#2,DMSO,matched,,1,B2-1006,WAYB_rep2,CEK,YNB+CSM+2% galactose,30,120,min,QE2,WAY_B-2_P11
B2-982,#10,DMSO,matched,,1,B2-1006,WAYB_rep2,CEK,YNB+CSM+2% galactose,30,120,min,QE2,WAY_B-2_P11
B2-983,#2,DMSO,matched,,1,B2-1008,WAYB_rep2,DHY210,YNB+CSM+2% galactose,30,120,min,QE2,WAY_B-2_P11
B2-984,#10,DMSO,matched,,1,B2-1008,WAYB_rep2,DHY210,YNB+CSM+2% galactose,30,120,min,QE2,WAY_B-2_P11
B2-1011,#5,Water,unmatched_huber_only,no_exact_requested_solvent_control,0,,WAYB_rep2,CGD,YNB+CSM+2% galactose,30,120,min,QE2,WAY_B-2_P11
B2-1012,#13,Water,unmatched_huber_only,no_exact_requested_solvent_control,0,,WAYB_rep2,CGD,YNB+CSM+2% galactose,30,120,min,QE2,WAY_B-2_P11
B2-1013,#5,Water,matched,,1,B2-965,WAYB_rep2,BAH,YNB+CSM+2% galactose,30,120,min,QE2,WAY_B-2_P11
B2-1014,#13,Water,matched,,1,B2-965,WAYB_rep2,BAH,YNB+CSM+2% galactose,30,120,min,QE2,WAY_B-2_P11
B2-1017,#5,Water,matched,,1,B2-969,WAYB_rep2,CEK,YNB+CSM+2% galactose,30,120,min,QE2,WAY_B-2_P11
B2-1018,#13,Water,matched,,1,B2-969,WAYB_rep2,CEK,YNB+CSM+2% galactose,30,120,min,QE2,WAY_B-2_P11
B2-1019,#5,Water,matched,,1,B2-971,WAYB_rep2,DHY210,YNB+CSM+2% galactose,30,120,min,QE2,WAY_B-2_P11
B2-1020,#13,Water,matched,,1,B2-971,WAYB_rep2,DHY210,YNB+CSM+2% galactose,30,120,min,QE2,WAY_B-2_P11
B2-1023,#6,DMSO,matched,,1,B2-1000,WAYB_rep2,CGD,YNB+CSM+2% galactose,30,120,min,QE2,WAY_B-2_P11
B2-1025,#6,DMSO,matched,,1,B2-1002,WAYB_rep2,BAH,YNB+CSM+2% galactose,30,120,min,QE2,WAY_B-2_P11
B2-1029,#6,DMSO,matched,,1,B2-1006,WAYB_rep2,CEK,YNB+CSM+2% galactose,30,120,min,QE2,WAY_B-2_P11
B2-1031,#6,DMSO,matched,,1,B2-1008,WAYB_rep2,DHY210,YNB+CSM+2% galactose,30,120,min,QE2,WAY_B-2_P11
B2-1035,#7,Water,unmatched_huber_only,no_exact_requested_solvent_control,0,,WAYB_rep2,CGD,YNB+CSM+2% galactose,30,120,min,QE2,WAY_B-2_P11
B2-1036,#15,Water,unmatched_huber_only,no_exact_requested_solvent_control,0,,WAYB_rep2,CGD,YNB+CSM+2% galactose,30,120,min,QE2,WAY_B-2_P11
B2-1037,#7,Water,matched,,1,B2-965,WAYB_rep2,BAH,YNB+CSM+2% galactose,30,120,min,QE2,WAY_B-2_P11
B2-1038,#15,Water,matched,,1,B2-965,WAYB_rep2,BAH,YNB+CSM+2% galactose,30,120,min,QE2,WAY_B-2_P11
B2-1042,#15,Water,matched,,1,B2-969,WAYB_rep2,CEK,YNB+CSM+2% galactose,30,120,min,QE2,WAY_B-2_P11
B2-1043,#7,Water,matched,,1,B2-971,WAYB_rep2,DHY210,YNB+CSM+2% galactose,30,120,min,QE2,WAY_B-2_P11
B2-1044,#15,Water,matched,,1,B2-971,WAYB_rep2,DHY210,YNB+CSM+2% galactose,30,120,min,QE2,WAY_B-2_P11
B2-1048,#16,DMSO,matched,,1,B2-1000,WAYB_rep2,CGD,YNB+CSM+2% galactose,30,120,min,QE2,WAY_B-2_P11
B2-1050,#16,DMSO,matched,,1,B2-1002,WAYB_rep2,BAH,YNB+CSM+2% galactose,30,120,min,QE2,WAY_B-2_P11
B2-1054,#16,DMSO,matched,,1,B2-1006,WAYB_rep2,CEK,YNB+CSM+2% galactose,30,120,min,QE2,WAY_B-2_P11
B2-1056,#16,DMSO,matched,,1,B2-1008,WAYB_rep2,DHY210,YNB+CSM+2% galactose,30,120,min,QE2,WAY_B-2_P11
B2-1071,#2,DMSO,matched,,1,B2-1096,WAYB_rep2,CGD,YNB+CSM+2% galactose,30,240,min,CAB,WAY_B-2_P12
B2-1072,#10,DMSO,matched,,1,B2-1096,WAYB_rep2,CGD,YNB+CSM+2% galactose,30,240,min,CAB,WAY_B-2_P12
B2-1073,#2,DMSO,matched,,1,B2-1098,WAYB_rep2,BAH,YNB+CSM+2% galactose,30,240,min,CAB,WAY_B-2_P12
B2-1074,#10,DMSO,matched,,1,B2-1098,WAYB_rep2,BAH,YNB+CSM+2% galactose,30,240,min,CAB,WAY_B-2_P12
B2-1077,#2,DMSO,matched,,1,B2-1102,WAYB_rep2,CEK,YNB+CSM+2% galactose,30,240,min,CAB,WAY_B-2_P12
B2-1078,#10,DMSO,matched,,1,B2-1102,WAYB_rep2,CEK,YNB+CSM+2% galactose,30,240,min,CAB,WAY_B-2_P12
B2-1079,#2,DMSO,matched,,1,B2-1104,WAYB_rep2,DHY210,YNB+CSM+2% galactose,30,240,min,CAB,WAY_B-2_P12
B2-1080,#10,DMSO,matched,,1,B2-1104,WAYB_rep2,DHY210,YNB+CSM+2% galactose,30,240,min,CAB,WAY_B-2_P12
B2-1107,#5,Water,matched,,1,B2-1059,WAYB_rep2,CGD,YNB+CSM+2% galactose,30,240,min,CAB,WAY_B-2_P12
B2-1108,#13,Water,matched,,1,B2-1059,WAYB_rep2,CGD,YNB+CSM+2% galactose,30,240,min,CAB,WAY_B-2_P12
B2-1109,#5,Water,matched,,1,B2-1061,WAYB_rep2,BAH,YNB+CSM+2% galactose,30,240,min,CAB,WAY_B-2_P12
B2-1110,#13,Water,matched,,1,B2-1061,WAYB_rep2,BAH,YNB+CSM+2% galactose,30,240,min,CAB,WAY_B-2_P12
B2-1113,#5,Water,matched,,1,B2-1065,WAYB_rep2,CEK,YNB+CSM+2% galactose,30,240,min,CAB,WAY_B-2_P12
B2-1114,#13,Water,matched,,1,B2-1065,WAYB_rep2,CEK,YNB+CSM+2% galactose,30,240,min,CAB,WAY_B-2_P12
B2-1115,#5,Water,matched,,1,B2-1067,WAYB_rep2,DHY210,YNB+CSM+2% galactose,30,240,min,CAB,WAY_B-2_P12
B2-1116,#13,Water,matched,,1,B2-1067,WAYB_rep2,DHY210,YNB+CSM+2% galactose,30,240,min,CAB,WAY_B-2_P12
B2-1119,#6,DMSO,matched,,1,B2-1096,WAYB_rep2,CGD,YNB+CSM+2% galactose,30,240,min,CAB,WAY_B-2_P12
B2-1121,#6,DMSO,matched,,1,B2-1098,WAYB_rep2,BAH,YNB+CSM+2% galactose,30,240,min,CAB,WAY_B-2_P12
B2-1125,#6,DMSO,matched,,1,B2-1102,WAYB_rep2,CEK,YNB+CSM+2% galactose,30,240,min,CAB,WAY_B-2_P12
B2-1127,#6,DMSO,matched,,1,B2-1104,WAYB_rep2,DHY210,YNB+CSM+2% galactose,30,240,min,CAB,WAY_B-2_P12
B2-1131,#7,Water,matched,,1,B2-1059,WAYB_rep2,CGD,YNB+CSM+2% galactose,30,240,min,CAB,WAY_B-2_P12
B2-1132,#15,Water,matched,,1,B2-1059,WAYB_rep2,CGD,YNB+CSM+2% galactose,30,240,min,CAB,WAY_B-2_P12
B2-1133,#7,Water,matched,,1,B2-1061,WAYB_rep2,BAH,YNB+CSM+2% galactose,30,240,min,CAB,WAY_B-2_P12
B2-1134,#15,Water,matched,,1,B2-1061,WAYB_rep2,BAH,YNB+CSM+2% galactose,30,240,min,CAB,WAY_B-2_P12
B2-1137,#7,Water,matched,,1,B2-1065,WAYB_rep2,CEK,YNB+CSM+2% galactose,30,240,min,CAB,WAY_B-2_P12
B2-1138,#15,Water,matched,,1,B2-1065,WAYB_rep2,CEK,YNB+CSM+2% galactose,30,240,min,CAB,WAY_B-2_P12
B2-1140,#15,Water,matched,,1,B2-1067,WAYB_rep2,DHY210,YNB+CSM+2% galactose,30,240,min,CAB,WAY_B-2_P12
B2-1144,#16,DMSO,matched,,1,B2-1096,WAYB_rep2,CGD,YNB+CSM+2% galactose,30,240,min,CAB,WAY_B-2_P12
B2-1146,#16,DMSO,matched,,1,B2-1098,WAYB_rep2,BAH,YNB+CSM+2% galactose,30,240,min,CAB,WAY_B-2_P12
B2-1150,#16,DMSO,matched,,1,B2-1102,WAYB_rep2,CEK,YNB+CSM+2% galactose,30,240,min,CAB,WAY_B-2_P12
B2-1152,#16,DMSO,matched,,1,B2-1104,WAYB_rep2,DHY210,YNB+CSM+2% galactose,30,240,min,CAB,WAY_B-2_P12
B2-1167,#2,DMSO,matched,,1,B2-1192,WAYB_rep2,CGD,YNB+CSM+2% glucose,37,15,min,CAB,WAY_B-2_P13
B2-1169,#2,DMSO,matched,,1,B2-1194,WAYB_rep2,BAH,YNB+CSM+2% glucose,37,15,min,CAB,WAY_B-2_P13
B2-1170,#10,DMSO,matched,,1,B2-1194,WAYB_rep2,BAH,YNB+CSM+2% glucose,37,15,min,CAB,WAY_B-2_P13
B2-1173,#2,DMSO,matched,,1,B2-1198,WAYB_rep2,CEK,YNB+CSM+2% glucose,37,15,min,CAB,WAY_B-2_P13
B2-1174,#10,DMSO,matched,,1,B2-1198,WAYB_rep2,CEK,YNB+CSM+2% glucose,37,15,min,CAB,WAY_B-2_P13
B2-1175,#2,DMSO,unmatched_huber_only,no_exact_requested_solvent_control,0,,WAYB_rep2,DHY210,YNB+CSM+2% glucose,37,15,min,CAB,WAY_B-2_P13
B2-1176,#10,DMSO,unmatched_huber_only,no_exact_requested_solvent_control,0,,WAYB_rep2,DHY210,YNB+CSM+2% glucose,37,15,min,CAB,WAY_B-2_P13
B2-1203,#5,Water,matched,,1,B2-1155,WAYB_rep2,CGD,YNB+CSM+2% glucose,37,15,min,CAB,WAY_B-2_P13
B2-1205,#5,Water,matched,,1,B2-1157,WAYB_rep2,BAH,YNB+CSM+2% glucose,37,15,min,CAB,WAY_B-2_P13
B2-1206,#13,Water,matched,,1,B2-1157,WAYB_rep2,BAH,YNB+CSM+2% glucose,37,15,min,CAB,WAY_B-2_P13
B2-1209,#5,Water,matched,,1,B2-1161,WAYB_rep2,CEK,YNB+CSM+2% glucose,37,15,min,CAB,WAY_B-2_P13
B2-1211,#5,Water,matched,,1,B2-1163,WAYB_rep2,DHY210,YNB+CSM+2% glucose,37,15,min,CAB,WAY_B-2_P13
B2-1212,#13,Water,matched,,1,B2-1163,WAYB_rep2,DHY210,YNB+CSM+2% glucose,37,15,min,CAB,WAY_B-2_P13
B2-1215,#6,DMSO,matched,,1,B2-1192,WAYB_rep2,CGD,YNB+CSM+2% glucose,37,15,min,CAB,WAY_B-2_P13
B2-1217,#6,DMSO,matched,,1,B2-1194,WAYB_rep2,BAH,YNB+CSM+2% glucose,37,15,min,CAB,WAY_B-2_P13
B2-1221,#6,DMSO,matched,,1,B2-1198,WAYB_rep2,CEK,YNB+CSM+2% glucose,37,15,min,CAB,WAY_B-2_P13
B2-1223,#6,DMSO,unmatched_huber_only,no_exact_requested_solvent_control,0,,WAYB_rep2,DHY210,YNB+CSM+2% glucose,37,15,min,CAB,WAY_B-2_P13
B2-1228,#15,Water,matched,,1,B2-1155,WAYB_rep2,CGD,YNB+CSM+2% glucose,37,15,min,CAB,WAY_B-2_P13
B2-1229,#7,Water,matched,,1,B2-1157,WAYB_rep2,BAH,YNB+CSM+2% glucose,37,15,min,CAB,WAY_B-2_P13
B2-1230,#15,Water,matched,,1,B2-1157,WAYB_rep2,BAH,YNB+CSM+2% glucose,37,15,min,CAB,WAY_B-2_P13
B2-1233,#7,Water,matched,,1,B2-1161,WAYB_rep2,CEK,YNB+CSM+2% glucose,37,15,min,CAB,WAY_B-2_P13
B2-1234,#15,Water,matched,,1,B2-1161,WAYB_rep2,CEK,YNB+CSM+2% glucose,37,15,min,CAB,WAY_B-2_P13
B2-1235,#7,Water,matched,,1,B2-1163,WAYB_rep2,DHY210,YNB+CSM+2% glucose,37,15,min,CAB,WAY_B-2_P13
B2-1236,#15,Water,matched,,1,B2-1163,WAYB_rep2,DHY210,YNB+CSM+2% glucose,37,15,min,CAB,WAY_B-2_P13
B2-1240,#16,DMSO,matched,,1,B2-1192,WAYB_rep2,CGD,YNB+CSM+2% glucose,37,15,min,CAB,WAY_B-2_P13
B2-1242,#16,DMSO,matched,,1,B2-1194,WAYB_rep2,BAH,YNB+CSM+2% glucose,37,15,min,CAB,WAY_B-2_P13
B2-1246,#16,DMSO,matched,,1,B2-1198,WAYB_rep2,CEK,YNB+CSM+2% glucose,37,15,min,CAB,WAY_B-2_P13
B2-1248,#16,DMSO,unmatched_huber_only,no_exact_requested_solvent_control,0,,WAYB_rep2,DHY210,YNB+CSM+2% glucose,37,15,min,CAB,WAY_B-2_P13
B2-1263,#2,DMSO,matched,,1,B2-1288,WAYB_rep2,CGD,YNB+CSM+2% glucose,37,30,min,QE1,WAY_B-2_P14
B2-1264,#10,DMSO,matched,,1,B2-1288,WAYB_rep2,CGD,YNB+CSM+2% glucose,37,30,min,QE1,WAY_B-2_P14
B2-1265,#2,DMSO,matched,,1,B2-1290,WAYB_rep2,BAH,YNB+CSM+2% glucose,37,30,min,QE1,WAY_B-2_P14
B2-1266,#10,DMSO,matched,,1,B2-1290,WAYB_rep2,BAH,YNB+CSM+2% glucose,37,30,min,QE1,WAY_B-2_P14
B2-1269,#2,DMSO,matched,,1,B2-1294,WAYB_rep2,CEK,YNB+CSM+2% glucose,37,30,min,QE1,WAY_B-2_P14
B2-1270,#10,DMSO,matched,,1,B2-1294,WAYB_rep2,CEK,YNB+CSM+2% glucose,37,30,min,QE1,WAY_B-2_P14
B2-1271,#2,DMSO,matched,,1,B2-1296,WAYB_rep2,DHY210,YNB+CSM+2% glucose,37,30,min,QE1,WAY_B-2_P14
B2-1272,#10,DMSO,matched,,1,B2-1296,WAYB_rep2,DHY210,YNB+CSM+2% glucose,37,30,min,QE1,WAY_B-2_P14
B2-1300,#13,Water,unmatched_huber_only,no_exact_requested_solvent_control,0,,WAYB_rep2,CGD,YNB+CSM+2% glucose,37,30,min,QE1,WAY_B-2_P14
B2-1301,#5,Water,matched,,1,B2-1253,WAYB_rep2,BAH,YNB+CSM+2% glucose,37,30,min,QE1,WAY_B-2_P14
B2-1302,#13,Water,matched,,1,B2-1253,WAYB_rep2,BAH,YNB+CSM+2% glucose,37,30,min,QE1,WAY_B-2_P14
B2-1305,#5,Water,matched,,1,B2-1257,WAYB_rep2,CEK,YNB+CSM+2% glucose,37,30,min,QE1,WAY_B-2_P14
B2-1306,#13,Water,matched,,1,B2-1257,WAYB_rep2,CEK,YNB+CSM+2% glucose,37,30,min,QE1,WAY_B-2_P14
B2-1307,#5,Water,matched,,1,B2-1259,WAYB_rep2,DHY210,YNB+CSM+2% glucose,37,30,min,QE1,WAY_B-2_P14
B2-1308,#13,Water,matched,,1,B2-1259,WAYB_rep2,DHY210,YNB+CSM+2% glucose,37,30,min,QE1,WAY_B-2_P14
B2-1311,#6,DMSO,matched,,1,B2-1288,WAYB_rep2,CGD,YNB+CSM+2% glucose,37,30,min,QE1,WAY_B-2_P14
B2-1313,#6,DMSO,matched,,1,B2-1290,WAYB_rep2,BAH,YNB+CSM+2% glucose,37,30,min,QE1,WAY_B-2_P14
B2-1317,#6,DMSO,matched,,1,B2-1294,WAYB_rep2,CEK,YNB+CSM+2% glucose,37,30,min,QE1,WAY_B-2_P14
B2-1319,#6,DMSO,matched,,1,B2-1296,WAYB_rep2,DHY210,YNB+CSM+2% glucose,37,30,min,QE1,WAY_B-2_P14
B2-1323,#7,Water,unmatched_huber_only,no_exact_requested_solvent_control,0,,WAYB_rep2,CGD,YNB+CSM+2% glucose,37,30,min,QE1,WAY_B-2_P14
B2-1324,#15,Water,unmatched_huber_only,no_exact_requested_solvent_control,0,,WAYB_rep2,CGD,YNB+CSM+2% glucose,37,30,min,QE1,WAY_B-2_P14
B2-1325,#7,Water,matched,,1,B2-1253,WAYB_rep2,BAH,YNB+CSM+2% glucose,37,30,min,QE1,WAY_B-2_P14
B2-1326,#15,Water,matched,,1,B2-1253,WAYB_rep2,BAH,YNB+CSM+2% glucose,37,30,min,QE1,WAY_B-2_P14
B2-1329,#7,Water,matched,,1,B2-1257,WAYB_rep2,CEK,YNB+CSM+2% glucose,37,30,min,QE1,WAY_B-2_P14
B2-1330,#15,Water,matched,,1,B2-1257,WAYB_rep2,CEK,YNB+CSM+2% glucose,37,30,min,QE1,WAY_B-2_P14
B2-1331,#7,Water,matched,,1,B2-1259,WAYB_rep2,DHY210,YNB+CSM+2% glucose,37,30,min,QE1,WAY_B-2_P14
B2-1332,#15,Water,matched,,1,B2-1259,WAYB_rep2,DHY210,YNB+CSM+2% glucose,37,30,min,QE1,WAY_B-2_P14
B2-1336,#16,DMSO,matched,,1,B2-1288,WAYB_rep2,CGD,YNB+CSM+2% glucose,37,30,min,QE1,WAY_B-2_P14
B2-1338,#16,DMSO,matched,,1,B2-1290,WAYB_rep2,BAH,YNB+CSM+2% glucose,37,30,min,QE1,WAY_B-2_P14
B2-1342,#16,DMSO,matched,,1,B2-1294,WAYB_rep2,CEK,YNB+CSM+2% glucose,37,30,min,QE1,WAY_B-2_P14
B2-1344,#16,DMSO,matched,,1,B2-1296,WAYB_rep2,DHY210,YNB+CSM+2% glucose,37,30,min,QE1,WAY_B-2_P14
B2-1359,#2,DMSO,matched,,1,B2-1384,WAYB_rep2,CGD,YNB+CSM+2% glucose,37,60,min,QE1,WAY_B-2_P15
B2-1360,#10,DMSO,matched,,1,B2-1384,WAYB_rep2,CGD,YNB+CSM+2% glucose,37,60,min,QE1,WAY_B-2_P15
B2-1361,#2,DMSO,matched,,1,B2-1386,WAYB_rep2,BAH,YNB+CSM+2% glucose,37,60,min,QE1,WAY_B-2_P15
B2-1362,#10,DMSO,matched,,1,B2-1386,WAYB_rep2,BAH,YNB+CSM+2% glucose,37,60,min,QE1,WAY_B-2_P15
B2-1365,#2,DMSO,matched,,1,B2-1390,WAYB_rep2,CEK,YNB+CSM+2% glucose,37,60,min,QE1,WAY_B-2_P15
B2-1366,#10,DMSO,matched,,1,B2-1390,WAYB_rep2,CEK,YNB+CSM+2% glucose,37,60,min,QE1,WAY_B-2_P15
B2-1367,#2,DMSO,matched,,1,B2-1392,WAYB_rep2,DHY210,YNB+CSM+2% glucose,37,60,min,QE1,WAY_B-2_P15
B2-1395,#5,Water,unmatched_huber_only,no_exact_requested_solvent_control,0,,WAYB_rep2,CGD,YNB+CSM+2% glucose,37,60,min,QE1,WAY_B-2_P15
B2-1396,#13,Water,unmatched_huber_only,no_exact_requested_solvent_control,0,,WAYB_rep2,CGD,YNB+CSM+2% glucose,37,60,min,QE1,WAY_B-2_P15
B2-1397,#5,Water,matched,,1,B2-1349,WAYB_rep2,BAH,YNB+CSM+2% glucose,37,60,min,QE1,WAY_B-2_P15
B2-1398,#13,Water,matched,,1,B2-1349,WAYB_rep2,BAH,YNB+CSM+2% glucose,37,60,min,QE1,WAY_B-2_P15
B2-1401,#5,Water,matched,,1,B2-1353,WAYB_rep2,CEK,YNB+CSM+2% glucose,37,60,min,QE1,WAY_B-2_P15
B2-1402,#13,Water,matched,,1,B2-1353,WAYB_rep2,CEK,YNB+CSM+2% glucose,37,60,min,QE1,WAY_B-2_P15
B2-1403,#5,Water,matched,,1,B2-1355,WAYB_rep2,DHY210,YNB+CSM+2% glucose,37,60,min,QE1,WAY_B-2_P15
B2-1404,#13,Water,matched,,1,B2-1355,WAYB_rep2,DHY210,YNB+CSM+2% glucose,37,60,min,QE1,WAY_B-2_P15
B2-1407,#6,DMSO,matched,,1,B2-1384,WAYB_rep2,CGD,YNB+CSM+2% glucose,37,60,min,QE1,WAY_B-2_P15
B2-1409,#6,DMSO,matched,,1,B2-1386,WAYB_rep2,BAH,YNB+CSM+2% glucose,37,60,min,QE1,WAY_B-2_P15
B2-1413,#6,DMSO,matched,,1,B2-1390,WAYB_rep2,CEK,YNB+CSM+2% glucose,37,60,min,QE1,WAY_B-2_P15
B2-1415,#6,DMSO,matched,,1,B2-1392,WAYB_rep2,DHY210,YNB+CSM+2% glucose,37,60,min,QE1,WAY_B-2_P15
B2-1419,#7,Water,unmatched_huber_only,no_exact_requested_solvent_control,0,,WAYB_rep2,CGD,YNB+CSM+2% glucose,37,60,min,QE1,WAY_B-2_P15
B2-1420,#15,Water,unmatched_huber_only,no_exact_requested_solvent_control,0,,WAYB_rep2,CGD,YNB+CSM+2% glucose,37,60,min,QE1,WAY_B-2_P15
B2-1421,#7,Water,matched,,1,B2-1349,WAYB_rep2,BAH,YNB+CSM+2% glucose,37,60,min,QE1,WAY_B-2_P15
B2-1422,#15,Water,matched,,1,B2-1349,WAYB_rep2,BAH,YNB+CSM+2% glucose,37,60,min,QE1,WAY_B-2_P15
B2-1425,#7,Water,matched,,1,B2-1353,WAYB_rep2,CEK,YNB+CSM+2% glucose,37,60,min,QE1,WAY_B-2_P15
B2-1426,#15,Water,matched,,1,B2-1353,WAYB_rep2,CEK,YNB+CSM+2% glucose,37,60,min,QE1,WAY_B-2_P15
B2-1427,#7,Water,matched,,1,B2-1355,WAYB_rep2,DHY210,YNB+CSM+2% glucose,37,60,min,QE1,WAY_B-2_P15
B2-1428,#15,Water,matched,,1,B2-1355,WAYB_rep2,DHY210,YNB+CSM+2% glucose,37,60,min,QE1,WAY_B-2_P15
B2-1432,#16,DMSO,matched,,1,B2-1384,WAYB_rep2,CGD,YNB+CSM+2% glucose,37,60,min,QE1,WAY_B-2_P15
B2-1434,#16,DMSO,matched,,1,B2-1386,WAYB_rep2,BAH,YNB+CSM+2% glucose,37,60,min,QE1,WAY_B-2_P15
B2-1438,#16,DMSO,matched,,1,B2-1390,WAYB_rep2,CEK,YNB+CSM+2% glucose,37,60,min,QE1,WAY_B-2_P15
B2-1440,#16,DMSO,matched,,1,B2-1392,WAYB_rep2,DHY210,YNB+CSM+2% glucose,37,60,min,QE1,WAY_B-2_P15
B2-1455,#2,DMSO,matched,,1,B2-1480,WAYB_rep2,CGD,YNB+CSM+2% glucose,37,90,min,QE2,WAY_B-2_P16
B2-1456,#10,DMSO,matched,,1,B2-1480,WAYB_rep2,CGD,YNB+CSM+2% glucose,37,90,min,QE2,WAY_B-2_P16
B2-1458,#10,DMSO,matched,,1,B2-1482,WAYB_rep2,BAH,YNB+CSM+2% glucose,37,90,min,QE2,WAY_B-2_P16
B2-1461,#2,DMSO,unmatched_huber_only,no_exact_requested_solvent_control,0,,WAYB_rep2,CEK,YNB+CSM+2% glucose,37,90,min,QE2,WAY_B-2_P16
B2-1462,#10,DMSO,unmatched_huber_only,no_exact_requested_solvent_control,0,,WAYB_rep2,CEK,YNB+CSM+2% glucose,37,90,min,QE2,WAY_B-2_P16
B2-1463,#2,DMSO,matched,,1,B2-1488,WAYB_rep2,DHY210,YNB+CSM+2% glucose,37,90,min,QE2,WAY_B-2_P16
B2-1464,#10,DMSO,matched,,1,B2-1488,WAYB_rep2,DHY210,YNB+CSM+2% glucose,37,90,min,QE2,WAY_B-2_P16
B2-1491,#5,Water,matched,,1,B2-1443,WAYB_rep2,CGD,YNB+CSM+2% glucose,37,90,min,QE2,WAY_B-2_P16
B2-1492,#13,Water,matched,,1,B2-1443,WAYB_rep2,CGD,YNB+CSM+2% glucose,37,90,min,QE2,WAY_B-2_P16
B2-1493,#5,Water,matched,,1,B2-1445,WAYB_rep2,BAH,YNB+CSM+2% glucose,37,90,min,QE2,WAY_B-2_P16
B2-1494,#13,Water,matched,,1,B2-1445,WAYB_rep2,BAH,YNB+CSM+2% glucose,37,90,min,QE2,WAY_B-2_P16
B2-1497,#5,Water,matched,,1,B2-1449,WAYB_rep2,CEK,YNB+CSM+2% glucose,37,90,min,QE2,WAY_B-2_P16
B2-1498,#13,Water,matched,,1,B2-1449,WAYB_rep2,CEK,YNB+CSM+2% glucose,37,90,min,QE2,WAY_B-2_P16
B2-1499,#5,Water,matched,,1,B2-1451,WAYB_rep2,DHY210,YNB+CSM+2% glucose,37,90,min,QE2,WAY_B-2_P16
B2-1500,#13,Water,matched,,1,B2-1451,WAYB_rep2,DHY210,YNB+CSM+2% glucose,37,90,min,QE2,WAY_B-2_P16
B2-1503,#6,DMSO,matched,,1,B2-1480,WAYB_rep2,CGD,YNB+CSM+2% glucose,37,90,min,QE2,WAY_B-2_P16
B2-1505,#6,DMSO,matched,,1,B2-1482,WAYB_rep2,BAH,YNB+CSM+2% glucose,37,90,min,QE2,WAY_B-2_P16
B2-1509,#6,DMSO,unmatched_huber_only,no_exact_requested_solvent_control,0,,WAYB_rep2,CEK,YNB+CSM+2% glucose,37,90,min,QE2,WAY_B-2_P16
B2-1511,#6,DMSO,matched,,1,B2-1488,WAYB_rep2,DHY210,YNB+CSM+2% glucose,37,90,min,QE2,WAY_B-2_P16
B2-1515,#7,Water,matched,,1,B2-1443,WAYB_rep2,CGD,YNB+CSM+2% glucose,37,90,min,QE2,WAY_B-2_P16
B2-1516,#15,Water,matched,,1,B2-1443,WAYB_rep2,CGD,YNB+CSM+2% glucose,37,90,min,QE2,WAY_B-2_P16
B2-1517,#7,Water,matched,,1,B2-1445,WAYB_rep2,BAH,YNB+CSM+2% glucose,37,90,min,QE2,WAY_B-2_P16
B2-1518,#15,Water,matched,,1,B2-1445,WAYB_rep2,BAH,YNB+CSM+2% glucose,37,90,min,QE2,WAY_B-2_P16
B2-1521,#7,Water,matched,,1,B2-1449,WAYB_rep2,CEK,YNB+CSM+2% glucose,37,90,min,QE2,WAY_B-2_P16
B2-1522,#15,Water,matched,,1,B2-1449,WAYB_rep2,CEK,YNB+CSM+2% glucose,37,90,min,QE2,WAY_B-2_P16
B2-1523,#7,Water,matched,,1,B2-1451,WAYB_rep2,DHY210,YNB+CSM+2% glucose,37,90,min,QE2,WAY_B-2_P16
B2-1524,#15,Water,matched,,1,B2-1451,WAYB_rep2,DHY210,YNB+CSM+2% glucose,37,90,min,QE2,WAY_B-2_P16
B2-1528,#16,DMSO,matched,,1,B2-1480,WAYB_rep2,CGD,YNB+CSM+2% glucose,37,90,min,QE2,WAY_B-2_P16
B2-1534,#16,DMSO,unmatched_huber_only,no_exact_requested_solvent_control,0,,WAYB_rep2,CEK,YNB+CSM+2% glucose,37,90,min,QE2,WAY_B-2_P16
B2-1536,#16,DMSO,matched,,1,B2-1488,WAYB_rep2,DHY210,YNB+CSM+2% glucose,37,90,min,QE2,WAY_B-2_P16
B2-1551,#2,DMSO,matched,,1,B2-1576,WAYB_rep2,CGD,YNB+CSM+2% glucose,37,120,min,CAB,WAY_B-2_P17
B2-1552,#10,DMSO,matched,,1,B2-1576,WAYB_rep2,CGD,YNB+CSM+2% glucose,37,120,min,CAB,WAY_B-2_P17
B2-1553,#2,DMSO,matched,,1,B2-1578,WAYB_rep2,BAH,YNB+CSM+2% glucose,37,120,min,CAB,WAY_B-2_P17
B2-1554,#10,DMSO,matched,,1,B2-1578,WAYB_rep2,BAH,YNB+CSM+2% glucose,37,120,min,CAB,WAY_B-2_P17
B2-1557,#2,DMSO,matched,,1,B2-1582,WAYB_rep2,CEK,YNB+CSM+2% glucose,37,120,min,CAB,WAY_B-2_P17
B2-1558,#10,DMSO,matched,,1,B2-1582,WAYB_rep2,CEK,YNB+CSM+2% glucose,37,120,min,CAB,WAY_B-2_P17
B2-1559,#2,DMSO,matched,,1,B2-1584,WAYB_rep2,DHY210,YNB+CSM+2% glucose,37,120,min,CAB,WAY_B-2_P17
B2-1560,#10,DMSO,matched,,1,B2-1584,WAYB_rep2,DHY210,YNB+CSM+2% glucose,37,120,min,CAB,WAY_B-2_P17
B2-1587,#5,Water,matched,,1,B2-1539,WAYB_rep2,CGD,YNB+CSM+2% glucose,37,120,min,CAB,WAY_B-2_P17
B2-1588,#13,Water,matched,,1,B2-1539,WAYB_rep2,CGD,YNB+CSM+2% glucose,37,120,min,CAB,WAY_B-2_P17
B2-1589,#5,Water,matched,,1,B2-1541,WAYB_rep2,BAH,YNB+CSM+2% glucose,37,120,min,CAB,WAY_B-2_P17
B2-1590,#13,Water,matched,,1,B2-1541,WAYB_rep2,BAH,YNB+CSM+2% glucose,37,120,min,CAB,WAY_B-2_P17
B2-1593,#5,Water,matched,,1,B2-1545,WAYB_rep2,CEK,YNB+CSM+2% glucose,37,120,min,CAB,WAY_B-2_P17
B2-1594,#13,Water,matched,,1,B2-1545,WAYB_rep2,CEK,YNB+CSM+2% glucose,37,120,min,CAB,WAY_B-2_P17
B2-1596,#13,Water,matched,,1,B2-1547,WAYB_rep2,DHY210,YNB+CSM+2% glucose,37,120,min,CAB,WAY_B-2_P17
B2-1599,#6,DMSO,matched,,1,B2-1576,WAYB_rep2,CGD,YNB+CSM+2% glucose,37,120,min,CAB,WAY_B-2_P17
B2-1601,#6,DMSO,matched,,1,B2-1578,WAYB_rep2,BAH,YNB+CSM+2% glucose,37,120,min,CAB,WAY_B-2_P17
B2-1605,#6,DMSO,matched,,1,B2-1582,WAYB_rep2,CEK,YNB+CSM+2% glucose,37,120,min,CAB,WAY_B-2_P17
B2-1607,#6,DMSO,matched,,1,B2-1584,WAYB_rep2,DHY210,YNB+CSM+2% glucose,37,120,min,CAB,WAY_B-2_P17
B2-1611,#7,Water,matched,,1,B2-1539,WAYB_rep2,CGD,YNB+CSM+2% glucose,37,120,min,CAB,WAY_B-2_P17
B2-1612,#15,Water,matched,,1,B2-1539,WAYB_rep2,CGD,YNB+CSM+2% glucose,37,120,min,CAB,WAY_B-2_P17
B2-1614,#15,Water,matched,,1,B2-1541,WAYB_rep2,BAH,YNB+CSM+2% glucose,37,120,min,CAB,WAY_B-2_P17
B2-1617,#7,Water,matched,,1,B2-1545,WAYB_rep2,CEK,YNB+CSM+2% glucose,37,120,min,CAB,WAY_B-2_P17
B2-1618,#15,Water,matched,,1,B2-1545,WAYB_rep2,CEK,YNB+CSM+2% glucose,37,120,min,CAB,WAY_B-2_P17
B2-1619,#7,Water,matched,,1,B2-1547,WAYB_rep2,DHY210,YNB+CSM+2% glucose,37,120,min,CAB,WAY_B-2_P17
B2-1620,#15,Water,matched,,1,B2-1547,WAYB_rep2,DHY210,YNB+CSM+2% glucose,37,120,min,CAB,WAY_B-2_P17
B2-1624,#16,DMSO,matched,,1,B2-1576,WAYB_rep2,CGD,YNB+CSM+2% glucose,37,120,min,CAB,WAY_B-2_P17
B2-1626,#16,DMSO,matched,,1,B2-1578,WAYB_rep2,BAH,YNB+CSM+2% glucose,37,120,min,CAB,WAY_B-2_P17
B2-1630,#16,DMSO,matched,,1,B2-1582,WAYB_rep2,CEK,YNB+CSM+2% glucose,37,120,min,CAB,WAY_B-2_P17
B2-1632,#16,DMSO,matched,,1,B2-1584,WAYB_rep2,DHY210,YNB+CSM+2% glucose,37,120,min,CAB,WAY_B-2_P17
B2-1743,#2,DMSO,matched,,1,B2-1768,WAYB_rep2,CGD,YNB+CSM+2% galactose,37,15,min,QE2,WAY_B-2_P19
B2-1744,#10,DMSO,matched,,1,B2-1768,WAYB_rep2,CGD,YNB+CSM+2% galactose,37,15,min,QE2,WAY_B-2_P19
B2-1745,#2,DMSO,matched,,1,B2-1770,WAYB_rep2,BAH,YNB+CSM+2% galactose,37,15,min,QE2,WAY_B-2_P19
B2-1746,#10,DMSO,matched,,1,B2-1770,WAYB_rep2,BAH,YNB+CSM+2% galactose,37,15,min,QE2,WAY_B-2_P19
B2-1749,#2,DMSO,matched,,1,B2-1774,WAYB_rep2,CEK,YNB+CSM+2% galactose,37,15,min,QE2,WAY_B-2_P19
B2-1750,#10,DMSO,matched,,1,B2-1774,WAYB_rep2,CEK,YNB+CSM+2% galactose,37,15,min,QE2,WAY_B-2_P19
B2-1751,#2,DMSO,matched,,1,B2-1776,WAYB_rep2,DHY210,YNB+CSM+2% galactose,37,15,min,QE2,WAY_B-2_P19
B2-1752,#10,DMSO,matched,,1,B2-1776,WAYB_rep2,DHY210,YNB+CSM+2% galactose,37,15,min,QE2,WAY_B-2_P19
B2-1779,#5,Water,unmatched_huber_only,no_exact_requested_solvent_control,0,,WAYB_rep2,CGD,YNB+CSM+2% galactose,37,15,min,QE2,WAY_B-2_P19
B2-1780,#13,Water,unmatched_huber_only,no_exact_requested_solvent_control,0,,WAYB_rep2,CGD,YNB+CSM+2% galactose,37,15,min,QE2,WAY_B-2_P19
B2-1781,#5,Water,matched,,1,B2-1733,WAYB_rep2,BAH,YNB+CSM+2% galactose,37,15,min,QE2,WAY_B-2_P19
B2-1782,#13,Water,matched,,1,B2-1733,WAYB_rep2,BAH,YNB+CSM+2% galactose,37,15,min,QE2,WAY_B-2_P19
B2-1785,#5,Water,matched,,1,B2-1737,WAYB_rep2,CEK,YNB+CSM+2% galactose,37,15,min,QE2,WAY_B-2_P19
B2-1786,#13,Water,matched,,1,B2-1737,WAYB_rep2,CEK,YNB+CSM+2% galactose,37,15,min,QE2,WAY_B-2_P19
B2-1787,#5,Water,matched,,1,B2-1739,WAYB_rep2,DHY210,YNB+CSM+2% galactose,37,15,min,QE2,WAY_B-2_P19
B2-1788,#13,Water,matched,,1,B2-1739,WAYB_rep2,DHY210,YNB+CSM+2% galactose,37,15,min,QE2,WAY_B-2_P19
B2-1791,#6,DMSO,matched,,1,B2-1768,WAYB_rep2,CGD,YNB+CSM+2% galactose,37,15,min,QE2,WAY_B-2_P19
B2-1793,#6,DMSO,matched,,1,B2-1770,WAYB_rep2,BAH,YNB+CSM+2% galactose,37,15,min,QE2,WAY_B-2_P19
B2-1797,#6,DMSO,matched,,1,B2-1774,WAYB_rep2,CEK,YNB+CSM+2% galactose,37,15,min,QE2,WAY_B-2_P19
B2-1799,#6,DMSO,matched,,1,B2-1776,WAYB_rep2,DHY210,YNB+CSM+2% galactose,37,15,min,QE2,WAY_B-2_P19
B2-1803,#7,Water,unmatched_huber_only,no_exact_requested_solvent_control,0,,WAYB_rep2,CGD,YNB+CSM+2% galactose,37,15,min,QE2,WAY_B-2_P19
B2-1804,#15,Water,unmatched_huber_only,no_exact_requested_solvent_control,0,,WAYB_rep2,CGD,YNB+CSM+2% galactose,37,15,min,QE2,WAY_B-2_P19
B2-1805,#7,Water,matched,,1,B2-1733,WAYB_rep2,BAH,YNB+CSM+2% galactose,37,15,min,QE2,WAY_B-2_P19
B2-1806,#15,Water,matched,,1,B2-1733,WAYB_rep2,BAH,YNB+CSM+2% galactose,37,15,min,QE2,WAY_B-2_P19
B2-1809,#7,Water,matched,,1,B2-1737,WAYB_rep2,CEK,YNB+CSM+2% galactose,37,15,min,QE2,WAY_B-2_P19
B2-1810,#15,Water,matched,,1,B2-1737,WAYB_rep2,CEK,YNB+CSM+2% galactose,37,15,min,QE2,WAY_B-2_P19
B2-1811,#7,Water,matched,,1,B2-1739,WAYB_rep2,DHY210,YNB+CSM+2% galactose,37,15,min,QE2,WAY_B-2_P19
B2-1812,#15,Water,matched,,1,B2-1739,WAYB_rep2,DHY210,YNB+CSM+2% galactose,37,15,min,QE2,WAY_B-2_P19
B2-1816,#16,DMSO,matched,,1,B2-1768,WAYB_rep2,CGD,YNB+CSM+2% galactose,37,15,min,QE2,WAY_B-2_P19
B2-1818,#16,DMSO,matched,,1,B2-1770,WAYB_rep2,BAH,YNB+CSM+2% galactose,37,15,min,QE2,WAY_B-2_P19
B2-1822,#16,DMSO,matched,,1,B2-1774,WAYB_rep2,CEK,YNB+CSM+2% galactose,37,15,min,QE2,WAY_B-2_P19
B2-1824,#16,DMSO,matched,,1,B2-1776,WAYB_rep2,DHY210,YNB+CSM+2% galactose,37,15,min,QE2,WAY_B-2_P19
B2-1839,#2,DMSO,matched,,1,B2-1864,WAYB_rep2,CGD,YNB+CSM+2% galactose,37,30,min,CAB,WAY_B-2_P20
B2-1840,#10,DMSO,matched,,1,B2-1864,WAYB_rep2,CGD,YNB+CSM+2% galactose,37,30,min,CAB,WAY_B-2_P20
B2-1841,#2,DMSO,matched,,1,B2-1866,WAYB_rep2,BAH,YNB+CSM+2% galactose,37,30,min,CAB,WAY_B-2_P20
B2-1842,#10,DMSO,matched,,1,B2-1866,WAYB_rep2,BAH,YNB+CSM+2% galactose,37,30,min,CAB,WAY_B-2_P20
B2-1846,#10,DMSO,matched,,1,B2-1870,WAYB_rep2,CEK,YNB+CSM+2% galactose,37,30,min,CAB,WAY_B-2_P20
B2-1847,#2,DMSO,matched,,1,B2-1872,WAYB_rep2,DHY210,YNB+CSM+2% galactose,37,30,min,CAB,WAY_B-2_P20
B2-1848,#10,DMSO,matched,,1,B2-1872,WAYB_rep2,DHY210,YNB+CSM+2% galactose,37,30,min,CAB,WAY_B-2_P20
B2-1875,#5,Water,matched,,1,B2-1827,WAYB_rep2,CGD,YNB+CSM+2% galactose,37,30,min,CAB,WAY_B-2_P20
B2-1876,#13,Water,matched,,1,B2-1827,WAYB_rep2,CGD,YNB+CSM+2% galactose,37,30,min,CAB,WAY_B-2_P20
B2-1877,#5,Water,matched,,1,B2-1829,WAYB_rep2,BAH,YNB+CSM+2% galactose,37,30,min,CAB,WAY_B-2_P20
B2-1878,#13,Water,matched,,1,B2-1829,WAYB_rep2,BAH,YNB+CSM+2% galactose,37,30,min,CAB,WAY_B-2_P20
B2-1881,#5,Water,matched,,1,B2-1833,WAYB_rep2,CEK,YNB+CSM+2% galactose,37,30,min,CAB,WAY_B-2_P20
B2-1882,#13,Water,matched,,1,B2-1833,WAYB_rep2,CEK,YNB+CSM+2% galactose,37,30,min,CAB,WAY_B-2_P20
B2-1883,#5,Water,matched,,1,B2-1835,WAYB_rep2,DHY210,YNB+CSM+2% galactose,37,30,min,CAB,WAY_B-2_P20
B2-1884,#13,Water,matched,,1,B2-1835,WAYB_rep2,DHY210,YNB+CSM+2% galactose,37,30,min,CAB,WAY_B-2_P20
B2-1887,#6,DMSO,matched,,1,B2-1864,WAYB_rep2,CGD,YNB+CSM+2% galactose,37,30,min,CAB,WAY_B-2_P20
B2-1889,#6,DMSO,matched,,1,B2-1866,WAYB_rep2,BAH,YNB+CSM+2% galactose,37,30,min,CAB,WAY_B-2_P20
B2-1893,#6,DMSO,matched,,1,B2-1870,WAYB_rep2,CEK,YNB+CSM+2% galactose,37,30,min,CAB,WAY_B-2_P20
B2-1895,#6,DMSO,matched,,1,B2-1872,WAYB_rep2,DHY210,YNB+CSM+2% galactose,37,30,min,CAB,WAY_B-2_P20
B2-1899,#7,Water,matched,,1,B2-1827,WAYB_rep2,CGD,YNB+CSM+2% galactose,37,30,min,CAB,WAY_B-2_P20
B2-1900,#15,Water,matched,,1,B2-1827,WAYB_rep2,CGD,YNB+CSM+2% galactose,37,30,min,CAB,WAY_B-2_P20
B2-1901,#7,Water,matched,,1,B2-1829,WAYB_rep2,BAH,YNB+CSM+2% galactose,37,30,min,CAB,WAY_B-2_P20
B2-1902,#15,Water,matched,,1,B2-1829,WAYB_rep2,BAH,YNB+CSM+2% galactose,37,30,min,CAB,WAY_B-2_P20
B2-1905,#7,Water,matched,,1,B2-1833,WAYB_rep2,CEK,YNB+CSM+2% galactose,37,30,min,CAB,WAY_B-2_P20
B2-1906,#15,Water,matched,,1,B2-1833,WAYB_rep2,CEK,YNB+CSM+2% galactose,37,30,min,CAB,WAY_B-2_P20
B2-1907,#7,Water,matched,,1,B2-1835,WAYB_rep2,DHY210,YNB+CSM+2% galactose,37,30,min,CAB,WAY_B-2_P20
B2-1908,#15,Water,matched,,1,B2-1835,WAYB_rep2,DHY210,YNB+CSM+2% galactose,37,30,min,CAB,WAY_B-2_P20
B2-1912,#16,DMSO,matched,,1,B2-1864,WAYB_rep2,CGD,YNB+CSM+2% galactose,37,30,min,CAB,WAY_B-2_P20
B2-1914,#16,DMSO,matched,,1,B2-1866,WAYB_rep2,BAH,YNB+CSM+2% galactose,37,30,min,CAB,WAY_B-2_P20
B2-1920,#16,DMSO,matched,,1,B2-1872,WAYB_rep2,DHY210,YNB+CSM+2% galactose,37,30,min,CAB,WAY_B-2_P20
B2-1935,#2,DMSO,matched,,1,B2-1960,WAYB_rep2,CGD,YNB+CSM+2% galactose,37,60,min,QE1,WAY_B-2_P21
B2-1936,#10,DMSO,matched,,1,B2-1960,WAYB_rep2,CGD,YNB+CSM+2% galactose,37,60,min,QE1,WAY_B-2_P21
B2-1937,#2,DMSO,matched,,1,B2-1962,WAYB_rep2,BAH,YNB+CSM+2% galactose,37,60,min,QE1,WAY_B-2_P21
B2-1938,#10,DMSO,matched,,1,B2-1962,WAYB_rep2,BAH,YNB+CSM+2% galactose,37,60,min,QE1,WAY_B-2_P21
B2-1941,#2,DMSO,matched,,1,B2-1966,WAYB_rep2,CEK,YNB+CSM+2% galactose,37,60,min,QE1,WAY_B-2_P21
B2-1942,#10,DMSO,matched,,1,B2-1966,WAYB_rep2,CEK,YNB+CSM+2% galactose,37,60,min,QE1,WAY_B-2_P21
B2-1943,#2,DMSO,matched,,1,B2-1968,WAYB_rep2,DHY210,YNB+CSM+2% galactose,37,60,min,QE1,WAY_B-2_P21
B2-1944,#10,DMSO,matched,,1,B2-1968,WAYB_rep2,DHY210,YNB+CSM+2% galactose,37,60,min,QE1,WAY_B-2_P21
B2-1971,#5,Water,unmatched_huber_only,no_exact_requested_solvent_control,0,,WAYB_rep2,CGD,YNB+CSM+2% galactose,37,60,min,QE1,WAY_B-2_P21
B2-1972,#13,Water,unmatched_huber_only,no_exact_requested_solvent_control,0,,WAYB_rep2,CGD,YNB+CSM+2% galactose,37,60,min,QE1,WAY_B-2_P21
B2-1973,#5,Water,matched,,1,B2-1925,WAYB_rep2,BAH,YNB+CSM+2% galactose,37,60,min,QE1,WAY_B-2_P21
B2-1974,#13,Water,matched,,1,B2-1925,WAYB_rep2,BAH,YNB+CSM+2% galactose,37,60,min,QE1,WAY_B-2_P21
B2-1977,#5,Water,matched,,1,B2-1929,WAYB_rep2,CEK,YNB+CSM+2% galactose,37,60,min,QE1,WAY_B-2_P21
B2-1978,#13,Water,matched,,1,B2-1929,WAYB_rep2,CEK,YNB+CSM+2% galactose,37,60,min,QE1,WAY_B-2_P21
B2-1979,#5,Water,matched,,1,B2-1931,WAYB_rep2,DHY210,YNB+CSM+2% galactose,37,60,min,QE1,WAY_B-2_P21
B2-1980,#13,Water,matched,,1,B2-1931,WAYB_rep2,DHY210,YNB+CSM+2% galactose,37,60,min,QE1,WAY_B-2_P21
B2-1983,#6,DMSO,matched,,1,B2-1960,WAYB_rep2,CGD,YNB+CSM+2% galactose,37,60,min,QE1,WAY_B-2_P21
B2-1985,#6,DMSO,matched,,1,B2-1962,WAYB_rep2,BAH,YNB+CSM+2% galactose,37,60,min,QE1,WAY_B-2_P21
B2-1989,#6,DMSO,matched,,1,B2-1966,WAYB_rep2,CEK,YNB+CSM+2% galactose,37,60,min,QE1,WAY_B-2_P21
B2-1991,#6,DMSO,matched,,1,B2-1968,WAYB_rep2,DHY210,YNB+CSM+2% galactose,37,60,min,QE1,WAY_B-2_P21
B2-1995,#7,Water,unmatched_huber_only,no_exact_requested_solvent_control,0,,WAYB_rep2,CGD,YNB+CSM+2% galactose,37,60,min,QE1,WAY_B-2_P21
B2-1996,#15,Water,unmatched_huber_only,no_exact_requested_solvent_control,0,,WAYB_rep2,CGD,YNB+CSM+2% galactose,37,60,min,QE1,WAY_B-2_P21
B2-1997,#7,Water,matched,,1,B2-1925,WAYB_rep2,BAH,YNB+CSM+2% galactose,37,60,min,QE1,WAY_B-2_P21
B2-1998,#15,Water,matched,,1,B2-1925,WAYB_rep2,BAH,YNB+CSM+2% galactose,37,60,min,QE1,WAY_B-2_P21
B2-2001,#7,Water,matched,,1,B2-1929,WAYB_rep2,CEK,YNB+CSM+2% galactose,37,60,min,QE1,WAY_B-2_P21
B2-2002,#15,Water,matched,,1,B2-1929,WAYB_rep2,CEK,YNB+CSM+2% galactose,37,60,min,QE1,WAY_B-2_P21
B2-2003,#7,Water,matched,,1,B2-1931,WAYB_rep2,DHY210,YNB+CSM+2% galactose,37,60,min,QE1,WAY_B-2_P21
B2-2004,#15,Water,matched,,1,B2-1931,WAYB_rep2,DHY210,YNB+CSM+2% galactose,37,60,min,QE1,WAY_B-2_P21
B2-2008,#16,DMSO,matched,,1,B2-1960,WAYB_rep2,CGD,YNB+CSM+2% galactose,37,60,min,QE1,WAY_B-2_P21
B2-2010,#16,DMSO,matched,,1,B2-1962,WAYB_rep2,BAH,YNB+CSM+2% galactose,37,60,min,QE1,WAY_B-2_P21
B2-2014,#16,DMSO,matched,,1,B2-1966,WAYB_rep2,CEK,YNB+CSM+2% galactose,37,60,min,QE1,WAY_B-2_P21
B2-2016,#16,DMSO,matched,,1,B2-1968,WAYB_rep2,DHY210,YNB+CSM+2% galactose,37,60,min,QE1,WAY_B-2_P21
B2-2127,#2,DMSO,matched,,1,B2-2152,WAYB_rep2,CGD,YNB+CSM+2% galactose,37,120,min,CAB,WAY_B-2_P23
B2-2128,#10,DMSO,matched,,1,B2-2152,WAYB_rep2,CGD,YNB+CSM+2% galactose,37,120,min,CAB,WAY_B-2_P23
B2-2129,#2,DMSO,matched,,1,B2-2154,WAYB_rep2,BAH,YNB+CSM+2% galactose,37,120,min,CAB,WAY_B-2_P23
B2-2130,#10,DMSO,matched,,1,B2-2154,WAYB_rep2,BAH,YNB+CSM+2% galactose,37,120,min,CAB,WAY_B-2_P23
B2-2133,#2,DMSO,matched,,1,B2-2158,WAYB_rep2,CEK,YNB+CSM+2% galactose,37,120,min,CAB,WAY_B-2_P23
B2-2134,#10,DMSO,matched,,1,B2-2158,WAYB_rep2,CEK,YNB+CSM+2% galactose,37,120,min,CAB,WAY_B-2_P23
B2-2135,#2,DMSO,matched,,1,B2-2160,WAYB_rep2,DHY210,YNB+CSM+2% galactose,37,120,min,CAB,WAY_B-2_P23
B2-2136,#10,DMSO,matched,,1,B2-2160,WAYB_rep2,DHY210,YNB+CSM+2% galactose,37,120,min,CAB,WAY_B-2_P23
B2-2163,#5,Water,matched,,1,B2-2115,WAYB_rep2,CGD,YNB+CSM+2% galactose,37,120,min,CAB,WAY_B-2_P23
B2-2164,#13,Water,matched,,1,B2-2115,WAYB_rep2,CGD,YNB+CSM+2% galactose,37,120,min,CAB,WAY_B-2_P23
B2-2165,#5,Water,matched,,1,B2-2117,WAYB_rep2,BAH,YNB+CSM+2% galactose,37,120,min,CAB,WAY_B-2_P23
B2-2166,#13,Water,matched,,1,B2-2117,WAYB_rep2,BAH,YNB+CSM+2% galactose,37,120,min,CAB,WAY_B-2_P23
B2-2169,#5,Water,matched,,1,B2-2121,WAYB_rep2,CEK,YNB+CSM+2% galactose,37,120,min,CAB,WAY_B-2_P23
B2-2170,#13,Water,matched,,1,B2-2121,WAYB_rep2,CEK,YNB+CSM+2% galactose,37,120,min,CAB,WAY_B-2_P23
B2-2171,#5,Water,matched,,1,B2-2123,WAYB_rep2,DHY210,YNB+CSM+2% galactose,37,120,min,CAB,WAY_B-2_P23
B2-2172,#13,Water,matched,,1,B2-2123,WAYB_rep2,DHY210,YNB+CSM+2% galactose,37,120,min,CAB,WAY_B-2_P23
B2-2175,#6,DMSO,matched,,1,B2-2152,WAYB_rep2,CGD,YNB+CSM+2% galactose,37,120,min,CAB,WAY_B-2_P23
B2-2177,#6,DMSO,matched,,1,B2-2154,WAYB_rep2,BAH,YNB+CSM+2% galactose,37,120,min,CAB,WAY_B-2_P23
B2-2181,#6,DMSO,matched,,1,B2-2158,WAYB_rep2,CEK,YNB+CSM+2% galactose,37,120,min,CAB,WAY_B-2_P23
B2-2183,#6,DMSO,matched,,1,B2-2160,WAYB_rep2,DHY210,YNB+CSM+2% galactose,37,120,min,CAB,WAY_B-2_P23
B2-2187,#7,Water,matched,,1,B2-2115,WAYB_rep2,CGD,YNB+CSM+2% galactose,37,120,min,CAB,WAY_B-2_P23
B2-2188,#15,Water,matched,,1,B2-2115,WAYB_rep2,CGD,YNB+CSM+2% galactose,37,120,min,CAB,WAY_B-2_P23
B2-2189,#7,Water,matched,,1,B2-2117,WAYB_rep2,BAH,YNB+CSM+2% galactose,37,120,min,CAB,WAY_B-2_P23
B2-2190,#15,Water,matched,,1,B2-2117,WAYB_rep2,BAH,YNB+CSM+2% galactose,37,120,min,CAB,WAY_B-2_P23
B2-2193,#7,Water,matched,,1,B2-2121,WAYB_rep2,CEK,YNB+CSM+2% galactose,37,120,min,CAB,WAY_B-2_P23
B2-2194,#15,Water,matched,,1,B2-2121,WAYB_rep2,CEK,YNB+CSM+2% galactose,37,120,min,CAB,WAY_B-2_P23
B2-2195,#7,Water,matched,,1,B2-2123,WAYB_rep2,DHY210,YNB+CSM+2% galactose,37,120,min,CAB,WAY_B-2_P23
B2-2196,#15,Water,matched,,1,B2-2123,WAYB_rep2,DHY210,YNB+CSM+2% galactose,37,120,min,CAB,WAY_B-2_P23
B2-2200,#16,DMSO,matched,,1,B2-2152,WAYB_rep2,CGD,YNB+CSM+2% galactose,37,120,min,CAB,WAY_B-2_P23
B2-2202,#16,DMSO,matched,,1,B2-2154,WAYB_rep2,BAH,YNB+CSM+2% galactose,37,120,min,CAB,WAY_B-2_P23
B2-2206,#16,DMSO,matched,,1,B2-2158,WAYB_rep2,CEK,YNB+CSM+2% galactose,37,120,min,CAB,WAY_B-2_P23
B2-2208,#16,DMSO,matched,,1,B2-2160,WAYB_rep2,DHY210,YNB+CSM+2% galactose,37,120,min,CAB,WAY_B-2_P23
B2-2223,#2,DMSO,matched,,1,B2-2248,WAYB_rep2,CGD,YNB+CSM+2% galactose,37,240,min,QE2,WAY_B-2_P24
B2-2224,#10,DMSO,matched,,1,B2-2248,WAYB_rep2,CGD,YNB+CSM+2% galactose,37,240,min,QE2,WAY_B-2_P24
B2-2225,#2,DMSO,matched,,1,B2-2250,WAYB_rep2,BAH,YNB+CSM+2% galactose,37,240,min,QE2,WAY_B-2_P24
B2-2226,#10,DMSO,matched,,1,B2-2250,WAYB_rep2,BAH,YNB+CSM+2% galactose,37,240,min,QE2,WAY_B-2_P24
B2-2229,#2,DMSO,matched,,1,B2-2254,WAYB_rep2,CEK,YNB+CSM+2% galactose,37,240,min,QE2,WAY_B-2_P24
B2-2230,#10,DMSO,matched,,1,B2-2254,WAYB_rep2,CEK,YNB+CSM+2% galactose,37,240,min,QE2,WAY_B-2_P24
B2-2231,#2,DMSO,matched,,1,B2-2256,WAYB_rep2,DHY210,YNB+CSM+2% galactose,37,240,min,QE2,WAY_B-2_P24
B2-2232,#10,DMSO,matched,,1,B2-2256,WAYB_rep2,DHY210,YNB+CSM+2% galactose,37,240,min,QE2,WAY_B-2_P24
B2-2259,#5,Water,unmatched_huber_only,no_exact_requested_solvent_control,0,,WAYB_rep2,CGD,YNB+CSM+2% galactose,37,240,min,QE2,WAY_B-2_P24
B2-2260,#13,Water,unmatched_huber_only,no_exact_requested_solvent_control,0,,WAYB_rep2,CGD,YNB+CSM+2% galactose,37,240,min,QE2,WAY_B-2_P24
B2-2261,#5,Water,matched,,1,B2-2213,WAYB_rep2,BAH,YNB+CSM+2% galactose,37,240,min,QE2,WAY_B-2_P24
B2-2262,#13,Water,matched,,1,B2-2213,WAYB_rep2,BAH,YNB+CSM+2% galactose,37,240,min,QE2,WAY_B-2_P24
B2-2265,#5,Water,matched,,1,B2-2217,WAYB_rep2,CEK,YNB+CSM+2% galactose,37,240,min,QE2,WAY_B-2_P24
B2-2266,#13,Water,matched,,1,B2-2217,WAYB_rep2,CEK,YNB+CSM+2% galactose,37,240,min,QE2,WAY_B-2_P24
B2-2267,#5,Water,matched,,1,B2-2219,WAYB_rep2,DHY210,YNB+CSM+2% galactose,37,240,min,QE2,WAY_B-2_P24
B2-2268,#13,Water,matched,,1,B2-2219,WAYB_rep2,DHY210,YNB+CSM+2% galactose,37,240,min,QE2,WAY_B-2_P24
B2-2271,#6,DMSO,matched,,1,B2-2248,WAYB_rep2,CGD,YNB+CSM+2% galactose,37,240,min,QE2,WAY_B-2_P24
B2-2273,#6,DMSO,matched,,1,B2-2250,WAYB_rep2,BAH,YNB+CSM+2% galactose,37,240,min,QE2,WAY_B-2_P24
B2-2277,#6,DMSO,matched,,1,B2-2254,WAYB_rep2,CEK,YNB+CSM+2% galactose,37,240,min,QE2,WAY_B-2_P24
B2-2279,#6,DMSO,matched,,1,B2-2256,WAYB_rep2,DHY210,YNB+CSM+2% galactose,37,240,min,QE2,WAY_B-2_P24
B2-2283,#7,Water,unmatched_huber_only,no_exact_requested_solvent_control,0,,WAYB_rep2,CGD,YNB+CSM+2% galactose,37,240,min,QE2,WAY_B-2_P24
B2-2285,#7,Water,matched,,1,B2-2213,WAYB_rep2,BAH,YNB+CSM+2% galactose,37,240,min,QE2,WAY_B-2_P24
B2-2286,#15,Water,matched,,1,B2-2213,WAYB_rep2,BAH,YNB+CSM+2% galactose,37,240,min,QE2,WAY_B-2_P24
B2-2289,#7,Water,matched,,1,B2-2217,WAYB_rep2,CEK,YNB+CSM+2% galactose,37,240,min,QE2,WAY_B-2_P24
B2-2290,#15,Water,matched,,1,B2-2217,WAYB_rep2,CEK,YNB+CSM+2% galactose,37,240,min,QE2,WAY_B-2_P24
B2-2291,#7,Water,matched,,1,B2-2219,WAYB_rep2,DHY210,YNB+CSM+2% galactose,37,240,min,QE2,WAY_B-2_P24
B2-2292,#15,Water,matched,,1,B2-2219,WAYB_rep2,DHY210,YNB+CSM+2% galactose,37,240,min,QE2,WAY_B-2_P24
B2-2296,#16,DMSO,matched,,1,B2-2248,WAYB_rep2,CGD,YNB+CSM+2% galactose,37,240,min,QE2,WAY_B-2_P24
B2-2298,#16,DMSO,matched,,1,B2-2250,WAYB_rep2,BAH,YNB+CSM+2% galactose,37,240,min,QE2,WAY_B-2_P24
B2-2302,#16,DMSO,matched,,1,B2-2254,WAYB_rep2,CEK,YNB+CSM+2% galactose,37,240,min,QE2,WAY_B-2_P24
B2-2304,#16,DMSO,matched,,1,B2-2256,WAYB_rep2,DHY210,YNB+CSM+2% galactose,37,240,min,QE2,WAY_B-2_P24
C2,#9,Water,matched,,1,C1,WAYC,DHY210,YNB+CSM+2% glucose,30,15,min,CAC,WAY_CP1
C3,#17,Water,matched,,1,C1,WAYC,DHY210,YNB+CSM+2% glucose,30,15,min,CAC,WAY_CP1
C4,#25,Water,matched,,1,C1,WAYC,DHY210,YNB+CSM+2% glucose,30,15,min,CAC,WAY_CP1
C6,#41,Water,matched,,1,C1,WAYC,DHY210,YNB+CSM+2% glucose,30,15,min,CAC,WAY_CP1
C14,#10,DMSO,matched,,1,C13,WAYC,DHY210,YNB+CSM+2% glucose,30,15,min,CAC,WAY_CP1
C15,#18,DMSO,matched,,1,C13,WAYC,DHY210,YNB+CSM+2% glucose,30,15,min,CAC,WAY_CP1
C18,#42,DMSO,matched,,1,C13,WAYC,DHY210,YNB+CSM+2% glucose,30,15,min,CAC,WAY_CP1
C26,#11,Water,matched,,1,C1,WAYC,DHY210,YNB+CSM+2% glucose,30,15,min,CAC,WAY_CP1
C28,#27,Water,matched,,1,C1,WAYC,DHY210,YNB+CSM+2% glucose,30,15,min,CAC,WAY_CP1
C30,#43,Water,matched,,1,C1,WAYC,DHY210,YNB+CSM+2% glucose,30,15,min,CAC,WAY_CP1
C37,#4,DMSO,matched,,1,C13,WAYC,DHY210,YNB+CSM+2% glucose,30,15,min,CAC,WAY_CP1
C38,#12,DMSO,matched,,1,C13,WAYC,DHY210,YNB+CSM+2% glucose,30,15,min,CAC,WAY_CP1
C39,#20,DMSO,matched,,1,C13,WAYC,DHY210,YNB+CSM+2% glucose,30,15,min,CAC,WAY_CP1
C40,#28,DMSO,matched,,1,C13,WAYC,DHY210,YNB+CSM+2% glucose,30,15,min,CAC,WAY_CP1
C42,#44,DMSO,matched,,1,C13,WAYC,DHY210,YNB+CSM+2% glucose,30,15,min,CAC,WAY_CP1
C50,#13,Water,matched,,1,C1,WAYC,DHY210,YNB+CSM+2% glucose,30,15,min,CAC,WAY_CP1
C51,#21,Water,matched,,1,C1,WAYC,DHY210,YNB+CSM+2% glucose,30,15,min,CAC,WAY_CP1
C52,#29,Water,matched,,1,C1,WAYC,DHY210,YNB+CSM+2% glucose,30,15,min,CAC,WAY_CP1
C54,#45,Water,matched,,1,C1,WAYC,DHY210,YNB+CSM+2% glucose,30,15,min,CAC,WAY_CP1
C61,#6,DMSO,matched,,1,C13,WAYC,DHY210,YNB+CSM+2% glucose,30,15,min,CAC,WAY_CP1
C62,#14,DMSO,matched,,1,C13,WAYC,DHY210,YNB+CSM+2% glucose,30,15,min,CAC,WAY_CP1
C63,#22,DMSO,matched,,1,C13,WAYC,DHY210,YNB+CSM+2% glucose,30,15,min,CAC,WAY_CP1
C64,#30,DMSO,matched,,1,C13,WAYC,DHY210,YNB+CSM+2% glucose,30,15,min,CAC,WAY_CP1
C65,#38,DMSO,matched,,1,C13,WAYC,DHY210,YNB+CSM+2% glucose,30,15,min,CAC,WAY_CP1
C66,#46,DMSO,matched,,1,C13,WAYC,DHY210,YNB+CSM+2% glucose,30,15,min,CAC,WAY_CP1
C73,#7,Water,matched,,1,C1,WAYC,DHY210,YNB+CSM+2% glucose,30,15,min,CAC,WAY_CP1
C74,#15,Water,matched,,1,C1,WAYC,DHY210,YNB+CSM+2% glucose,30,15,min,CAC,WAY_CP1
C75,#23,Water,matched,,1,C1,WAYC,DHY210,YNB+CSM+2% glucose,30,15,min,CAC,WAY_CP1
C76,#31,Water,matched,,1,C1,WAYC,DHY210,YNB+CSM+2% glucose,30,15,min,CAC,WAY_CP1
C85,#8,DMSO,matched,,1,C13,WAYC,DHY210,YNB+CSM+2% glucose,30,15,min,CAC,WAY_CP1
C89,#40,DMSO,matched,,1,C13,WAYC,DHY210,YNB+CSM+2% glucose,30,15,min,CAC,WAY_CP1
C98,#9,Water,matched,,1,C97,WAYC,DHY210,YNB+CSM+2% glucose,30,30,min,CAA,WAY_CP2
C99,#17,Water,matched,,1,C97,WAYC,DHY210,YNB+CSM+2% glucose,30,30,min,CAA,WAY_CP2
C100,#25,Water,matched,,1,C97,WAYC,DHY210,YNB+CSM+2% glucose,30,30,min,CAA,WAY_CP2
C102,#41,Water,matched,,1,C97,WAYC,DHY210,YNB+CSM+2% glucose,30,30,min,CAA,WAY_CP2
C110,#10,DMSO,matched,,1,C109,WAYC,DHY210,YNB+CSM+2% glucose,30,30,min,CAA,WAY_CP2
C111,#18,DMSO,matched,,1,C109,WAYC,DHY210,YNB+CSM+2% glucose,30,30,min,CAA,WAY_CP2
C114,#42,DMSO,matched,,1,C109,WAYC,DHY210,YNB+CSM+2% glucose,30,30,min,CAA,WAY_CP2
C122,#11,Water,matched,,1,C97,WAYC,DHY210,YNB+CSM+2% glucose,30,30,min,CAA,WAY_CP2
C124,#27,Water,matched,,1,C97,WAYC,DHY210,YNB+CSM+2% glucose,30,30,min,CAA,WAY_CP2
C125,#35,Water,matched,,1,C97,WAYC,DHY210,YNB+CSM+2% glucose,30,30,min,CAA,WAY_CP2
C133,#4,DMSO,matched,,1,C109,WAYC,DHY210,YNB+CSM+2% glucose,30,30,min,CAA,WAY_CP2
C134,#12,DMSO,matched,,1,C109,WAYC,DHY210,YNB+CSM+2% glucose,30,30,min,CAA,WAY_CP2
C135,#20,DMSO,matched,,1,C109,WAYC,DHY210,YNB+CSM+2% glucose,30,30,min,CAA,WAY_CP2
C136,#28,DMSO,matched,,1,C109,WAYC,DHY210,YNB+CSM+2% glucose,30,30,min,CAA,WAY_CP2
C138,#44,DMSO,matched,,1,C109,WAYC,DHY210,YNB+CSM+2% glucose,30,30,min,CAA,WAY_CP2
C146,#13,Water,matched,,1,C97,WAYC,DHY210,YNB+CSM+2% glucose,30,30,min,CAA,WAY_CP2
C147,#21,Water,matched,,1,C97,WAYC,DHY210,YNB+CSM+2% glucose,30,30,min,CAA,WAY_CP2
C148,#29,Water,matched,,1,C97,WAYC,DHY210,YNB+CSM+2% glucose,30,30,min,CAA,WAY_CP2
C150,#45,Water,matched,,1,C97,WAYC,DHY210,YNB+CSM+2% glucose,30,30,min,CAA,WAY_CP2
C157,#6,DMSO,matched,,1,C109,WAYC,DHY210,YNB+CSM+2% glucose,30,30,min,CAA,WAY_CP2
C158,#14,DMSO,matched,,1,C109,WAYC,DHY210,YNB+CSM+2% glucose,30,30,min,CAA,WAY_CP2
C159,#22,DMSO,matched,,1,C109,WAYC,DHY210,YNB+CSM+2% glucose,30,30,min,CAA,WAY_CP2
C160,#30,DMSO,matched,,1,C109,WAYC,DHY210,YNB+CSM+2% glucose,30,30,min,CAA,WAY_CP2
C161,#38,DMSO,matched,,1,C109,WAYC,DHY210,YNB+CSM+2% glucose,30,30,min,CAA,WAY_CP2
C162,#46,DMSO,matched,,1,C109,WAYC,DHY210,YNB+CSM+2% glucose,30,30,min,CAA,WAY_CP2
C169,#7,Water,matched,,1,C97,WAYC,DHY210,YNB+CSM+2% glucose,30,30,min,CAA,WAY_CP2
C170,#15,Water,matched,,1,C97,WAYC,DHY210,YNB+CSM+2% glucose,30,30,min,CAA,WAY_CP2
C171,#23,Water,matched,,1,C97,WAYC,DHY210,YNB+CSM+2% glucose,30,30,min,CAA,WAY_CP2
C172,#31,Water,matched,,1,C97,WAYC,DHY210,YNB+CSM+2% glucose,30,30,min,CAA,WAY_CP2
C173,#39,Water,matched,,1,C97,WAYC,DHY210,YNB+CSM+2% glucose,30,30,min,CAA,WAY_CP2
C181,#8,DMSO,matched,,1,C109,WAYC,DHY210,YNB+CSM+2% glucose,30,30,min,CAA,WAY_CP2
C185,#40,DMSO,matched,,1,C109,WAYC,DHY210,YNB+CSM+2% glucose,30,30,min,CAA,WAY_CP2
C386,#9,Water,matched,,1,C385,WAYC,DHY210,YNB+CSM+2% glucose,30,120,min,CAC,WAY_CP5
C388,#25,Water,matched,,1,C385,WAYC,DHY210,YNB+CSM+2% glucose,30,120,min,CAC,WAY_CP5
C390,#41,Water,matched,,1,C385,WAYC,DHY210,YNB+CSM+2% glucose,30,120,min,CAC,WAY_CP5
C398,#10,DMSO,matched,,1,C397,WAYC,DHY210,YNB+CSM+2% glucose,30,120,min,CAC,WAY_CP5
C402,#42,DMSO,matched,,1,C397,WAYC,DHY210,YNB+CSM+2% glucose,30,120,min,CAC,WAY_CP5
C410,#11,Water,matched,,1,C385,WAYC,DHY210,YNB+CSM+2% glucose,30,120,min,CAC,WAY_CP5
C412,#27,Water,matched,,1,C385,WAYC,DHY210,YNB+CSM+2% glucose,30,120,min,CAC,WAY_CP5
C413,#35,Water,matched,,1,C385,WAYC,DHY210,YNB+CSM+2% glucose,30,120,min,CAC,WAY_CP5
C414,#43,Water,matched,,1,C385,WAYC,DHY210,YNB+CSM+2% glucose,30,120,min,CAC,WAY_CP5
C421,#4,DMSO,matched,,1,C397,WAYC,DHY210,YNB+CSM+2% glucose,30,120,min,CAC,WAY_CP5
C422,#12,DMSO,matched,,1,C397,WAYC,DHY210,YNB+CSM+2% glucose,30,120,min,CAC,WAY_CP5
C423,#20,DMSO,matched,,1,C397,WAYC,DHY210,YNB+CSM+2% glucose,30,120,min,CAC,WAY_CP5
C426,#44,DMSO,matched,,1,C397,WAYC,DHY210,YNB+CSM+2% glucose,30,120,min,CAC,WAY_CP5
C434,#13,Water,matched,,1,C385,WAYC,DHY210,YNB+CSM+2% glucose,30,120,min,CAC,WAY_CP5
C435,#21,Water,matched,,1,C385,WAYC,DHY210,YNB+CSM+2% glucose,30,120,min,CAC,WAY_CP5
C436,#29,Water,matched,,1,C385,WAYC,DHY210,YNB+CSM+2% glucose,30,120,min,CAC,WAY_CP5
C438,#45,Water,matched,,1,C385,WAYC,DHY210,YNB+CSM+2% glucose,30,120,min,CAC,WAY_CP5
C445,#6,DMSO,matched,,1,C397,WAYC,DHY210,YNB+CSM+2% glucose,30,120,min,CAC,WAY_CP5
C446,#14,DMSO,matched,,1,C397,WAYC,DHY210,YNB+CSM+2% glucose,30,120,min,CAC,WAY_CP5
C447,#22,DMSO,matched,,1,C397,WAYC,DHY210,YNB+CSM+2% glucose,30,120,min,CAC,WAY_CP5
C448,#30,DMSO,matched,,1,C397,WAYC,DHY210,YNB+CSM+2% glucose,30,120,min,CAC,WAY_CP5
C449,#38,DMSO,matched,,1,C397,WAYC,DHY210,YNB+CSM+2% glucose,30,120,min,CAC,WAY_CP5
C450,#46,DMSO,matched,,1,C397,WAYC,DHY210,YNB+CSM+2% glucose,30,120,min,CAC,WAY_CP5
C457,#7,Water,matched,,1,C385,WAYC,DHY210,YNB+CSM+2% glucose,30,120,min,CAC,WAY_CP5
C458,#15,Water,matched,,1,C385,WAYC,DHY210,YNB+CSM+2% glucose,30,120,min,CAC,WAY_CP5
C459,#23,Water,matched,,1,C385,WAYC,DHY210,YNB+CSM+2% glucose,30,120,min,CAC,WAY_CP5
C461,#39,Water,matched,,1,C385,WAYC,DHY210,YNB+CSM+2% glucose,30,120,min,CAC,WAY_CP5
C469,#8,DMSO,matched,,1,C397,WAYC,DHY210,YNB+CSM+2% glucose,30,120,min,CAC,WAY_CP5
C473,#40,DMSO,matched,,1,C397,WAYC,DHY210,YNB+CSM+2% glucose,30,120,min,CAC,WAY_CP5
C578,#9,Water,matched,,1,C577,WAYC,DHY210,YNB+CSM+2% galactose,30,15,min,CAA,WAY_CP7
C580,#25,Water,matched,,1,C577,WAYC,DHY210,YNB+CSM+2% galactose,30,15,min,CAA,WAY_CP7
C582,#41,Water,matched,,1,C577,WAYC,DHY210,YNB+CSM+2% galactose,30,15,min,CAA,WAY_CP7
C590,#10,DMSO,matched,,1,C589,WAYC,DHY210,YNB+CSM+2% galactose,30,15,min,CAA,WAY_CP7
C591,#18,DMSO,matched,,1,C589,WAYC,DHY210,YNB+CSM+2% galactose,30,15,min,CAA,WAY_CP7
C594,#42,DMSO,matched,,1,C589,WAYC,DHY210,YNB+CSM+2% galactose,30,15,min,CAA,WAY_CP7
C602,#11,Water,matched,,1,C577,WAYC,DHY210,YNB+CSM+2% galactose,30,15,min,CAA,WAY_CP7
C604,#27,Water,matched,,1,C577,WAYC,DHY210,YNB+CSM+2% galactose,30,15,min,CAA,WAY_CP7
C605,#35,Water,matched,,1,C577,WAYC,DHY210,YNB+CSM+2% galactose,30,15,min,CAA,WAY_CP7
C606,#43,Water,matched,,1,C577,WAYC,DHY210,YNB+CSM+2% galactose,30,15,min,CAA,WAY_CP7
C614,#12,DMSO,matched,,1,C589,WAYC,DHY210,YNB+CSM+2% galactose,30,15,min,CAA,WAY_CP7
C615,#20,DMSO,matched,,1,C589,WAYC,DHY210,YNB+CSM+2% galactose,30,15,min,CAA,WAY_CP7
C616,#28,DMSO,matched,,1,C589,WAYC,DHY210,YNB+CSM+2% galactose,30,15,min,CAA,WAY_CP7
C618,#44,DMSO,matched,,1,C589,WAYC,DHY210,YNB+CSM+2% galactose,30,15,min,CAA,WAY_CP7
C626,#13,Water,matched,,1,C577,WAYC,DHY210,YNB+CSM+2% galactose,30,15,min,CAA,WAY_CP7
C627,#21,Water,matched,,1,C577,WAYC,DHY210,YNB+CSM+2% galactose,30,15,min,CAA,WAY_CP7
C628,#29,Water,matched,,1,C577,WAYC,DHY210,YNB+CSM+2% galactose,30,15,min,CAA,WAY_CP7
C630,#45,Water,matched,,1,C577,WAYC,DHY210,YNB+CSM+2% galactose,30,15,min,CAA,WAY_CP7
C637,#6,DMSO,matched,,1,C589,WAYC,DHY210,YNB+CSM+2% galactose,30,15,min,CAA,WAY_CP7
C638,#14,DMSO,matched,,1,C589,WAYC,DHY210,YNB+CSM+2% galactose,30,15,min,CAA,WAY_CP7
C639,#22,DMSO,matched,,1,C589,WAYC,DHY210,YNB+CSM+2% galactose,30,15,min,CAA,WAY_CP7
C640,#30,DMSO,matched,,1,C589,WAYC,DHY210,YNB+CSM+2% galactose,30,15,min,CAA,WAY_CP7
C641,#38,DMSO,matched,,1,C589,WAYC,DHY210,YNB+CSM+2% galactose,30,15,min,CAA,WAY_CP7
C642,#46,DMSO,matched,,1,C589,WAYC,DHY210,YNB+CSM+2% galactose,30,15,min,CAA,WAY_CP7
C649,#7,Water,matched,,1,C577,WAYC,DHY210,YNB+CSM+2% galactose,30,15,min,CAA,WAY_CP7
C650,#15,Water,matched,,1,C577,WAYC,DHY210,YNB+CSM+2% galactose,30,15,min,CAA,WAY_CP7
C651,#23,Water,matched,,1,C577,WAYC,DHY210,YNB+CSM+2% galactose,30,15,min,CAA,WAY_CP7
C652,#31,Water,matched,,1,C577,WAYC,DHY210,YNB+CSM+2% galactose,30,15,min,CAA,WAY_CP7
C653,#39,Water,matched,,1,C577,WAYC,DHY210,YNB+CSM+2% galactose,30,15,min,CAA,WAY_CP7
C661,#8,DMSO,matched,,1,C589,WAYC,DHY210,YNB+CSM+2% galactose,30,15,min,CAA,WAY_CP7
C665,#40,DMSO,matched,,1,C589,WAYC,DHY210,YNB+CSM+2% galactose,30,15,min,CAA,WAY_CP7
C674,#9,Water,matched,,1,C673,WAYC,DHY210,YNB+CSM+2% galactose,30,30,min,CAC,WAY_CP8
C676,#25,Water,matched,,1,C673,WAYC,DHY210,YNB+CSM+2% galactose,30,30,min,CAC,WAY_CP8
C678,#41,Water,matched,,1,C673,WAYC,DHY210,YNB+CSM+2% galactose,30,30,min,CAC,WAY_CP8
C686,#10,DMSO,matched,,1,C685,WAYC,DHY210,YNB+CSM+2% galactose,30,30,min,CAC,WAY_CP8
C687,#18,DMSO,matched,,1,C685,WAYC,DHY210,YNB+CSM+2% galactose,30,30,min,CAC,WAY_CP8
C690,#42,DMSO,matched,,1,C685,WAYC,DHY210,YNB+CSM+2% galactose,30,30,min,CAC,WAY_CP8
C698,#11,Water,matched,,1,C673,WAYC,DHY210,YNB+CSM+2% galactose,30,30,min,CAC,WAY_CP8
C700,#27,Water,matched,,1,C673,WAYC,DHY210,YNB+CSM+2% galactose,30,30,min,CAC,WAY_CP8
C701,#35,Water,matched,,1,C673,WAYC,DHY210,YNB+CSM+2% galactose,30,30,min,CAC,WAY_CP8
C709,#4,DMSO,matched,,1,C685,WAYC,DHY210,YNB+CSM+2% galactose,30,30,min,CAC,WAY_CP8
C710,#12,DMSO,matched,,1,C685,WAYC,DHY210,YNB+CSM+2% galactose,30,30,min,CAC,WAY_CP8
C711,#20,DMSO,matched,,1,C685,WAYC,DHY210,YNB+CSM+2% galactose,30,30,min,CAC,WAY_CP8
C712,#28,DMSO,matched,,1,C685,WAYC,DHY210,YNB+CSM+2% galactose,30,30,min,CAC,WAY_CP8
C714,#44,DMSO,matched,,1,C685,WAYC,DHY210,YNB+CSM+2% galactose,30,30,min,CAC,WAY_CP8
C722,#13,Water,matched,,1,C673,WAYC,DHY210,YNB+CSM+2% galactose,30,30,min,CAC,WAY_CP8
C723,#21,Water,matched,,1,C673,WAYC,DHY210,YNB+CSM+2% galactose,30,30,min,CAC,WAY_CP8
C724,#29,Water,matched,,1,C673,WAYC,DHY210,YNB+CSM+2% galactose,30,30,min,CAC,WAY_CP8
C726,#45,Water,matched,,1,C673,WAYC,DHY210,YNB+CSM+2% galactose,30,30,min,CAC,WAY_CP8
C733,#6,DMSO,matched,,1,C685,WAYC,DHY210,YNB+CSM+2% galactose,30,30,min,CAC,WAY_CP8
C734,#14,DMSO,matched,,1,C685,WAYC,DHY210,YNB+CSM+2% galactose,30,30,min,CAC,WAY_CP8
C735,#22,DMSO,matched,,1,C685,WAYC,DHY210,YNB+CSM+2% galactose,30,30,min,CAC,WAY_CP8
C736,#30,DMSO,matched,,1,C685,WAYC,DHY210,YNB+CSM+2% galactose,30,30,min,CAC,WAY_CP8
C737,#38,DMSO,matched,,1,C685,WAYC,DHY210,YNB+CSM+2% galactose,30,30,min,CAC,WAY_CP8
C738,#46,DMSO,matched,,1,C685,WAYC,DHY210,YNB+CSM+2% galactose,30,30,min,CAC,WAY_CP8
C745,#7,Water,matched,,1,C673,WAYC,DHY210,YNB+CSM+2% galactose,30,30,min,CAC,WAY_CP8
C746,#15,Water,matched,,1,C673,WAYC,DHY210,YNB+CSM+2% galactose,30,30,min,CAC,WAY_CP8
C747,#23,Water,matched,,1,C673,WAYC,DHY210,YNB+CSM+2% galactose,30,30,min,CAC,WAY_CP8
C748,#31,Water,matched,,1,C673,WAYC,DHY210,YNB+CSM+2% galactose,30,30,min,CAC,WAY_CP8
C749,#39,Water,matched,,1,C673,WAYC,DHY210,YNB+CSM+2% galactose,30,30,min,CAC,WAY_CP8
C757,#8,DMSO,matched,,1,C685,WAYC,DHY210,YNB+CSM+2% galactose,30,30,min,CAC,WAY_CP8
C761,#40,DMSO,matched,,1,C685,WAYC,DHY210,YNB+CSM+2% galactose,30,30,min,CAC,WAY_CP8
C770,#9,Water,matched,,1,C769,WAYC,DHY210,YNB+CSM+2% galactose,30,60,min,CAC,WAY_CP9
C772,#25,Water,matched,,1,C769,WAYC,DHY210,YNB+CSM+2% galactose,30,60,min,CAC,WAY_CP9
C782,#10,DMSO,matched,,1,C781,WAYC,DHY210,YNB+CSM+2% galactose,30,60,min,CAC,WAY_CP9
C783,#18,DMSO,matched,,1,C781,WAYC,DHY210,YNB+CSM+2% galactose,30,60,min,CAC,WAY_CP9
C786,#42,DMSO,matched,,1,C781,WAYC,DHY210,YNB+CSM+2% galactose,30,60,min,CAC,WAY_CP9
C794,#11,Water,matched,,1,C769,WAYC,DHY210,YNB+CSM+2% galactose,30,60,min,CAC,WAY_CP9
C796,#27,Water,matched,,1,C769,WAYC,DHY210,YNB+CSM+2% galactose,30,60,min,CAC,WAY_CP9
C797,#35,Water,matched,,1,C769,WAYC,DHY210,YNB+CSM+2% galactose,30,60,min,CAC,WAY_CP9
C798,#43,Water,matched,,1,C769,WAYC,DHY210,YNB+CSM+2% galactose,30,60,min,CAC,WAY_CP9
C805,#4,DMSO,matched,,1,C781,WAYC,DHY210,YNB+CSM+2% galactose,30,60,min,CAC,WAY_CP9
C806,#12,DMSO,matched,,1,C781,WAYC,DHY210,YNB+CSM+2% galactose,30,60,min,CAC,WAY_CP9
C807,#20,DMSO,matched,,1,C781,WAYC,DHY210,YNB+CSM+2% galactose,30,60,min,CAC,WAY_CP9
C808,#28,DMSO,matched,,1,C781,WAYC,DHY210,YNB+CSM+2% galactose,30,60,min,CAC,WAY_CP9
C810,#44,DMSO,matched,,1,C781,WAYC,DHY210,YNB+CSM+2% galactose,30,60,min,CAC,WAY_CP9
C818,#13,Water,matched,,1,C769,WAYC,DHY210,YNB+CSM+2% galactose,30,60,min,CAC,WAY_CP9
C819,#21,Water,matched,,1,C769,WAYC,DHY210,YNB+CSM+2% galactose,30,60,min,CAC,WAY_CP9
C820,#29,Water,matched,,1,C769,WAYC,DHY210,YNB+CSM+2% galactose,30,60,min,CAC,WAY_CP9
C822,#45,Water,matched,,1,C769,WAYC,DHY210,YNB+CSM+2% galactose,30,60,min,CAC,WAY_CP9
C829,#6,DMSO,matched,,1,C781,WAYC,DHY210,YNB+CSM+2% galactose,30,60,min,CAC,WAY_CP9
C830,#14,DMSO,matched,,1,C781,WAYC,DHY210,YNB+CSM+2% galactose,30,60,min,CAC,WAY_CP9
C831,#22,DMSO,matched,,1,C781,WAYC,DHY210,YNB+CSM+2% galactose,30,60,min,CAC,WAY_CP9
C832,#30,DMSO,matched,,1,C781,WAYC,DHY210,YNB+CSM+2% galactose,30,60,min,CAC,WAY_CP9
C833,#38,DMSO,matched,,1,C781,WAYC,DHY210,YNB+CSM+2% galactose,30,60,min,CAC,WAY_CP9
C834,#46,DMSO,matched,,1,C781,WAYC,DHY210,YNB+CSM+2% galactose,30,60,min,CAC,WAY_CP9
C841,#7,Water,matched,,1,C769,WAYC,DHY210,YNB+CSM+2% galactose,30,60,min,CAC,WAY_CP9
C843,#23,Water,matched,,1,C769,WAYC,DHY210,YNB+CSM+2% galactose,30,60,min,CAC,WAY_CP9
C844,#31,Water,matched,,1,C769,WAYC,DHY210,YNB+CSM+2% galactose,30,60,min,CAC,WAY_CP9
C845,#39,Water,matched,,1,C769,WAYC,DHY210,YNB+CSM+2% galactose,30,60,min,CAC,WAY_CP9
C853,#8,DMSO,matched,,1,C781,WAYC,DHY210,YNB+CSM+2% galactose,30,60,min,CAC,WAY_CP9
C857,#40,DMSO,matched,,1,C781,WAYC,DHY210,YNB+CSM+2% galactose,30,60,min,CAC,WAY_CP9
C866,#9,Water,matched,,1,C865,WAYC,DHY210,YNB+CSM+2% galactose,30,90,min,O,WAY_CP10
C868,#25,Water,matched,,1,C865,WAYC,DHY210,YNB+CSM+2% galactose,30,90,min,O,WAY_CP10
C870,#41,Water,matched,,1,C865,WAYC,DHY210,YNB+CSM+2% galactose,30,90,min,O,WAY_CP10
C878,#10,DMSO,matched,,1,C877,WAYC,DHY210,YNB+CSM+2% galactose,30,90,min,O,WAY_CP10
C879,#18,DMSO,matched,,1,C877,WAYC,DHY210,YNB+CSM+2% galactose,30,90,min,O,WAY_CP10
C882,#42,DMSO,matched,,1,C877,WAYC,DHY210,YNB+CSM+2% galactose,30,90,min,O,WAY_CP10
C890,#11,Water,matched,,1,C865,WAYC,DHY210,YNB+CSM+2% galactose,30,90,min,O,WAY_CP10
C892,#27,Water,matched,,1,C865,WAYC,DHY210,YNB+CSM+2% galactose,30,90,min,O,WAY_CP10
C893,#35,Water,matched,,1,C865,WAYC,DHY210,YNB+CSM+2% galactose,30,90,min,O,WAY_CP10
C894,#43,Water,matched,,1,C865,WAYC,DHY210,YNB+CSM+2% galactose,30,90,min,O,WAY_CP10
C901,#4,DMSO,matched,,1,C877,WAYC,DHY210,YNB+CSM+2% galactose,30,90,min,O,WAY_CP10
C902,#12,DMSO,matched,,1,C877,WAYC,DHY210,YNB+CSM+2% galactose,30,90,min,O,WAY_CP10
C903,#20,DMSO,matched,,1,C877,WAYC,DHY210,YNB+CSM+2% galactose,30,90,min,O,WAY_CP10
C904,#28,DMSO,matched,,1,C877,WAYC,DHY210,YNB+CSM+2% galactose,30,90,min,O,WAY_CP10
C906,#44,DMSO,matched,,1,C877,WAYC,DHY210,YNB+CSM+2% galactose,30,90,min,O,WAY_CP10
C914,#13,Water,matched,,1,C865,WAYC,DHY210,YNB+CSM+2% galactose,30,90,min,O,WAY_CP10
C915,#21,Water,matched,,1,C865,WAYC,DHY210,YNB+CSM+2% galactose,30,90,min,O,WAY_CP10
C916,#29,Water,matched,,1,C865,WAYC,DHY210,YNB+CSM+2% galactose,30,90,min,O,WAY_CP10
C918,#45,Water,matched,,1,C865,WAYC,DHY210,YNB+CSM+2% galactose,30,90,min,O,WAY_CP10
C925,#6,DMSO,matched,,1,C877,WAYC,DHY210,YNB+CSM+2% galactose,30,90,min,O,WAY_CP10
C926,#14,DMSO,matched,,1,C877,WAYC,DHY210,YNB+CSM+2% galactose,30,90,min,O,WAY_CP10
C927,#22,DMSO,matched,,1,C877,WAYC,DHY210,YNB+CSM+2% galactose,30,90,min,O,WAY_CP10
C928,#30,DMSO,matched,,1,C877,WAYC,DHY210,YNB+CSM+2% galactose,30,90,min,O,WAY_CP10
C929,#38,DMSO,matched,,1,C877,WAYC,DHY210,YNB+CSM+2% galactose,30,90,min,O,WAY_CP10
C930,#46,DMSO,matched,,1,C877,WAYC,DHY210,YNB+CSM+2% galactose,30,90,min,O,WAY_CP10
C937,#7,Water,matched,,1,C865,WAYC,DHY210,YNB+CSM+2% galactose,30,90,min,O,WAY_CP10
C938,#15,Water,matched,,1,C865,WAYC,DHY210,YNB+CSM+2% galactose,30,90,min,O,WAY_CP10
C939,#23,Water,matched,,1,C865,WAYC,DHY210,YNB+CSM+2% galactose,30,90,min,O,WAY_CP10
C940,#31,Water,matched,,1,C865,WAYC,DHY210,YNB+CSM+2% galactose,30,90,min,O,WAY_CP10
C941,#39,Water,matched,,1,C865,WAYC,DHY210,YNB+CSM+2% galactose,30,90,min,O,WAY_CP10
C949,#8,DMSO,matched,,1,C877,WAYC,DHY210,YNB+CSM+2% galactose,30,90,min,O,WAY_CP10
C953,#40,DMSO,matched,,1,C877,WAYC,DHY210,YNB+CSM+2% galactose,30,90,min,O,WAY_CP10
C962,#9,Water,matched,,1,C961,WAYC,DHY210,YNB+CSM+2% galactose,30,120,min,CAA,WAY_CP11
C964,#25,Water,matched,,1,C961,WAYC,DHY210,YNB+CSM+2% galactose,30,120,min,CAA,WAY_CP11
C966,#41,Water,matched,,1,C961,WAYC,DHY210,YNB+CSM+2% galactose,30,120,min,CAA,WAY_CP11
C974,#10,DMSO,matched,,1,C973,WAYC,DHY210,YNB+CSM+2% galactose,30,120,min,CAA,WAY_CP11
C975,#18,DMSO,matched,,1,C973,WAYC,DHY210,YNB+CSM+2% galactose,30,120,min,CAA,WAY_CP11
C978,#42,DMSO,matched,,1,C973,WAYC,DHY210,YNB+CSM+2% galactose,30,120,min,CAA,WAY_CP11
C986,#11,Water,matched,,1,C961,WAYC,DHY210,YNB+CSM+2% galactose,30,120,min,CAA,WAY_CP11
C988,#27,Water,matched,,1,C961,WAYC,DHY210,YNB+CSM+2% galactose,30,120,min,CAA,WAY_CP11
C989,#35,Water,matched,,1,C961,WAYC,DHY210,YNB+CSM+2% galactose,30,120,min,CAA,WAY_CP11
C990,#43,Water,matched,,1,C961,WAYC,DHY210,YNB+CSM+2% galactose,30,120,min,CAA,WAY_CP11
C997,#4,DMSO,matched,,1,C973,WAYC,DHY210,YNB+CSM+2% galactose,30,120,min,CAA,WAY_CP11
C998,#12,DMSO,matched,,1,C973,WAYC,DHY210,YNB+CSM+2% galactose,30,120,min,CAA,WAY_CP11
C999,#20,DMSO,matched,,1,C973,WAYC,DHY210,YNB+CSM+2% galactose,30,120,min,CAA,WAY_CP11
C1000,#28,DMSO,matched,,1,C973,WAYC,DHY210,YNB+CSM+2% galactose,30,120,min,CAA,WAY_CP11
C1002,#44,DMSO,matched,,1,C973,WAYC,DHY210,YNB+CSM+2% galactose,30,120,min,CAA,WAY_CP11
C1011,#21,Water,matched,,1,C961,WAYC,DHY210,YNB+CSM+2% galactose,30,120,min,CAA,WAY_CP11
C1012,#29,Water,matched,,1,C961,WAYC,DHY210,YNB+CSM+2% galactose,30,120,min,CAA,WAY_CP11
C1014,#45,Water,matched,,1,C961,WAYC,DHY210,YNB+CSM+2% galactose,30,120,min,CAA,WAY_CP11
C1021,#6,DMSO,matched,,1,C973,WAYC,DHY210,YNB+CSM+2% galactose,30,120,min,CAA,WAY_CP11
C1022,#14,DMSO,matched,,1,C973,WAYC,DHY210,YNB+CSM+2% galactose,30,120,min,CAA,WAY_CP11
C1024,#30,DMSO,matched,,1,C973,WAYC,DHY210,YNB+CSM+2% galactose,30,120,min,CAA,WAY_CP11
C1025,#38,DMSO,matched,,1,C973,WAYC,DHY210,YNB+CSM+2% galactose,30,120,min,CAA,WAY_CP11
C1026,#46,DMSO,matched,,1,C973,WAYC,DHY210,YNB+CSM+2% galactose,30,120,min,CAA,WAY_CP11
C1033,#7,Water,matched,,1,C961,WAYC,DHY210,YNB+CSM+2% galactose,30,120,min,CAA,WAY_CP11
C1034,#15,Water,matched,,1,C961,WAYC,DHY210,YNB+CSM+2% galactose,30,120,min,CAA,WAY_CP11
C1035,#23,Water,matched,,1,C961,WAYC,DHY210,YNB+CSM+2% galactose,30,120,min,CAA,WAY_CP11
C1036,#31,Water,matched,,1,C961,WAYC,DHY210,YNB+CSM+2% galactose,30,120,min,CAA,WAY_CP11
C1037,#39,Water,matched,,1,C961,WAYC,DHY210,YNB+CSM+2% galactose,30,120,min,CAA,WAY_CP11
C1045,#8,DMSO,matched,,1,C973,WAYC,DHY210,YNB+CSM+2% galactose,30,120,min,CAA,WAY_CP11
C1049,#40,DMSO,matched,,1,C973,WAYC,DHY210,YNB+CSM+2% galactose,30,120,min,CAA,WAY_CP11
C1058,#9,Water,matched,,1,C1057,WAYC,DHY210,YNB+CSM+2% galactose,30,240,min,CAC,WAY_CP12
C1060,#25,Water,matched,,1,C1057,WAYC,DHY210,YNB+CSM+2% galactose,30,240,min,CAC,WAY_CP12
C1062,#41,Water,matched,,1,C1057,WAYC,DHY210,YNB+CSM+2% galactose,30,240,min,CAC,WAY_CP12
C1070,#10,DMSO,matched,,1,C1069,WAYC,DHY210,YNB+CSM+2% galactose,30,240,min,CAC,WAY_CP12
C1071,#18,DMSO,matched,,1,C1069,WAYC,DHY210,YNB+CSM+2% galactose,30,240,min,CAC,WAY_CP12
C1074,#42,DMSO,matched,,1,C1069,WAYC,DHY210,YNB+CSM+2% galactose,30,240,min,CAC,WAY_CP12
C1082,#11,Water,matched,,1,C1057,WAYC,DHY210,YNB+CSM+2% galactose,30,240,min,CAC,WAY_CP12
C1084,#27,Water,matched,,1,C1057,WAYC,DHY210,YNB+CSM+2% galactose,30,240,min,CAC,WAY_CP12
C1085,#35,Water,matched,,1,C1057,WAYC,DHY210,YNB+CSM+2% galactose,30,240,min,CAC,WAY_CP12
C1086,#43,Water,matched,,1,C1057,WAYC,DHY210,YNB+CSM+2% galactose,30,240,min,CAC,WAY_CP12
C1093,#4,DMSO,matched,,1,C1069,WAYC,DHY210,YNB+CSM+2% galactose,30,240,min,CAC,WAY_CP12
C1094,#12,DMSO,matched,,1,C1069,WAYC,DHY210,YNB+CSM+2% galactose,30,240,min,CAC,WAY_CP12
C1096,#28,DMSO,matched,,1,C1069,WAYC,DHY210,YNB+CSM+2% galactose,30,240,min,CAC,WAY_CP12
C1098,#44,DMSO,matched,,1,C1069,WAYC,DHY210,YNB+CSM+2% galactose,30,240,min,CAC,WAY_CP12
C1106,#13,Water,matched,,1,C1057,WAYC,DHY210,YNB+CSM+2% galactose,30,240,min,CAC,WAY_CP12
C1107,#21,Water,matched,,1,C1057,WAYC,DHY210,YNB+CSM+2% galactose,30,240,min,CAC,WAY_CP12
C1108,#29,Water,matched,,1,C1057,WAYC,DHY210,YNB+CSM+2% galactose,30,240,min,CAC,WAY_CP12
C1110,#45,Water,matched,,1,C1057,WAYC,DHY210,YNB+CSM+2% galactose,30,240,min,CAC,WAY_CP12
C1117,#6,DMSO,matched,,1,C1069,WAYC,DHY210,YNB+CSM+2% galactose,30,240,min,CAC,WAY_CP12
C1118,#14,DMSO,matched,,1,C1069,WAYC,DHY210,YNB+CSM+2% galactose,30,240,min,CAC,WAY_CP12
C1119,#22,DMSO,matched,,1,C1069,WAYC,DHY210,YNB+CSM+2% galactose,30,240,min,CAC,WAY_CP12
C1120,#30,DMSO,matched,,1,C1069,WAYC,DHY210,YNB+CSM+2% galactose,30,240,min,CAC,WAY_CP12
C1121,#38,DMSO,matched,,1,C1069,WAYC,DHY210,YNB+CSM+2% galactose,30,240,min,CAC,WAY_CP12
C1122,#46,DMSO,matched,,1,C1069,WAYC,DHY210,YNB+CSM+2% galactose,30,240,min,CAC,WAY_CP12
C1129,#7,Water,matched,,1,C1057,WAYC,DHY210,YNB+CSM+2% galactose,30,240,min,CAC,WAY_CP12
C1130,#15,Water,matched,,1,C1057,WAYC,DHY210,YNB+CSM+2% galactose,30,240,min,CAC,WAY_CP12
C1131,#23,Water,matched,,1,C1057,WAYC,DHY210,YNB+CSM+2% galactose,30,240,min,CAC,WAY_CP12
C1132,#31,Water,matched,,1,C1057,WAYC,DHY210,YNB+CSM+2% galactose,30,240,min,CAC,WAY_CP12
C1133,#39,Water,matched,,1,C1057,WAYC,DHY210,YNB+CSM+2% galactose,30,240,min,CAC,WAY_CP12
C1141,#8,DMSO,matched,,1,C1069,WAYC,DHY210,YNB+CSM+2% galactose,30,240,min,CAC,WAY_CP12
C1145,#40,DMSO,matched,,1,C1069,WAYC,DHY210,YNB+CSM+2% galactose,30,240,min,CAC,WAY_CP12
C1154,#9,Water,matched,,1,C1153,WAYC,DHY210,YNB+CSM+2% glucose,37,15,min,CAA,WAY_CP13
C1155,#17,Water,matched,,1,C1153,WAYC,DHY210,YNB+CSM+2% glucose,37,15,min,CAA,WAY_CP13
C1156,#25,Water,matched,,1,C1153,WAYC,DHY210,YNB+CSM+2% glucose,37,15,min,CAA,WAY_CP13
C1166,#10,DMSO,matched,,1,C1165,WAYC,DHY210,YNB+CSM+2% glucose,37,15,min,CAA,WAY_CP13
C1167,#18,DMSO,matched,,1,C1165,WAYC,DHY210,YNB+CSM+2% glucose,37,15,min,CAA,WAY_CP13
C1170,#42,DMSO,matched,,1,C1165,WAYC,DHY210,YNB+CSM+2% glucose,37,15,min,CAA,WAY_CP13
C1178,#11,Water,matched,,1,C1153,WAYC,DHY210,YNB+CSM+2% glucose,37,15,min,CAA,WAY_CP13
C1180,#27,Water,matched,,1,C1153,WAYC,DHY210,YNB+CSM+2% glucose,37,15,min,CAA,WAY_CP13
C1181,#35,Water,matched,,1,C1153,WAYC,DHY210,YNB+CSM+2% glucose,37,15,min,CAA,WAY_CP13
C1189,#4,DMSO,matched,,1,C1165,WAYC,DHY210,YNB+CSM+2% glucose,37,15,min,CAA,WAY_CP13
C1190,#12,DMSO,matched,,1,C1165,WAYC,DHY210,YNB+CSM+2% glucose,37,15,min,CAA,WAY_CP13
C1191,#20,DMSO,matched,,1,C1165,WAYC,DHY210,YNB+CSM+2% glucose,37,15,min,CAA,WAY_CP13
C1192,#28,DMSO,matched,,1,C1165,WAYC,DHY210,YNB+CSM+2% glucose,37,15,min,CAA,WAY_CP13
C1194,#44,DMSO,matched,,1,C1165,WAYC,DHY210,YNB+CSM+2% glucose,37,15,min,CAA,WAY_CP13
C1202,#13,Water,matched,,1,C1153,WAYC,DHY210,YNB+CSM+2% glucose,37,15,min,CAA,WAY_CP13
C1203,#21,Water,matched,,1,C1153,WAYC,DHY210,YNB+CSM+2% glucose,37,15,min,CAA,WAY_CP13
C1204,#29,Water,matched,,1,C1153,WAYC,DHY210,YNB+CSM+2% glucose,37,15,min,CAA,WAY_CP13
C1206,#45,Water,matched,,1,C1153,WAYC,DHY210,YNB+CSM+2% glucose,37,15,min,CAA,WAY_CP13
C1213,#6,DMSO,matched,,1,C1165,WAYC,DHY210,YNB+CSM+2% glucose,37,15,min,CAA,WAY_CP13
C1214,#14,DMSO,matched,,1,C1165,WAYC,DHY210,YNB+CSM+2% glucose,37,15,min,CAA,WAY_CP13
C1215,#22,DMSO,matched,,1,C1165,WAYC,DHY210,YNB+CSM+2% glucose,37,15,min,CAA,WAY_CP13
C1216,#30,DMSO,matched,,1,C1165,WAYC,DHY210,YNB+CSM+2% glucose,37,15,min,CAA,WAY_CP13
C1217,#38,DMSO,matched,,1,C1165,WAYC,DHY210,YNB+CSM+2% glucose,37,15,min,CAA,WAY_CP13
C1218,#46,DMSO,matched,,1,C1165,WAYC,DHY210,YNB+CSM+2% glucose,37,15,min,CAA,WAY_CP13
C1226,#15,Water,matched,,1,C1153,WAYC,DHY210,YNB+CSM+2% glucose,37,15,min,CAA,WAY_CP13
C1227,#23,Water,matched,,1,C1153,WAYC,DHY210,YNB+CSM+2% glucose,37,15,min,CAA,WAY_CP13
C1228,#31,Water,matched,,1,C1153,WAYC,DHY210,YNB+CSM+2% glucose,37,15,min,CAA,WAY_CP13
C1229,#39,Water,matched,,1,C1153,WAYC,DHY210,YNB+CSM+2% glucose,37,15,min,CAA,WAY_CP13
C1237,#8,DMSO,matched,,1,C1165,WAYC,DHY210,YNB+CSM+2% glucose,37,15,min,CAA,WAY_CP13
C1250,#9,Water,matched,,1,C1249,WAYC,DHY210,YNB+CSM+2% glucose,37,30,min,CAB,WAY_CP14
C1251,#17,Water,matched,,1,C1249,WAYC,DHY210,YNB+CSM+2% glucose,37,30,min,CAB,WAY_CP14
C1252,#25,Water,matched,,1,C1249,WAYC,DHY210,YNB+CSM+2% glucose,37,30,min,CAB,WAY_CP14
C1254,#41,Water,matched,,1,C1249,WAYC,DHY210,YNB+CSM+2% glucose,37,30,min,CAB,WAY_CP14
C1262,#10,DMSO,matched,,1,C1261,WAYC,DHY210,YNB+CSM+2% glucose,37,30,min,CAB,WAY_CP14
C1263,#18,DMSO,matched,,1,C1261,WAYC,DHY210,YNB+CSM+2% glucose,37,30,min,CAB,WAY_CP14
C1266,#42,DMSO,matched,,1,C1261,WAYC,DHY210,YNB+CSM+2% glucose,37,30,min,CAB,WAY_CP14
C1274,#11,Water,matched,,1,C1249,WAYC,DHY210,YNB+CSM+2% glucose,37,30,min,CAB,WAY_CP14
C1276,#27,Water,matched,,1,C1249,WAYC,DHY210,YNB+CSM+2% glucose,37,30,min,CAB,WAY_CP14
C1277,#35,Water,matched,,1,C1249,WAYC,DHY210,YNB+CSM+2% glucose,37,30,min,CAB,WAY_CP14
C1278,#43,Water,matched,,1,C1249,WAYC,DHY210,YNB+CSM+2% glucose,37,30,min,CAB,WAY_CP14
C1285,#4,DMSO,matched,,1,C1261,WAYC,DHY210,YNB+CSM+2% glucose,37,30,min,CAB,WAY_CP14
C1286,#12,DMSO,matched,,1,C1261,WAYC,DHY210,YNB+CSM+2% glucose,37,30,min,CAB,WAY_CP14
C1287,#20,DMSO,matched,,1,C1261,WAYC,DHY210,YNB+CSM+2% glucose,37,30,min,CAB,WAY_CP14
C1288,#28,DMSO,matched,,1,C1261,WAYC,DHY210,YNB+CSM+2% glucose,37,30,min,CAB,WAY_CP14
C1290,#44,DMSO,matched,,1,C1261,WAYC,DHY210,YNB+CSM+2% glucose,37,30,min,CAB,WAY_CP14
C1298,#13,Water,matched,,1,C1249,WAYC,DHY210,YNB+CSM+2% glucose,37,30,min,CAB,WAY_CP14
C1299,#21,Water,matched,,1,C1249,WAYC,DHY210,YNB+CSM+2% glucose,37,30,min,CAB,WAY_CP14
C1300,#29,Water,matched,,1,C1249,WAYC,DHY210,YNB+CSM+2% glucose,37,30,min,CAB,WAY_CP14
C1302,#45,Water,matched,,1,C1249,WAYC,DHY210,YNB+CSM+2% glucose,37,30,min,CAB,WAY_CP14
C1309,#6,DMSO,matched,,1,C1261,WAYC,DHY210,YNB+CSM+2% glucose,37,30,min,CAB,WAY_CP14
C1312,#30,DMSO,matched,,1,C1261,WAYC,DHY210,YNB+CSM+2% glucose,37,30,min,CAB,WAY_CP14
C1314,#46,DMSO,matched,,1,C1261,WAYC,DHY210,YNB+CSM+2% glucose,37,30,min,CAB,WAY_CP14
C1321,#7,Water,matched,,1,C1249,WAYC,DHY210,YNB+CSM+2% glucose,37,30,min,CAB,WAY_CP14
C1322,#15,Water,matched,,1,C1249,WAYC,DHY210,YNB+CSM+2% glucose,37,30,min,CAB,WAY_CP14
C1323,#23,Water,matched,,1,C1249,WAYC,DHY210,YNB+CSM+2% glucose,37,30,min,CAB,WAY_CP14
C1325,#39,Water,matched,,1,C1249,WAYC,DHY210,YNB+CSM+2% glucose,37,30,min,CAB,WAY_CP14
C1333,#8,DMSO,matched,,1,C1261,WAYC,DHY210,YNB+CSM+2% glucose,37,30,min,CAB,WAY_CP14
C1337,#40,DMSO,matched,,1,C1261,WAYC,DHY210,YNB+CSM+2% glucose,37,30,min,CAB,WAY_CP14
C1346,#9,Water,matched,,1,C1345,WAYC,DHY210,YNB+CSM+2% glucose,37,60,min,QE1,WAY_CP15
C1348,#25,Water,matched,,1,C1345,WAYC,DHY210,YNB+CSM+2% glucose,37,60,min,QE1,WAY_CP15
C1350,#41,Water,matched,,1,C1345,WAYC,DHY210,YNB+CSM+2% glucose,37,60,min,QE1,WAY_CP15
C1358,#10,DMSO,matched,,1,C1357,WAYC,DHY210,YNB+CSM+2% glucose,37,60,min,QE1,WAY_CP15
C1359,#18,DMSO,matched,,1,C1357,WAYC,DHY210,YNB+CSM+2% glucose,37,60,min,QE1,WAY_CP15
C1362,#42,DMSO,matched,,1,C1357,WAYC,DHY210,YNB+CSM+2% glucose,37,60,min,QE1,WAY_CP15
C1370,#11,Water,matched,,1,C1345,WAYC,DHY210,YNB+CSM+2% glucose,37,60,min,QE1,WAY_CP15
C1372,#27,Water,matched,,1,C1345,WAYC,DHY210,YNB+CSM+2% glucose,37,60,min,QE1,WAY_CP15
C1373,#35,Water,matched,,1,C1345,WAYC,DHY210,YNB+CSM+2% glucose,37,60,min,QE1,WAY_CP15
C1374,#43,Water,matched,,1,C1345,WAYC,DHY210,YNB+CSM+2% glucose,37,60,min,QE1,WAY_CP15
C1382,#12,DMSO,matched,,1,C1357,WAYC,DHY210,YNB+CSM+2% glucose,37,60,min,QE1,WAY_CP15
C1383,#20,DMSO,matched,,1,C1357,WAYC,DHY210,YNB+CSM+2% glucose,37,60,min,QE1,WAY_CP15
C1384,#28,DMSO,matched,,1,C1357,WAYC,DHY210,YNB+CSM+2% glucose,37,60,min,QE1,WAY_CP15
C1386,#44,DMSO,matched,,1,C1357,WAYC,DHY210,YNB+CSM+2% glucose,37,60,min,QE1,WAY_CP15
C1394,#13,Water,matched,,1,C1345,WAYC,DHY210,YNB+CSM+2% glucose,37,60,min,QE1,WAY_CP15
C1395,#21,Water,matched,,1,C1345,WAYC,DHY210,YNB+CSM+2% glucose,37,60,min,QE1,WAY_CP15
C1396,#29,Water,matched,,1,C1345,WAYC,DHY210,YNB+CSM+2% glucose,37,60,min,QE1,WAY_CP15
C1398,#45,Water,matched,,1,C1345,WAYC,DHY210,YNB+CSM+2% glucose,37,60,min,QE1,WAY_CP15
C1405,#6,DMSO,matched,,1,C1357,WAYC,DHY210,YNB+CSM+2% glucose,37,60,min,QE1,WAY_CP15
C1406,#14,DMSO,matched,,1,C1357,WAYC,DHY210,YNB+CSM+2% glucose,37,60,min,QE1,WAY_CP15
C1407,#22,DMSO,matched,,1,C1357,WAYC,DHY210,YNB+CSM+2% glucose,37,60,min,QE1,WAY_CP15
C1408,#30,DMSO,matched,,1,C1357,WAYC,DHY210,YNB+CSM+2% glucose,37,60,min,QE1,WAY_CP15
C1409,#38,DMSO,matched,,1,C1357,WAYC,DHY210,YNB+CSM+2% glucose,37,60,min,QE1,WAY_CP15
C1410,#46,DMSO,matched,,1,C1357,WAYC,DHY210,YNB+CSM+2% glucose,37,60,min,QE1,WAY_CP15
C1417,#7,Water,matched,,1,C1345,WAYC,DHY210,YNB+CSM+2% glucose,37,60,min,QE1,WAY_CP15
C1418,#15,Water,matched,,1,C1345,WAYC,DHY210,YNB+CSM+2% glucose,37,60,min,QE1,WAY_CP15
C1419,#23,Water,matched,,1,C1345,WAYC,DHY210,YNB+CSM+2% glucose,37,60,min,QE1,WAY_CP15
C1420,#31,Water,matched,,1,C1345,WAYC,DHY210,YNB+CSM+2% glucose,37,60,min,QE1,WAY_CP15
C1421,#39,Water,matched,,1,C1345,WAYC,DHY210,YNB+CSM+2% glucose,37,60,min,QE1,WAY_CP15
C1429,#8,DMSO,matched,,1,C1357,WAYC,DHY210,YNB+CSM+2% glucose,37,60,min,QE1,WAY_CP15
C1433,#40,DMSO,matched,,1,C1357,WAYC,DHY210,YNB+CSM+2% glucose,37,60,min,QE1,WAY_CP15
C1442,#9,Water,matched,,1,C1441,WAYC,DHY210,YNB+CSM+2% glucose,37,90,min,QE2,WAY_CP16
C1444,#25,Water,matched,,1,C1441,WAYC,DHY210,YNB+CSM+2% glucose,37,90,min,QE2,WAY_CP16
C1446,#41,Water,matched,,1,C1441,WAYC,DHY210,YNB+CSM+2% glucose,37,90,min,QE2,WAY_CP16
C1454,#10,DMSO,matched,,1,C1453,WAYC,DHY210,YNB+CSM+2% glucose,37,90,min,QE2,WAY_CP16
C1455,#18,DMSO,matched,,1,C1453,WAYC,DHY210,YNB+CSM+2% glucose,37,90,min,QE2,WAY_CP16
C1458,#42,DMSO,matched,,1,C1453,WAYC,DHY210,YNB+CSM+2% glucose,37,90,min,QE2,WAY_CP16
C1466,#11,Water,matched,,1,C1441,WAYC,DHY210,YNB+CSM+2% glucose,37,90,min,QE2,WAY_CP16
C1468,#27,Water,matched,,1,C1441,WAYC,DHY210,YNB+CSM+2% glucose,37,90,min,QE2,WAY_CP16
C1469,#35,Water,matched,,1,C1441,WAYC,DHY210,YNB+CSM+2% glucose,37,90,min,QE2,WAY_CP16
C1470,#43,Water,matched,,1,C1441,WAYC,DHY210,YNB+CSM+2% glucose,37,90,min,QE2,WAY_CP16
C1477,#4,DMSO,matched,,1,C1453,WAYC,DHY210,YNB+CSM+2% glucose,37,90,min,QE2,WAY_CP16
C1478,#12,DMSO,matched,,1,C1453,WAYC,DHY210,YNB+CSM+2% glucose,37,90,min,QE2,WAY_CP16
C1479,#20,DMSO,matched,,1,C1453,WAYC,DHY210,YNB+CSM+2% glucose,37,90,min,QE2,WAY_CP16
C1480,#28,DMSO,matched,,1,C1453,WAYC,DHY210,YNB+CSM+2% glucose,37,90,min,QE2,WAY_CP16
C1482,#44,DMSO,matched,,1,C1453,WAYC,DHY210,YNB+CSM+2% glucose,37,90,min,QE2,WAY_CP16
C1490,#13,Water,matched,,1,C1441,WAYC,DHY210,YNB+CSM+2% glucose,37,90,min,QE2,WAY_CP16
C1491,#21,Water,matched,,1,C1441,WAYC,DHY210,YNB+CSM+2% glucose,37,90,min,QE2,WAY_CP16
C1492,#29,Water,matched,,1,C1441,WAYC,DHY210,YNB+CSM+2% glucose,37,90,min,QE2,WAY_CP16
C1494,#45,Water,matched,,1,C1441,WAYC,DHY210,YNB+CSM+2% glucose,37,90,min,QE2,WAY_CP16
C1501,#6,DMSO,matched,,1,C1453,WAYC,DHY210,YNB+CSM+2% glucose,37,90,min,QE2,WAY_CP16
C1502,#14,DMSO,matched,,1,C1453,WAYC,DHY210,YNB+CSM+2% glucose,37,90,min,QE2,WAY_CP16
C1503,#22,DMSO,matched,,1,C1453,WAYC,DHY210,YNB+CSM+2% glucose,37,90,min,QE2,WAY_CP16
C1504,#30,DMSO,matched,,1,C1453,WAYC,DHY210,YNB+CSM+2% glucose,37,90,min,QE2,WAY_CP16
C1505,#38,DMSO,matched,,1,C1453,WAYC,DHY210,YNB+CSM+2% glucose,37,90,min,QE2,WAY_CP16
C1506,#46,DMSO,matched,,1,C1453,WAYC,DHY210,YNB+CSM+2% glucose,37,90,min,QE2,WAY_CP16
C1513,#7,Water,matched,,1,C1441,WAYC,DHY210,YNB+CSM+2% glucose,37,90,min,QE2,WAY_CP16
C1514,#15,Water,matched,,1,C1441,WAYC,DHY210,YNB+CSM+2% glucose,37,90,min,QE2,WAY_CP16
C1515,#23,Water,matched,,1,C1441,WAYC,DHY210,YNB+CSM+2% glucose,37,90,min,QE2,WAY_CP16
C1516,#31,Water,matched,,1,C1441,WAYC,DHY210,YNB+CSM+2% glucose,37,90,min,QE2,WAY_CP16
C1517,#39,Water,matched,,1,C1441,WAYC,DHY210,YNB+CSM+2% glucose,37,90,min,QE2,WAY_CP16
C1525,#8,DMSO,matched,,1,C1453,WAYC,DHY210,YNB+CSM+2% glucose,37,90,min,QE2,WAY_CP16
C1529,#40,DMSO,matched,,1,C1453,WAYC,DHY210,YNB+CSM+2% glucose,37,90,min,QE2,WAY_CP16
C1634,#9,Water,matched,,1,C1633,WAYC,DHY210,YNB+CSM+2% glucose,37,240,min,CAA,WAY_CP18
C1636,#25,Water,matched,,1,C1633,WAYC,DHY210,YNB+CSM+2% glucose,37,240,min,CAA,WAY_CP18
C1638,#41,Water,matched,,1,C1633,WAYC,DHY210,YNB+CSM+2% glucose,37,240,min,CAA,WAY_CP18
C1646,#10,DMSO,matched,,1,C1645,WAYC,DHY210,YNB+CSM+2% glucose,37,240,min,CAA,WAY_CP18
C1647,#18,DMSO,matched,,1,C1645,WAYC,DHY210,YNB+CSM+2% glucose,37,240,min,CAA,WAY_CP18
C1650,#42,DMSO,matched,,1,C1645,WAYC,DHY210,YNB+CSM+2% glucose,37,240,min,CAA,WAY_CP18
C1658,#11,Water,matched,,1,C1633,WAYC,DHY210,YNB+CSM+2% glucose,37,240,min,CAA,WAY_CP18
C1660,#27,Water,matched,,1,C1633,WAYC,DHY210,YNB+CSM+2% glucose,37,240,min,CAA,WAY_CP18
C1661,#35,Water,matched,,1,C1633,WAYC,DHY210,YNB+CSM+2% glucose,37,240,min,CAA,WAY_CP18
C1662,#43,Water,matched,,1,C1633,WAYC,DHY210,YNB+CSM+2% glucose,37,240,min,CAA,WAY_CP18
C1669,#4,DMSO,matched,,1,C1645,WAYC,DHY210,YNB+CSM+2% glucose,37,240,min,CAA,WAY_CP18
C1670,#12,DMSO,matched,,1,C1645,WAYC,DHY210,YNB+CSM+2% glucose,37,240,min,CAA,WAY_CP18
C1671,#20,DMSO,matched,,1,C1645,WAYC,DHY210,YNB+CSM+2% glucose,37,240,min,CAA,WAY_CP18
C1672,#28,DMSO,matched,,1,C1645,WAYC,DHY210,YNB+CSM+2% glucose,37,240,min,CAA,WAY_CP18
C1674,#44,DMSO,matched,,1,C1645,WAYC,DHY210,YNB+CSM+2% glucose,37,240,min,CAA,WAY_CP18
C1682,#13,Water,matched,,1,C1633,WAYC,DHY210,YNB+CSM+2% glucose,37,240,min,CAA,WAY_CP18
C1683,#21,Water,matched,,1,C1633,WAYC,DHY210,YNB+CSM+2% glucose,37,240,min,CAA,WAY_CP18
C1684,#29,Water,matched,,1,C1633,WAYC,DHY210,YNB+CSM+2% glucose,37,240,min,CAA,WAY_CP18
C1686,#45,Water,matched,,1,C1633,WAYC,DHY210,YNB+CSM+2% glucose,37,240,min,CAA,WAY_CP18
C1693,#6,DMSO,matched,,1,C1645,WAYC,DHY210,YNB+CSM+2% glucose,37,240,min,CAA,WAY_CP18
C1694,#14,DMSO,matched,,1,C1645,WAYC,DHY210,YNB+CSM+2% glucose,37,240,min,CAA,WAY_CP18
C1695,#22,DMSO,matched,,1,C1645,WAYC,DHY210,YNB+CSM+2% glucose,37,240,min,CAA,WAY_CP18
C1696,#30,DMSO,matched,,1,C1645,WAYC,DHY210,YNB+CSM+2% glucose,37,240,min,CAA,WAY_CP18
C1697,#38,DMSO,matched,,1,C1645,WAYC,DHY210,YNB+CSM+2% glucose,37,240,min,CAA,WAY_CP18
C1698,#46,DMSO,matched,,1,C1645,WAYC,DHY210,YNB+CSM+2% glucose,37,240,min,CAA,WAY_CP18
C1705,#7,Water,matched,,1,C1633,WAYC,DHY210,YNB+CSM+2% glucose,37,240,min,CAA,WAY_CP18
C1706,#15,Water,matched,,1,C1633,WAYC,DHY210,YNB+CSM+2% glucose,37,240,min,CAA,WAY_CP18
C1707,#23,Water,matched,,1,C1633,WAYC,DHY210,YNB+CSM+2% glucose,37,240,min,CAA,WAY_CP18
C1708,#31,Water,matched,,1,C1633,WAYC,DHY210,YNB+CSM+2% glucose,37,240,min,CAA,WAY_CP18
C1709,#39,Water,matched,,1,C1633,WAYC,DHY210,YNB+CSM+2% glucose,37,240,min,CAA,WAY_CP18
C1717,#8,DMSO,matched,,1,C1645,WAYC,DHY210,YNB+CSM+2% glucose,37,240,min,CAA,WAY_CP18
C1721,#40,DMSO,matched,,1,C1645,WAYC,DHY210,YNB+CSM+2% glucose,37,240,min,CAA,WAY_CP18
C1826,#9,Water,matched,,1,C1825,WAYC,DHY210,YNB+CSM+2% galactose,37,30,min,O,WAY_CP20
C1827,#17,Water,matched,,1,C1825,WAYC,DHY210,YNB+CSM+2% galactose,37,30,min,O,WAY_CP20
C1828,#25,Water,matched,,1,C1825,WAYC,DHY210,YNB+CSM+2% galactose,37,30,min,O,WAY_CP20
C1830,#41,Water,matched,,1,C1825,WAYC,DHY210,YNB+CSM+2% galactose,37,30,min,O,WAY_CP20
C1838,#10,DMSO,matched,,1,C1837,WAYC,DHY210,YNB+CSM+2% galactose,37,30,min,O,WAY_CP20
C1839,#18,DMSO,matched,,1,C1837,WAYC,DHY210,YNB+CSM+2% galactose,37,30,min,O,WAY_CP20
C1842,#42,DMSO,matched,,1,C1837,WAYC,DHY210,YNB+CSM+2% galactose,37,30,min,O,WAY_CP20
C1850,#11,Water,matched,,1,C1825,WAYC,DHY210,YNB+CSM+2% galactose,37,30,min,O,WAY_CP20
C1852,#27,Water,matched,,1,C1825,WAYC,DHY210,YNB+CSM+2% galactose,37,30,min,O,WAY_CP20
C1853,#35,Water,matched,,1,C1825,WAYC,DHY210,YNB+CSM+2% galactose,37,30,min,O,WAY_CP20
C1854,#43,Water,matched,,1,C1825,WAYC,DHY210,YNB+CSM+2% galactose,37,30,min,O,WAY_CP20
C1861,#4,DMSO,matched,,1,C1837,WAYC,DHY210,YNB+CSM+2% galactose,37,30,min,O,WAY_CP20
C1862,#12,DMSO,matched,,1,C1837,WAYC,DHY210,YNB+CSM+2% galactose,37,30,min,O,WAY_CP20
C1863,#20,DMSO,matched,,1,C1837,WAYC,DHY210,YNB+CSM+2% galactose,37,30,min,O,WAY_CP20
C1864,#28,DMSO,matched,,1,C1837,WAYC,DHY210,YNB+CSM+2% galactose,37,30,min,O,WAY_CP20
C1866,#44,DMSO,matched,,1,C1837,WAYC,DHY210,YNB+CSM+2% galactose,37,30,min,O,WAY_CP20
C1874,#13,Water,matched,,1,C1825,WAYC,DHY210,YNB+CSM+2% galactose,37,30,min,O,WAY_CP20
C1875,#21,Water,matched,,1,C1825,WAYC,DHY210,YNB+CSM+2% galactose,37,30,min,O,WAY_CP20
C1876,#29,Water,matched,,1,C1825,WAYC,DHY210,YNB+CSM+2% galactose,37,30,min,O,WAY_CP20
C1878,#45,Water,matched,,1,C1825,WAYC,DHY210,YNB+CSM+2% galactose,37,30,min,O,WAY_CP20
C1886,#14,DMSO,matched,,1,C1837,WAYC,DHY210,YNB+CSM+2% galactose,37,30,min,O,WAY_CP20
C1887,#22,DMSO,matched,,1,C1837,WAYC,DHY210,YNB+CSM+2% galactose,37,30,min,O,WAY_CP20
C1888,#30,DMSO,matched,,1,C1837,WAYC,DHY210,YNB+CSM+2% galactose,37,30,min,O,WAY_CP20
C1889,#38,DMSO,matched,,1,C1837,WAYC,DHY210,YNB+CSM+2% galactose,37,30,min,O,WAY_CP20
C1897,#7,Water,matched,,1,C1825,WAYC,DHY210,YNB+CSM+2% galactose,37,30,min,O,WAY_CP20
C1898,#15,Water,matched,,1,C1825,WAYC,DHY210,YNB+CSM+2% galactose,37,30,min,O,WAY_CP20
C1899,#23,Water,matched,,1,C1825,WAYC,DHY210,YNB+CSM+2% galactose,37,30,min,O,WAY_CP20
C1900,#31,Water,matched,,1,C1825,WAYC,DHY210,YNB+CSM+2% galactose,37,30,min,O,WAY_CP20
C1901,#39,Water,matched,,1,C1825,WAYC,DHY210,YNB+CSM+2% galactose,37,30,min,O,WAY_CP20
C1909,#8,DMSO,matched,,1,C1837,WAYC,DHY210,YNB+CSM+2% galactose,37,30,min,O,WAY_CP20
C1913,#40,DMSO,matched,,1,C1837,WAYC,DHY210,YNB+CSM+2% galactose,37,30,min,O,WAY_CP20
C1922,#9,Water,matched,,1,C1921,WAYC,DHY210,YNB+CSM+2% galactose,37,60,min,CAC,WAY_CP21
C1924,#25,Water,matched,,1,C1921,WAYC,DHY210,YNB+CSM+2% galactose,37,60,min,CAC,WAY_CP21
C1926,#41,Water,matched,,1,C1921,WAYC,DHY210,YNB+CSM+2% galactose,37,60,min,CAC,WAY_CP21
C1934,#10,DMSO,matched,,1,C1933,WAYC,DHY210,YNB+CSM+2% galactose,37,60,min,CAC,WAY_CP21
C1935,#18,DMSO,matched,,1,C1933,WAYC,DHY210,YNB+CSM+2% galactose,37,60,min,CAC,WAY_CP21
C1938,#42,DMSO,matched,,1,C1933,WAYC,DHY210,YNB+CSM+2% galactose,37,60,min,CAC,WAY_CP21
C1946,#11,Water,matched,,1,C1921,WAYC,DHY210,YNB+CSM+2% galactose,37,60,min,CAC,WAY_CP21
C1948,#27,Water,matched,,1,C1921,WAYC,DHY210,YNB+CSM+2% galactose,37,60,min,CAC,WAY_CP21
C1949,#35,Water,matched,,1,C1921,WAYC,DHY210,YNB+CSM+2% galactose,37,60,min,CAC,WAY_CP21
C1950,#43,Water,matched,,1,C1921,WAYC,DHY210,YNB+CSM+2% galactose,37,60,min,CAC,WAY_CP21
C1957,#4,DMSO,matched,,1,C1933,WAYC,DHY210,YNB+CSM+2% galactose,37,60,min,CAC,WAY_CP21
C1958,#12,DMSO,matched,,1,C1933,WAYC,DHY210,YNB+CSM+2% galactose,37,60,min,CAC,WAY_CP21
C1959,#20,DMSO,matched,,1,C1933,WAYC,DHY210,YNB+CSM+2% galactose,37,60,min,CAC,WAY_CP21
C1960,#28,DMSO,matched,,1,C1933,WAYC,DHY210,YNB+CSM+2% galactose,37,60,min,CAC,WAY_CP21
C1962,#44,DMSO,matched,,1,C1933,WAYC,DHY210,YNB+CSM+2% galactose,37,60,min,CAC,WAY_CP21
C1970,#13,Water,matched,,1,C1921,WAYC,DHY210,YNB+CSM+2% galactose,37,60,min,CAC,WAY_CP21
C1971,#21,Water,matched,,1,C1921,WAYC,DHY210,YNB+CSM+2% galactose,37,60,min,CAC,WAY_CP21
C1972,#29,Water,matched,,1,C1921,WAYC,DHY210,YNB+CSM+2% galactose,37,60,min,CAC,WAY_CP21
C1974,#45,Water,matched,,1,C1921,WAYC,DHY210,YNB+CSM+2% galactose,37,60,min,CAC,WAY_CP21
C1981,#6,DMSO,matched,,1,C1933,WAYC,DHY210,YNB+CSM+2% galactose,37,60,min,CAC,WAY_CP21
C1982,#14,DMSO,matched,,1,C1933,WAYC,DHY210,YNB+CSM+2% galactose,37,60,min,CAC,WAY_CP21
C1984,#30,DMSO,matched,,1,C1933,WAYC,DHY210,YNB+CSM+2% galactose,37,60,min,CAC,WAY_CP21
C1985,#38,DMSO,matched,,1,C1933,WAYC,DHY210,YNB+CSM+2% galactose,37,60,min,CAC,WAY_CP21
C1986,#46,DMSO,matched,,1,C1933,WAYC,DHY210,YNB+CSM+2% galactose,37,60,min,CAC,WAY_CP21
C1993,#7,Water,matched,,1,C1921,WAYC,DHY210,YNB+CSM+2% galactose,37,60,min,CAC,WAY_CP21
C1994,#15,Water,matched,,1,C1921,WAYC,DHY210,YNB+CSM+2% galactose,37,60,min,CAC,WAY_CP21
C1995,#23,Water,matched,,1,C1921,WAYC,DHY210,YNB+CSM+2% galactose,37,60,min,CAC,WAY_CP21
C1996,#31,Water,matched,,1,C1921,WAYC,DHY210,YNB+CSM+2% galactose,37,60,min,CAC,WAY_CP21
C1997,#39,Water,matched,,1,C1921,WAYC,DHY210,YNB+CSM+2% galactose,37,60,min,CAC,WAY_CP21
C2005,#8,DMSO,matched,,1,C1933,WAYC,DHY210,YNB+CSM+2% galactose,37,60,min,CAC,WAY_CP21
C2009,#40,DMSO,matched,,1,C1933,WAYC,DHY210,YNB+CSM+2% galactose,37,60,min,CAC,WAY_CP21
C2018,#9,Water,matched,,1,C2017,WAYC,DHY210,YNB+CSM+2% galactose,37,90,min,CAA,WAY_CP22
C2019,#17,Water,matched,,1,C2017,WAYC,DHY210,YNB+CSM+2% galactose,37,90,min,CAA,WAY_CP22
C2020,#25,Water,matched,,1,C2017,WAYC,DHY210,YNB+CSM+2% galactose,37,90,min,CAA,WAY_CP22
C2022,#41,Water,matched,,1,C2017,WAYC,DHY210,YNB+CSM+2% galactose,37,90,min,CAA,WAY_CP22
C2030,#10,DMSO,matched,,1,C2029,WAYC,DHY210,YNB+CSM+2% galactose,37,90,min,CAA,WAY_CP22
C2031,#18,DMSO,matched,,1,C2029,WAYC,DHY210,YNB+CSM+2% galactose,37,90,min,CAA,WAY_CP22
C2042,#11,Water,matched,,1,C2017,WAYC,DHY210,YNB+CSM+2% galactose,37,90,min,CAA,WAY_CP22
C2044,#27,Water,matched,,1,C2017,WAYC,DHY210,YNB+CSM+2% galactose,37,90,min,CAA,WAY_CP22
C2045,#35,Water,matched,,1,C2017,WAYC,DHY210,YNB+CSM+2% galactose,37,90,min,CAA,WAY_CP22
C2046,#43,Water,matched,,1,C2017,WAYC,DHY210,YNB+CSM+2% galactose,37,90,min,CAA,WAY_CP22
C2053,#4,DMSO,matched,,1,C2029,WAYC,DHY210,YNB+CSM+2% galactose,37,90,min,CAA,WAY_CP22
C2054,#12,DMSO,matched,,1,C2029,WAYC,DHY210,YNB+CSM+2% galactose,37,90,min,CAA,WAY_CP22
C2055,#20,DMSO,matched,,1,C2029,WAYC,DHY210,YNB+CSM+2% galactose,37,90,min,CAA,WAY_CP22
C2056,#28,DMSO,matched,,1,C2029,WAYC,DHY210,YNB+CSM+2% galactose,37,90,min,CAA,WAY_CP22
C2058,#44,DMSO,matched,,1,C2029,WAYC,DHY210,YNB+CSM+2% galactose,37,90,min,CAA,WAY_CP22
C2067,#21,Water,matched,,1,C2017,WAYC,DHY210,YNB+CSM+2% galactose,37,90,min,CAA,WAY_CP22
C2068,#29,Water,matched,,1,C2017,WAYC,DHY210,YNB+CSM+2% galactose,37,90,min,CAA,WAY_CP22
C2070,#45,Water,matched,,1,C2017,WAYC,DHY210,YNB+CSM+2% galactose,37,90,min,CAA,WAY_CP22
C2077,#6,DMSO,matched,,1,C2029,WAYC,DHY210,YNB+CSM+2% galactose,37,90,min,CAA,WAY_CP22
C2078,#14,DMSO,matched,,1,C2029,WAYC,DHY210,YNB+CSM+2% galactose,37,90,min,CAA,WAY_CP22
C2079,#22,DMSO,matched,,1,C2029,WAYC,DHY210,YNB+CSM+2% galactose,37,90,min,CAA,WAY_CP22
C2080,#30,DMSO,matched,,1,C2029,WAYC,DHY210,YNB+CSM+2% galactose,37,90,min,CAA,WAY_CP22
C2081,#38,DMSO,matched,,1,C2029,WAYC,DHY210,YNB+CSM+2% galactose,37,90,min,CAA,WAY_CP22
C2082,#46,DMSO,matched,,1,C2029,WAYC,DHY210,YNB+CSM+2% galactose,37,90,min,CAA,WAY_CP22
C2089,#7,Water,matched,,1,C2017,WAYC,DHY210,YNB+CSM+2% galactose,37,90,min,CAA,WAY_CP22
C2090,#15,Water,matched,,1,C2017,WAYC,DHY210,YNB+CSM+2% galactose,37,90,min,CAA,WAY_CP22
C2091,#23,Water,matched,,1,C2017,WAYC,DHY210,YNB+CSM+2% galactose,37,90,min,CAA,WAY_CP22
C2092,#31,Water,matched,,1,C2017,WAYC,DHY210,YNB+CSM+2% galactose,37,90,min,CAA,WAY_CP22
C2093,#39,Water,matched,,1,C2017,WAYC,DHY210,YNB+CSM+2% galactose,37,90,min,CAA,WAY_CP22
C2101,#8,DMSO,matched,,1,C2029,WAYC,DHY210,YNB+CSM+2% galactose,37,90,min,CAA,WAY_CP22
C2105,#40,DMSO,matched,,1,C2029,WAYC,DHY210,YNB+CSM+2% galactose,37,90,min,CAA,WAY_CP22
C2114,#9,Water,matched,,1,C2113,WAYC,DHY210,YNB+CSM+2% galactose,37,120,min,WAH,WAY_CP23
C2116,#25,Water,matched,,1,C2113,WAYC,DHY210,YNB+CSM+2% galactose,37,120,min,WAH,WAY_CP23
C2118,#41,Water,matched,,1,C2113,WAYC,DHY210,YNB+CSM+2% galactose,37,120,min,WAH,WAY_CP23
C2126,#10,DMSO,matched,,1,C2125,WAYC,DHY210,YNB+CSM+2% galactose,37,120,min,WAH,WAY_CP23
C2127,#18,DMSO,matched,,1,C2125,WAYC,DHY210,YNB+CSM+2% galactose,37,120,min,WAH,WAY_CP23
C2130,#42,DMSO,matched,,1,C2125,WAYC,DHY210,YNB+CSM+2% galactose,37,120,min,WAH,WAY_CP23
C2138,#11,Water,matched,,1,C2113,WAYC,DHY210,YNB+CSM+2% galactose,37,120,min,WAH,WAY_CP23
C2140,#27,Water,matched,,1,C2113,WAYC,DHY210,YNB+CSM+2% galactose,37,120,min,WAH,WAY_CP23
C2141,#35,Water,matched,,1,C2113,WAYC,DHY210,YNB+CSM+2% galactose,37,120,min,WAH,WAY_CP23
C2142,#43,Water,matched,,1,C2113,WAYC,DHY210,YNB+CSM+2% galactose,37,120,min,WAH,WAY_CP23
C2149,#4,DMSO,matched,,1,C2125,WAYC,DHY210,YNB+CSM+2% galactose,37,120,min,WAH,WAY_CP23
C2150,#12,DMSO,matched,,1,C2125,WAYC,DHY210,YNB+CSM+2% galactose,37,120,min,WAH,WAY_CP23
C2151,#20,DMSO,matched,,1,C2125,WAYC,DHY210,YNB+CSM+2% galactose,37,120,min,WAH,WAY_CP23
C2152,#28,DMSO,matched,,1,C2125,WAYC,DHY210,YNB+CSM+2% galactose,37,120,min,WAH,WAY_CP23
C2154,#44,DMSO,matched,,1,C2125,WAYC,DHY210,YNB+CSM+2% galactose,37,120,min,WAH,WAY_CP23
C2162,#13,Water,matched,,1,C2113,WAYC,DHY210,YNB+CSM+2% galactose,37,120,min,WAH,WAY_CP23
C2163,#21,Water,matched,,1,C2113,WAYC,DHY210,YNB+CSM+2% galactose,37,120,min,WAH,WAY_CP23
C2164,#29,Water,matched,,1,C2113,WAYC,DHY210,YNB+CSM+2% galactose,37,120,min,WAH,WAY_CP23
C2166,#45,Water,matched,,1,C2113,WAYC,DHY210,YNB+CSM+2% galactose,37,120,min,WAH,WAY_CP23
C2173,#6,DMSO,matched,,1,C2125,WAYC,DHY210,YNB+CSM+2% galactose,37,120,min,WAH,WAY_CP23
C2174,#14,DMSO,matched,,1,C2125,WAYC,DHY210,YNB+CSM+2% galactose,37,120,min,WAH,WAY_CP23
C2175,#22,DMSO,matched,,1,C2125,WAYC,DHY210,YNB+CSM+2% galactose,37,120,min,WAH,WAY_CP23
C2176,#30,DMSO,matched,,1,C2125,WAYC,DHY210,YNB+CSM+2% galactose,37,120,min,WAH,WAY_CP23
C2177,#38,DMSO,matched,,1,C2125,WAYC,DHY210,YNB+CSM+2% galactose,37,120,min,WAH,WAY_CP23
C2178,#46,DMSO,matched,,1,C2125,WAYC,DHY210,YNB+CSM+2% galactose,37,120,min,WAH,WAY_CP23
C2185,#7,Water,matched,,1,C2113,WAYC,DHY210,YNB+CSM+2% galactose,37,120,min,WAH,WAY_CP23
C2186,#15,Water,matched,,1,C2113,WAYC,DHY210,YNB+CSM+2% galactose,37,120,min,WAH,WAY_CP23
C2187,#23,Water,matched,,1,C2113,WAYC,DHY210,YNB+CSM+2% galactose,37,120,min,WAH,WAY_CP23
C2188,#31,Water,matched,,1,C2113,WAYC,DHY210,YNB+CSM+2% galactose,37,120,min,WAH,WAY_CP23
C2189,#39,Water,matched,,1,C2113,WAYC,DHY210,YNB+CSM+2% galactose,37,120,min,WAH,WAY_CP23
C2197,#8,DMSO,matched,,1,C2125,WAYC,DHY210,YNB+CSM+2% galactose,37,120,min,WAH,WAY_CP23
C2201,#40,DMSO,matched,,1,C2125,WAYC,DHY210,YNB+CSM+2% galactose,37,120,min,WAH,WAY_CP23
C2210,#9,Water,matched,,1,C2209,WAYC,DHY210,YNB+CSM+2% galactose,37,240,min,CAC,WAY_CP24
C2212,#25,Water,matched,,1,C2209,WAYC,DHY210,YNB+CSM+2% galactose,37,240,min,CAC,WAY_CP24
C2214,#41,Water,matched,,1,C2209,WAYC,DHY210,YNB+CSM+2% galactose,37,240,min,CAC,WAY_CP24
C2222,#10,DMSO,unmatched_huber_only,no_exact_requested_solvent_control,0,,WAYC,DHY210,YNB+CSM+2% galactose,37,240,min,CAC,WAY_CP24
C2223,#18,DMSO,unmatched_huber_only,no_exact_requested_solvent_control,0,,WAYC,DHY210,YNB+CSM+2% galactose,37,240,min,CAC,WAY_CP24
C2226,#42,DMSO,unmatched_huber_only,no_exact_requested_solvent_control,0,,WAYC,DHY210,YNB+CSM+2% galactose,37,240,min,CAC,WAY_CP24
C2237,#35,Water,matched,,1,C2209,WAYC,DHY210,YNB+CSM+2% galactose,37,240,min,CAC,WAY_CP24
C2238,#43,Water,matched,,1,C2209,WAYC,DHY210,YNB+CSM+2% galactose,37,240,min,CAC,WAY_CP24
C2246,#12,DMSO,unmatched_huber_only,no_exact_requested_solvent_control,0,,WAYC,DHY210,YNB+CSM+2% galactose,37,240,min,CAC,WAY_CP24
C2247,#20,DMSO,unmatched_huber_only,no_exact_requested_solvent_control,0,,WAYC,DHY210,YNB+CSM+2% galactose,37,240,min,CAC,WAY_CP24
C2248,#28,DMSO,unmatched_huber_only,no_exact_requested_solvent_control,0,,WAYC,DHY210,YNB+CSM+2% galactose,37,240,min,CAC,WAY_CP24
C2258,#13,Water,matched,,1,C2209,WAYC,DHY210,YNB+CSM+2% galactose,37,240,min,CAC,WAY_CP24
C2259,#21,Water,matched,,1,C2209,WAYC,DHY210,YNB+CSM+2% galactose,37,240,min,CAC,WAY_CP24
C2260,#29,Water,matched,,1,C2209,WAYC,DHY210,YNB+CSM+2% galactose,37,240,min,CAC,WAY_CP24
C2262,#45,Water,matched,,1,C2209,WAYC,DHY210,YNB+CSM+2% galactose,37,240,min,CAC,WAY_CP24
C2269,#6,DMSO,unmatched_huber_only,no_exact_requested_solvent_control,0,,WAYC,DHY210,YNB+CSM+2% galactose,37,240,min,CAC,WAY_CP24
C2270,#14,DMSO,unmatched_huber_only,no_exact_requested_solvent_control,0,,WAYC,DHY210,YNB+CSM+2% galactose,37,240,min,CAC,WAY_CP24
C2271,#22,DMSO,unmatched_huber_only,no_exact_requested_solvent_control,0,,WAYC,DHY210,YNB+CSM+2% galactose,37,240,min,CAC,WAY_CP24
C2272,#30,DMSO,unmatched_huber_only,no_exact_requested_solvent_control,0,,WAYC,DHY210,YNB+CSM+2% galactose,37,240,min,CAC,WAY_CP24
C2274,#46,DMSO,unmatched_huber_only,no_exact_requested_solvent_control,0,,WAYC,DHY210,YNB+CSM+2% galactose,37,240,min,CAC,WAY_CP24
C2281,#7,Water,matched,,1,C2209,WAYC,DHY210,YNB+CSM+2% galactose,37,240,min,CAC,WAY_CP24
C2282,#15,Water,matched,,1,C2209,WAYC,DHY210,YNB+CSM+2% galactose,37,240,min,CAC,WAY_CP24
C2283,#23,Water,matched,,1,C2209,WAYC,DHY210,YNB+CSM+2% galactose,37,240,min,CAC,WAY_CP24
C2284,#31,Water,matched,,1,C2209,WAYC,DHY210,YNB+CSM+2% galactose,37,240,min,CAC,WAY_CP24
C2285,#39,Water,matched,,1,C2209,WAYC,DHY210,YNB+CSM+2% galactose,37,240,min,CAC,WAY_CP24
C2293,#8,DMSO,unmatched_huber_only,no_exact_requested_solvent_control,0,,WAYC,DHY210,YNB+CSM+2% galactose,37,240,min,CAC,WAY_CP24
C2297,#40,DMSO,unmatched_huber_only,no_exact_requested_solvent_control,0,,WAYC,DHY210,YNB+CSM+2% galactose,37,240,min,CAC,WAY_CP24
C2306,#9,Water,matched,,2,C2305|C2382,WAYC,CGD,YNB+CSM+2% glucose,30,15,min,O,WAY_CP25
C2307,#17,Water,matched,,2,C2305|C2382,WAYC,CGD,YNB+CSM+2% glucose,30,15,min,O,WAY_CP25
C2308,#25,Water,matched,,2,C2305|C2382,WAYC,CGD,YNB+CSM+2% glucose,30,15,min,O,WAY_CP25
C2310,#41,Water,matched,,2,C2305|C2382,WAYC,CGD,YNB+CSM+2% glucose,30,15,min,O,WAY_CP25
C2312,#9,Water,matched,,2,C2311|C2388,WAYC,BAH,YNB+CSM+2% glucose,30,15,min,O,WAY_CP25
C2313,#17,Water,matched,,2,C2311|C2388,WAYC,BAH,YNB+CSM+2% glucose,30,15,min,O,WAY_CP25
C2314,#25,Water,matched,,2,C2311|C2388,WAYC,BAH,YNB+CSM+2% glucose,30,15,min,O,WAY_CP25
C2316,#41,Water,matched,,2,C2311|C2388,WAYC,BAH,YNB+CSM+2% glucose,30,15,min,O,WAY_CP25
C2318,#10,DMSO,matched,,1,C2317,WAYC,CGD,YNB+CSM+2% glucose,30,15,min,O,WAY_CP25
C2319,#18,DMSO,matched,,1,C2317,WAYC,CGD,YNB+CSM+2% glucose,30,15,min,O,WAY_CP25
C2322,#42,DMSO,matched,,1,C2317,WAYC,CGD,YNB+CSM+2% glucose,30,15,min,O,WAY_CP25
C2324,#10,DMSO,matched,,1,C2323,WAYC,BAH,YNB+CSM+2% glucose,30,15,min,O,WAY_CP25
C2328,#42,DMSO,matched,,1,C2323,WAYC,BAH,YNB+CSM+2% glucose,30,15,min,O,WAY_CP25
C2330,#11,Water,matched,,2,C2305|C2382,WAYC,CGD,YNB+CSM+2% glucose,30,15,min,O,WAY_CP25
C2332,#27,Water,matched,,2,C2305|C2382,WAYC,CGD,YNB+CSM+2% glucose,30,15,min,O,WAY_CP25
C2333,#35,Water,matched,,2,C2305|C2382,WAYC,CGD,YNB+CSM+2% glucose,30,15,min,O,WAY_CP25
C2334,#43,Water,matched,,2,C2305|C2382,WAYC,CGD,YNB+CSM+2% glucose,30,15,min,O,WAY_CP25
C2336,#11,Water,matched,,2,C2311|C2388,WAYC,BAH,YNB+CSM+2% glucose,30,15,min,O,WAY_CP25
C2338,#27,Water,matched,,2,C2311|C2388,WAYC,BAH,YNB+CSM+2% glucose,30,15,min,O,WAY_CP25
C2339,#35,Water,matched,,2,C2311|C2388,WAYC,BAH,YNB+CSM+2% glucose,30,15,min,O,WAY_CP25
C2340,#43,Water,matched,,2,C2311|C2388,WAYC,BAH,YNB+CSM+2% glucose,30,15,min,O,WAY_CP25
C2341,#4,DMSO,matched,,1,C2317,WAYC,CGD,YNB+CSM+2% glucose,30,15,min,O,WAY_CP25
C2342,#12,DMSO,matched,,1,C2317,WAYC,CGD,YNB+CSM+2% glucose,30,15,min,O,WAY_CP25
C2343,#20,DMSO,matched,,1,C2317,WAYC,CGD,YNB+CSM+2% glucose,30,15,min,O,WAY_CP25
C2344,#28,DMSO,matched,,1,C2317,WAYC,CGD,YNB+CSM+2% glucose,30,15,min,O,WAY_CP25
C2346,#44,DMSO,matched,,1,C2317,WAYC,CGD,YNB+CSM+2% glucose,30,15,min,O,WAY_CP25
C2347,#4,DMSO,matched,,1,C2323,WAYC,BAH,YNB+CSM+2% glucose,30,15,min,O,WAY_CP25
C2349,#20,DMSO,matched,,1,C2323,WAYC,BAH,YNB+CSM+2% glucose,30,15,min,O,WAY_CP25
C2350,#28,DMSO,matched,,1,C2323,WAYC,BAH,YNB+CSM+2% glucose,30,15,min,O,WAY_CP25
C2352,#44,DMSO,matched,,1,C2323,WAYC,BAH,YNB+CSM+2% glucose,30,15,min,O,WAY_CP25
C2354,#13,Water,matched,,2,C2305|C2382,WAYC,CGD,YNB+CSM+2% glucose,30,15,min,O,WAY_CP25
C2355,#21,Water,matched,,2,C2305|C2382,WAYC,CGD,YNB+CSM+2% glucose,30,15,min,O,WAY_CP25
C2356,#29,Water,matched,,2,C2305|C2382,WAYC,CGD,YNB+CSM+2% glucose,30,15,min,O,WAY_CP25
C2358,#45,Water,matched,,2,C2305|C2382,WAYC,CGD,YNB+CSM+2% glucose,30,15,min,O,WAY_CP25
C2360,#13,Water,matched,,2,C2311|C2388,WAYC,BAH,YNB+CSM+2% glucose,30,15,min,O,WAY_CP25
C2361,#21,Water,matched,,2,C2311|C2388,WAYC,BAH,YNB+CSM+2% glucose,30,15,min,O,WAY_CP25
C2364,#45,Water,matched,,2,C2311|C2388,WAYC,BAH,YNB+CSM+2% glucose,30,15,min,O,WAY_CP25
C2365,#6,DMSO,matched,,1,C2317,WAYC,CGD,YNB+CSM+2% glucose,30,15,min,O,WAY_CP25
C2366,#14,DMSO,matched,,1,C2317,WAYC,CGD,YNB+CSM+2% glucose,30,15,min,O,WAY_CP25
C2367,#22,DMSO,matched,,1,C2317,WAYC,CGD,YNB+CSM+2% glucose,30,15,min,O,WAY_CP25
C2368,#30,DMSO,matched,,1,C2317,WAYC,CGD,YNB+CSM+2% glucose,30,15,min,O,WAY_CP25
C2370,#46,DMSO,matched,,1,C2317,WAYC,CGD,YNB+CSM+2% glucose,30,15,min,O,WAY_CP25
C2371,#6,DMSO,matched,,1,C2323,WAYC,BAH,YNB+CSM+2% glucose,30,15,min,O,WAY_CP25
C2372,#14,DMSO,matched,,1,C2323,WAYC,BAH,YNB+CSM+2% glucose,30,15,min,O,WAY_CP25
C2373,#22,DMSO,matched,,1,C2323,WAYC,BAH,YNB+CSM+2% glucose,30,15,min,O,WAY_CP25
C2374,#30,DMSO,matched,,1,C2323,WAYC,BAH,YNB+CSM+2% glucose,30,15,min,O,WAY_CP25
C2375,#38,DMSO,matched,,1,C2323,WAYC,BAH,YNB+CSM+2% glucose,30,15,min,O,WAY_CP25
C2376,#46,DMSO,matched,,1,C2323,WAYC,BAH,YNB+CSM+2% glucose,30,15,min,O,WAY_CP25
C2377,#7,Water,matched,,2,C2305|C2382,WAYC,CGD,YNB+CSM+2% glucose,30,15,min,O,WAY_CP25
C2378,#15,Water,matched,,2,C2305|C2382,WAYC,CGD,YNB+CSM+2% glucose,30,15,min,O,WAY_CP25
C2380,#31,Water,matched,,2,C2305|C2382,WAYC,CGD,YNB+CSM+2% glucose,30,15,min,O,WAY_CP25
C2381,#39,Water,matched,,2,C2305|C2382,WAYC,CGD,YNB+CSM+2% glucose,30,15,min,O,WAY_CP25
C2383,#7,Water,matched,,2,C2311|C2388,WAYC,BAH,YNB+CSM+2% glucose,30,15,min,O,WAY_CP25
C2384,#15,Water,matched,,2,C2311|C2388,WAYC,BAH,YNB+CSM+2% glucose,30,15,min,O,WAY_CP25
C2385,#23,Water,matched,,2,C2311|C2388,WAYC,BAH,YNB+CSM+2% glucose,30,15,min,O,WAY_CP25
C2386,#31,Water,matched,,2,C2311|C2388,WAYC,BAH,YNB+CSM+2% glucose,30,15,min,O,WAY_CP25
C2387,#39,Water,matched,,2,C2311|C2388,WAYC,BAH,YNB+CSM+2% glucose,30,15,min,O,WAY_CP25
C2389,#8,DMSO,matched,,1,C2317,WAYC,CGD,YNB+CSM+2% glucose,30,15,min,O,WAY_CP25
C2393,#40,DMSO,matched,,1,C2317,WAYC,CGD,YNB+CSM+2% glucose,30,15,min,O,WAY_CP25
C2395,#8,DMSO,matched,,1,C2323,WAYC,BAH,YNB+CSM+2% glucose,30,15,min,O,WAY_CP25
C2399,#40,DMSO,matched,,1,C2323,WAYC,BAH,YNB+CSM+2% glucose,30,15,min,O,WAY_CP25
C2402,#9,Water,matched,,2,C2401|C2478,WAYC,CGD,YNB+CSM+2% glucose,30,30,min,CAA,WAY_CP26
C2404,#25,Water,matched,,2,C2401|C2478,WAYC,CGD,YNB+CSM+2% glucose,30,30,min,CAA,WAY_CP26
C2406,#41,Water,matched,,2,C2401|C2478,WAYC,CGD,YNB+CSM+2% glucose,30,30,min,CAA,WAY_CP26
C2408,#9,Water,matched,,2,C2407|C2484,WAYC,BAH,YNB+CSM+2% glucose,30,30,min,CAA,WAY_CP26
C2410,#25,Water,matched,,2,C2407|C2484,WAYC,BAH,YNB+CSM+2% glucose,30,30,min,CAA,WAY_CP26
C2412,#41,Water,matched,,2,C2407|C2484,WAYC,BAH,YNB+CSM+2% glucose,30,30,min,CAA,WAY_CP26
C2414,#10,DMSO,matched,,1,C2413,WAYC,CGD,YNB+CSM+2% glucose,30,30,min,CAA,WAY_CP26
C2415,#18,DMSO,matched,,1,C2413,WAYC,CGD,YNB+CSM+2% glucose,30,30,min,CAA,WAY_CP26
C2420,#10,DMSO,matched,,1,C2419,WAYC,BAH,YNB+CSM+2% glucose,30,30,min,CAA,WAY_CP26
C2421,#18,DMSO,matched,,1,C2419,WAYC,BAH,YNB+CSM+2% glucose,30,30,min,CAA,WAY_CP26
C2424,#42,DMSO,matched,,1,C2419,WAYC,BAH,YNB+CSM+2% glucose,30,30,min,CAA,WAY_CP26
C2426,#11,Water,matched,,2,C2401|C2478,WAYC,CGD,YNB+CSM+2% glucose,30,30,min,CAA,WAY_CP26
C2428,#27,Water,matched,,2,C2401|C2478,WAYC,CGD,YNB+CSM+2% glucose,30,30,min,CAA,WAY_CP26
C2429,#35,Water,matched,,2,C2401|C2478,WAYC,CGD,YNB+CSM+2% glucose,30,30,min,CAA,WAY_CP26
C2430,#43,Water,matched,,2,C2401|C2478,WAYC,CGD,YNB+CSM+2% glucose,30,30,min,CAA,WAY_CP26
C2432,#11,Water,matched,,2,C2407|C2484,WAYC,BAH,YNB+CSM+2% glucose,30,30,min,CAA,WAY_CP26
C2434,#27,Water,matched,,2,C2407|C2484,WAYC,BAH,YNB+CSM+2% glucose,30,30,min,CAA,WAY_CP26
C2435,#35,Water,matched,,2,C2407|C2484,WAYC,BAH,YNB+CSM+2% glucose,30,30,min,CAA,WAY_CP26
C2436,#43,Water,matched,,2,C2407|C2484,WAYC,BAH,YNB+CSM+2% glucose,30,30,min,CAA,WAY_CP26
C2437,#4,DMSO,matched,,1,C2413,WAYC,CGD,YNB+CSM+2% glucose,30,30,min,CAA,WAY_CP26
C2438,#12,DMSO,matched,,1,C2413,WAYC,CGD,YNB+CSM+2% glucose,30,30,min,CAA,WAY_CP26
C2439,#20,DMSO,matched,,1,C2413,WAYC,CGD,YNB+CSM+2% glucose,30,30,min,CAA,WAY_CP26
C2440,#28,DMSO,matched,,1,C2413,WAYC,CGD,YNB+CSM+2% glucose,30,30,min,CAA,WAY_CP26
C2442,#44,DMSO,matched,,1,C2413,WAYC,CGD,YNB+CSM+2% glucose,30,30,min,CAA,WAY_CP26
C2443,#4,DMSO,matched,,1,C2419,WAYC,BAH,YNB+CSM+2% glucose,30,30,min,CAA,WAY_CP26
C2444,#12,DMSO,matched,,1,C2419,WAYC,BAH,YNB+CSM+2% glucose,30,30,min,CAA,WAY_CP26
C2445,#20,DMSO,matched,,1,C2419,WAYC,BAH,YNB+CSM+2% glucose,30,30,min,CAA,WAY_CP26
C2446,#28,DMSO,matched,,1,C2419,WAYC,BAH,YNB+CSM+2% glucose,30,30,min,CAA,WAY_CP26
C2448,#44,DMSO,matched,,1,C2419,WAYC,BAH,YNB+CSM+2% glucose,30,30,min,CAA,WAY_CP26
C2450,#13,Water,matched,,2,C2401|C2478,WAYC,CGD,YNB+CSM+2% glucose,30,30,min,CAA,WAY_CP26
C2451,#21,Water,matched,,2,C2401|C2478,WAYC,CGD,YNB+CSM+2% glucose,30,30,min,CAA,WAY_CP26
C2452,#29,Water,matched,,2,C2401|C2478,WAYC,CGD,YNB+CSM+2% glucose,30,30,min,CAA,WAY_CP26
C2454,#45,Water,matched,,2,C2401|C2478,WAYC,CGD,YNB+CSM+2% glucose,30,30,min,CAA,WAY_CP26
C2456,#13,Water,matched,,2,C2407|C2484,WAYC,BAH,YNB+CSM+2% glucose,30,30,min,CAA,WAY_CP26
C2457,#21,Water,matched,,2,C2407|C2484,WAYC,BAH,YNB+CSM+2% glucose,30,30,min,CAA,WAY_CP26
C2458,#29,Water,matched,,2,C2407|C2484,WAYC,BAH,YNB+CSM+2% glucose,30,30,min,CAA,WAY_CP26
C2460,#45,Water,matched,,2,C2407|C2484,WAYC,BAH,YNB+CSM+2% glucose,30,30,min,CAA,WAY_CP26
C2462,#14,DMSO,matched,,1,C2413,WAYC,CGD,YNB+CSM+2% glucose,30,30,min,CAA,WAY_CP26
C2463,#22,DMSO,matched,,1,C2413,WAYC,CGD,YNB+CSM+2% glucose,30,30,min,CAA,WAY_CP26
C2464,#30,DMSO,matched,,1,C2413,WAYC,CGD,YNB+CSM+2% glucose,30,30,min,CAA,WAY_CP26
C2465,#38,DMSO,matched,,1,C2413,WAYC,CGD,YNB+CSM+2% glucose,30,30,min,CAA,WAY_CP26
C2467,#6,DMSO,matched,,1,C2419,WAYC,BAH,YNB+CSM+2% glucose,30,30,min,CAA,WAY_CP26
C2468,#14,DMSO,matched,,1,C2419,WAYC,BAH,YNB+CSM+2% glucose,30,30,min,CAA,WAY_CP26
C2469,#22,DMSO,matched,,1,C2419,WAYC,BAH,YNB+CSM+2% glucose,30,30,min,CAA,WAY_CP26
C2470,#30,DMSO,matched,,1,C2419,WAYC,BAH,YNB+CSM+2% glucose,30,30,min,CAA,WAY_CP26
C2471,#38,DMSO,matched,,1,C2419,WAYC,BAH,YNB+CSM+2% glucose,30,30,min,CAA,WAY_CP26
C2472,#46,DMSO,matched,,1,C2419,WAYC,BAH,YNB+CSM+2% glucose,30,30,min,CAA,WAY_CP26
C2473,#7,Water,matched,,2,C2401|C2478,WAYC,CGD,YNB+CSM+2% glucose,30,30,min,CAA,WAY_CP26
C2474,#15,Water,matched,,2,C2401|C2478,WAYC,CGD,YNB+CSM+2% glucose,30,30,min,CAA,WAY_CP26
C2475,#23,Water,matched,,2,C2401|C2478,WAYC,CGD,YNB+CSM+2% glucose,30,30,min,CAA,WAY_CP26
C2476,#31,Water,matched,,2,C2401|C2478,WAYC,CGD,YNB+CSM+2% glucose,30,30,min,CAA,WAY_CP26
C2477,#39,Water,matched,,2,C2401|C2478,WAYC,CGD,YNB+CSM+2% glucose,30,30,min,CAA,WAY_CP26
C2479,#7,Water,matched,,2,C2407|C2484,WAYC,BAH,YNB+CSM+2% glucose,30,30,min,CAA,WAY_CP26
C2480,#15,Water,matched,,2,C2407|C2484,WAYC,BAH,YNB+CSM+2% glucose,30,30,min,CAA,WAY_CP26
C2481,#23,Water,matched,,2,C2407|C2484,WAYC,BAH,YNB+CSM+2% glucose,30,30,min,CAA,WAY_CP26
C2482,#31,Water,matched,,2,C2407|C2484,WAYC,BAH,YNB+CSM+2% glucose,30,30,min,CAA,WAY_CP26
C2483,#39,Water,matched,,2,C2407|C2484,WAYC,BAH,YNB+CSM+2% glucose,30,30,min,CAA,WAY_CP26
C2485,#8,DMSO,matched,,1,C2413,WAYC,CGD,YNB+CSM+2% glucose,30,30,min,CAA,WAY_CP26
C2489,#40,DMSO,matched,,1,C2413,WAYC,CGD,YNB+CSM+2% glucose,30,30,min,CAA,WAY_CP26
C2491,#8,DMSO,matched,,1,C2419,WAYC,BAH,YNB+CSM+2% glucose,30,30,min,CAA,WAY_CP26
C2495,#40,DMSO,matched,,1,C2419,WAYC,BAH,YNB+CSM+2% glucose,30,30,min,CAA,WAY_CP26
C2498,#9,Water,matched,,2,C2497|C2574,WAYC,CGD,YNB+CSM+2% glucose,30,60,min,CAC,WAY_CP27
C2500,#25,Water,matched,,2,C2497|C2574,WAYC,CGD,YNB+CSM+2% glucose,30,60,min,CAC,WAY_CP27
C2502,#41,Water,matched,,2,C2497|C2574,WAYC,CGD,YNB+CSM+2% glucose,30,60,min,CAC,WAY_CP27
C2504,#9,Water,matched,,2,C2503|C2580,WAYC,BAH,YNB+CSM+2% glucose,30,60,min,CAC,WAY_CP27
C2505,#17,Water,matched,,2,C2503|C2580,WAYC,BAH,YNB+CSM+2% glucose,30,60,min,CAC,WAY_CP27
C2506,#25,Water,matched,,2,C2503|C2580,WAYC,BAH,YNB+CSM+2% glucose,30,60,min,CAC,WAY_CP27
C2508,#41,Water,matched,,2,C2503|C2580,WAYC,BAH,YNB+CSM+2% glucose,30,60,min,CAC,WAY_CP27
C2510,#10,DMSO,matched,,1,C2509,WAYC,CGD,YNB+CSM+2% glucose,30,60,min,CAC,WAY_CP27
C2511,#18,DMSO,matched,,1,C2509,WAYC,CGD,YNB+CSM+2% glucose,30,60,min,CAC,WAY_CP27
C2514,#42,DMSO,matched,,1,C2509,WAYC,CGD,YNB+CSM+2% glucose,30,60,min,CAC,WAY_CP27
C2516,#10,DMSO,matched,,1,C2515,WAYC,BAH,YNB+CSM+2% glucose,30,60,min,CAC,WAY_CP27
C2517,#18,DMSO,matched,,1,C2515,WAYC,BAH,YNB+CSM+2% glucose,30,60,min,CAC,WAY_CP27
C2522,#11,Water,matched,,2,C2497|C2574,WAYC,CGD,YNB+CSM+2% glucose,30,60,min,CAC,WAY_CP27
C2524,#27,Water,matched,,2,C2497|C2574,WAYC,CGD,YNB+CSM+2% glucose,30,60,min,CAC,WAY_CP27
C2525,#35,Water,matched,,2,C2497|C2574,WAYC,CGD,YNB+CSM+2% glucose,30,60,min,CAC,WAY_CP27
C2526,#43,Water,matched,,2,C2497|C2574,WAYC,CGD,YNB+CSM+2% glucose,30,60,min,CAC,WAY_CP27
C2530,#27,Water,matched,,2,C2503|C2580,WAYC,BAH,YNB+CSM+2% glucose,30,60,min,CAC,WAY_CP27
C2532,#43,Water,matched,,2,C2503|C2580,WAYC,BAH,YNB+CSM+2% glucose,30,60,min,CAC,WAY_CP27
C2533,#4,DMSO,matched,,1,C2509,WAYC,CGD,YNB+CSM+2% glucose,30,60,min,CAC,WAY_CP27
C2534,#12,DMSO,matched,,1,C2509,WAYC,CGD,YNB+CSM+2% glucose,30,60,min,CAC,WAY_CP27
C2535,#20,DMSO,matched,,1,C2509,WAYC,CGD,YNB+CSM+2% glucose,30,60,min,CAC,WAY_CP27
C2536,#28,DMSO,matched,,1,C2509,WAYC,CGD,YNB+CSM+2% glucose,30,60,min,CAC,WAY_CP27
C2538,#44,DMSO,matched,,1,C2509,WAYC,CGD,YNB+CSM+2% glucose,30,60,min,CAC,WAY_CP27
C2539,#4,DMSO,matched,,1,C2515,WAYC,BAH,YNB+CSM+2% glucose,30,60,min,CAC,WAY_CP27
C2540,#12,DMSO,matched,,1,C2515,WAYC,BAH,YNB+CSM+2% glucose,30,60,min,CAC,WAY_CP27
C2541,#20,DMSO,matched,,1,C2515,WAYC,BAH,YNB+CSM+2% glucose,30,60,min,CAC,WAY_CP27
C2542,#28,DMSO,matched,,1,C2515,WAYC,BAH,YNB+CSM+2% glucose,30,60,min,CAC,WAY_CP27
C2546,#13,Water,matched,,2,C2497|C2574,WAYC,CGD,YNB+CSM+2% glucose,30,60,min,CAC,WAY_CP27
C2547,#21,Water,matched,,2,C2497|C2574,WAYC,CGD,YNB+CSM+2% glucose,30,60,min,CAC,WAY_CP27
C2548,#29,Water,matched,,2,C2497|C2574,WAYC,CGD,YNB+CSM+2% glucose,30,60,min,CAC,WAY_CP27
C2550,#45,Water,matched,,2,C2497|C2574,WAYC,CGD,YNB+CSM+2% glucose,30,60,min,CAC,WAY_CP27
C2552,#13,Water,matched,,2,C2503|C2580,WAYC,BAH,YNB+CSM+2% glucose,30,60,min,CAC,WAY_CP27
C2553,#21,Water,matched,,2,C2503|C2580,WAYC,BAH,YNB+CSM+2% glucose,30,60,min,CAC,WAY_CP27
C2554,#29,Water,matched,,2,C2503|C2580,WAYC,BAH,YNB+CSM+2% glucose,30,60,min,CAC,WAY_CP27
C2556,#45,Water,matched,,2,C2503|C2580,WAYC,BAH,YNB+CSM+2% glucose,30,60,min,CAC,WAY_CP27
C2557,#6,DMSO,matched,,1,C2509,WAYC,CGD,YNB+CSM+2% glucose,30,60,min,CAC,WAY_CP27
C2558,#14,DMSO,matched,,1,C2509,WAYC,CGD,YNB+CSM+2% glucose,30,60,min,CAC,WAY_CP27
C2559,#22,DMSO,matched,,1,C2509,WAYC,CGD,YNB+CSM+2% glucose,30,60,min,CAC,WAY_CP27
C2560,#30,DMSO,matched,,1,C2509,WAYC,CGD,YNB+CSM+2% glucose,30,60,min,CAC,WAY_CP27
C2561,#38,DMSO,matched,,1,C2509,WAYC,CGD,YNB+CSM+2% glucose,30,60,min,CAC,WAY_CP27
C2562,#46,DMSO,matched,,1,C2509,WAYC,CGD,YNB+CSM+2% glucose,30,60,min,CAC,WAY_CP27
C2564,#14,DMSO,matched,,1,C2515,WAYC,BAH,YNB+CSM+2% glucose,30,60,min,CAC,WAY_CP27
C2565,#22,DMSO,matched,,1,C2515,WAYC,BAH,YNB+CSM+2% glucose,30,60,min,CAC,WAY_CP27
C2566,#30,DMSO,matched,,1,C2515,WAYC,BAH,YNB+CSM+2% glucose,30,60,min,CAC,WAY_CP27
C2567,#38,DMSO,matched,,1,C2515,WAYC,BAH,YNB+CSM+2% glucose,30,60,min,CAC,WAY_CP27
C2568,#46,DMSO,matched,,1,C2515,WAYC,BAH,YNB+CSM+2% glucose,30,60,min,CAC,WAY_CP27
C2569,#7,Water,matched,,2,C2497|C2574,WAYC,CGD,YNB+CSM+2% glucose,30,60,min,CAC,WAY_CP27
C2570,#15,Water,matched,,2,C2497|C2574,WAYC,CGD,YNB+CSM+2% glucose,30,60,min,CAC,WAY_CP27
C2571,#23,Water,matched,,2,C2497|C2574,WAYC,CGD,YNB+CSM+2% glucose,30,60,min,CAC,WAY_CP27
C2573,#39,Water,matched,,2,C2497|C2574,WAYC,CGD,YNB+CSM+2% glucose,30,60,min,CAC,WAY_CP27
C2575,#7,Water,matched,,2,C2503|C2580,WAYC,BAH,YNB+CSM+2% glucose,30,60,min,CAC,WAY_CP27
C2576,#15,Water,matched,,2,C2503|C2580,WAYC,BAH,YNB+CSM+2% glucose,30,60,min,CAC,WAY_CP27
C2577,#23,Water,matched,,2,C2503|C2580,WAYC,BAH,YNB+CSM+2% glucose,30,60,min,CAC,WAY_CP27
C2578,#31,Water,matched,,2,C2503|C2580,WAYC,BAH,YNB+CSM+2% glucose,30,60,min,CAC,WAY_CP27
C2579,#39,Water,matched,,2,C2503|C2580,WAYC,BAH,YNB+CSM+2% glucose,30,60,min,CAC,WAY_CP27
C2581,#8,DMSO,matched,,1,C2509,WAYC,CGD,YNB+CSM+2% glucose,30,60,min,CAC,WAY_CP27
C2585,#40,DMSO,matched,,1,C2509,WAYC,CGD,YNB+CSM+2% glucose,30,60,min,CAC,WAY_CP27
C2587,#8,DMSO,matched,,1,C2515,WAYC,BAH,YNB+CSM+2% glucose,30,60,min,CAC,WAY_CP27
C2591,#40,DMSO,matched,,1,C2515,WAYC,BAH,YNB+CSM+2% glucose,30,60,min,CAC,WAY_CP27
C2594,#9,Water,matched,,2,C2593|C2670,WAYC,CGD,YNB+CSM+2% glucose,30,90,min,O,WAY_CP28
C2595,#17,Water,matched,,2,C2593|C2670,WAYC,CGD,YNB+CSM+2% glucose,30,90,min,O,WAY_CP28
C2596,#25,Water,matched,,2,C2593|C2670,WAYC,CGD,YNB+CSM+2% glucose,30,90,min,O,WAY_CP28
C2598,#41,Water,matched,,2,C2593|C2670,WAYC,CGD,YNB+CSM+2% glucose,30,90,min,O,WAY_CP28
C2600,#9,Water,unmatched_huber_only,no_exact_requested_solvent_control,0,,WAYC,BAH,YNB+CSM+2% glucose,30,90,min,O,WAY_CP28
C2601,#17,Water,unmatched_huber_only,no_exact_requested_solvent_control,0,,WAYC,BAH,YNB+CSM+2% glucose,30,90,min,O,WAY_CP28
C2602,#25,Water,unmatched_huber_only,no_exact_requested_solvent_control,0,,WAYC,BAH,YNB+CSM+2% glucose,30,90,min,O,WAY_CP28
C2604,#41,Water,unmatched_huber_only,no_exact_requested_solvent_control,0,,WAYC,BAH,YNB+CSM+2% glucose,30,90,min,O,WAY_CP28
C2606,#10,DMSO,matched,,1,C2605,WAYC,CGD,YNB+CSM+2% glucose,30,90,min,O,WAY_CP28
C2607,#18,DMSO,matched,,1,C2605,WAYC,CGD,YNB+CSM+2% glucose,30,90,min,O,WAY_CP28
C2610,#42,DMSO,matched,,1,C2605,WAYC,CGD,YNB+CSM+2% glucose,30,90,min,O,WAY_CP28
C2612,#10,DMSO,matched,,1,C2611,WAYC,BAH,YNB+CSM+2% glucose,30,90,min,O,WAY_CP28
C2613,#18,DMSO,matched,,1,C2611,WAYC,BAH,YNB+CSM+2% glucose,30,90,min,O,WAY_CP28
C2616,#42,DMSO,matched,,1,C2611,WAYC,BAH,YNB+CSM+2% glucose,30,90,min,O,WAY_CP28
C2618,#11,Water,matched,,2,C2593|C2670,WAYC,CGD,YNB+CSM+2% glucose,30,90,min,O,WAY_CP28
C2620,#27,Water,matched,,2,C2593|C2670,WAYC,CGD,YNB+CSM+2% glucose,30,90,min,O,WAY_CP28
C2621,#35,Water,matched,,2,C2593|C2670,WAYC,CGD,YNB+CSM+2% glucose,30,90,min,O,WAY_CP28
C2622,#43,Water,matched,,2,C2593|C2670,WAYC,CGD,YNB+CSM+2% glucose,30,90,min,O,WAY_CP28
C2624,#11,Water,unmatched_huber_only,no_exact_requested_solvent_control,0,,WAYC,BAH,YNB+CSM+2% glucose,30,90,min,O,WAY_CP28
C2626,#27,Water,unmatched_huber_only,no_exact_requested_solvent_control,0,,WAYC,BAH,YNB+CSM+2% glucose,30,90,min,O,WAY_CP28
C2628,#43,Water,unmatched_huber_only,no_exact_requested_solvent_control,0,,WAYC,BAH,YNB+CSM+2% glucose,30,90,min,O,WAY_CP28
C2629,#4,DMSO,matched,,1,C2605,WAYC,CGD,YNB+CSM+2% glucose,30,90,min,O,WAY_CP28
C2630,#12,DMSO,matched,,1,C2605,WAYC,CGD,YNB+CSM+2% glucose,30,90,min,O,WAY_CP28
C2631,#20,DMSO,matched,,1,C2605,WAYC,CGD,YNB+CSM+2% glucose,30,90,min,O,WAY_CP28
C2632,#28,DMSO,matched,,1,C2605,WAYC,CGD,YNB+CSM+2% glucose,30,90,min,O,WAY_CP28
C2634,#44,DMSO,matched,,1,C2605,WAYC,CGD,YNB+CSM+2% glucose,30,90,min,O,WAY_CP28
C2635,#4,DMSO,matched,,1,C2611,WAYC,BAH,YNB+CSM+2% glucose,30,90,min,O,WAY_CP28
C2636,#12,DMSO,matched,,1,C2611,WAYC,BAH,YNB+CSM+2% glucose,30,90,min,O,WAY_CP28
C2637,#20,DMSO,matched,,1,C2611,WAYC,BAH,YNB+CSM+2% glucose,30,90,min,O,WAY_CP28
C2638,#28,DMSO,matched,,1,C2611,WAYC,BAH,YNB+CSM+2% glucose,30,90,min,O,WAY_CP28
C2640,#44,DMSO,matched,,1,C2611,WAYC,BAH,YNB+CSM+2% glucose,30,90,min,O,WAY_CP28
C2642,#13,Water,matched,,2,C2593|C2670,WAYC,CGD,YNB+CSM+2% glucose,30,90,min,O,WAY_CP28
C2643,#21,Water,matched,,2,C2593|C2670,WAYC,CGD,YNB+CSM+2% glucose,30,90,min,O,WAY_CP28
C2644,#29,Water,matched,,2,C2593|C2670,WAYC,CGD,YNB+CSM+2% glucose,30,90,min,O,WAY_CP28
C2646,#45,Water,matched,,2,C2593|C2670,WAYC,CGD,YNB+CSM+2% glucose,30,90,min,O,WAY_CP28
C2648,#13,Water,unmatched_huber_only,no_exact_requested_solvent_control,0,,WAYC,BAH,YNB+CSM+2% glucose,30,90,min,O,WAY_CP28
C2649,#21,Water,unmatched_huber_only,no_exact_requested_solvent_control,0,,WAYC,BAH,YNB+CSM+2% glucose,30,90,min,O,WAY_CP28
C2650,#29,Water,unmatched_huber_only,no_exact_requested_solvent_control,0,,WAYC,BAH,YNB+CSM+2% glucose,30,90,min,O,WAY_CP28
C2652,#45,Water,unmatched_huber_only,no_exact_requested_solvent_control,0,,WAYC,BAH,YNB+CSM+2% glucose,30,90,min,O,WAY_CP28
C2653,#6,DMSO,matched,,1,C2605,WAYC,CGD,YNB+CSM+2% glucose,30,90,min,O,WAY_CP28
C2654,#14,DMSO,matched,,1,C2605,WAYC,CGD,YNB+CSM+2% glucose,30,90,min,O,WAY_CP28
C2655,#22,DMSO,matched,,1,C2605,WAYC,CGD,YNB+CSM+2% glucose,30,90,min,O,WAY_CP28
C2656,#30,DMSO,matched,,1,C2605,WAYC,CGD,YNB+CSM+2% glucose,30,90,min,O,WAY_CP28
C2657,#38,DMSO,matched,,1,C2605,WAYC,CGD,YNB+CSM+2% glucose,30,90,min,O,WAY_CP28
C2658,#46,DMSO,matched,,1,C2605,WAYC,CGD,YNB+CSM+2% glucose,30,90,min,O,WAY_CP28
C2659,#6,DMSO,matched,,1,C2611,WAYC,BAH,YNB+CSM+2% glucose,30,90,min,O,WAY_CP28
C2661,#22,DMSO,matched,,1,C2611,WAYC,BAH,YNB+CSM+2% glucose,30,90,min,O,WAY_CP28
C2662,#30,DMSO,matched,,1,C2611,WAYC,BAH,YNB+CSM+2% glucose,30,90,min,O,WAY_CP28
C2663,#38,DMSO,matched,,1,C2611,WAYC,BAH,YNB+CSM+2% glucose,30,90,min,O,WAY_CP28
C2664,#46,DMSO,matched,,1,C2611,WAYC,BAH,YNB+CSM+2% glucose,30,90,min,O,WAY_CP28
C2665,#7,Water,matched,,2,C2593|C2670,WAYC,CGD,YNB+CSM+2% glucose,30,90,min,O,WAY_CP28
C2666,#15,Water,matched,,2,C2593|C2670,WAYC,CGD,YNB+CSM+2% glucose,30,90,min,O,WAY_CP28
C2667,#23,Water,matched,,2,C2593|C2670,WAYC,CGD,YNB+CSM+2% glucose,30,90,min,O,WAY_CP28
C2668,#31,Water,matched,,2,C2593|C2670,WAYC,CGD,YNB+CSM+2% glucose,30,90,min,O,WAY_CP28
C2669,#39,Water,matched,,2,C2593|C2670,WAYC,CGD,YNB+CSM+2% glucose,30,90,min,O,WAY_CP28
C2671,#7,Water,unmatched_huber_only,no_exact_requested_solvent_control,0,,WAYC,BAH,YNB+CSM+2% glucose,30,90,min,O,WAY_CP28
C2672,#15,Water,unmatched_huber_only,no_exact_requested_solvent_control,0,,WAYC,BAH,YNB+CSM+2% glucose,30,90,min,O,WAY_CP28
C2673,#23,Water,unmatched_huber_only,no_exact_requested_solvent_control,0,,WAYC,BAH,YNB+CSM+2% glucose,30,90,min,O,WAY_CP28
C2674,#31,Water,unmatched_huber_only,no_exact_requested_solvent_control,0,,WAYC,BAH,YNB+CSM+2% glucose,30,90,min,O,WAY_CP28
C2675,#39,Water,unmatched_huber_only,no_exact_requested_solvent_control,0,,WAYC,BAH,YNB+CSM+2% glucose,30,90,min,O,WAY_CP28
C2677,#8,DMSO,matched,,1,C2605,WAYC,CGD,YNB+CSM+2% glucose,30,90,min,O,WAY_CP28
C2681,#40,DMSO,matched,,1,C2605,WAYC,CGD,YNB+CSM+2% glucose,30,90,min,O,WAY_CP28
C2683,#8,DMSO,matched,,1,C2611,WAYC,BAH,YNB+CSM+2% glucose,30,90,min,O,WAY_CP28
C2687,#40,DMSO,matched,,1,C2611,WAYC,BAH,YNB+CSM+2% glucose,30,90,min,O,WAY_CP28
C2690,#9,Water,matched,,2,C2689|C2766,WAYC,CGD,YNB+CSM+2% glucose,30,120,min,WAH,WAY_CP29
C2692,#25,Water,matched,,2,C2689|C2766,WAYC,CGD,YNB+CSM+2% glucose,30,120,min,WAH,WAY_CP29
C2694,#41,Water,matched,,2,C2689|C2766,WAYC,CGD,YNB+CSM+2% glucose,30,120,min,WAH,WAY_CP29
C2696,#9,Water,matched,,2,C2695|C2772,WAYC,BAH,YNB+CSM+2% glucose,30,120,min,WAH,WAY_CP29
C2697,#17,Water,matched,,2,C2695|C2772,WAYC,BAH,YNB+CSM+2% glucose,30,120,min,WAH,WAY_CP29
C2700,#41,Water,matched,,2,C2695|C2772,WAYC,BAH,YNB+CSM+2% glucose,30,120,min,WAH,WAY_CP29
C2702,#10,DMSO,matched,,1,C2701,WAYC,CGD,YNB+CSM+2% glucose,30,120,min,WAH,WAY_CP29
C2703,#18,DMSO,matched,,1,C2701,WAYC,CGD,YNB+CSM+2% glucose,30,120,min,WAH,WAY_CP29
C2706,#42,DMSO,matched,,1,C2701,WAYC,CGD,YNB+CSM+2% glucose,30,120,min,WAH,WAY_CP29
C2708,#10,DMSO,unmatched_huber_only,no_exact_requested_solvent_control,0,,WAYC,BAH,YNB+CSM+2% glucose,30,120,min,WAH,WAY_CP29
C2709,#18,DMSO,unmatched_huber_only,no_exact_requested_solvent_control,0,,WAYC,BAH,YNB+CSM+2% glucose,30,120,min,WAH,WAY_CP29
C2712,#42,DMSO,unmatched_huber_only,no_exact_requested_solvent_control,0,,WAYC,BAH,YNB+CSM+2% glucose,30,120,min,WAH,WAY_CP29
C2714,#11,Water,matched,,2,C2689|C2766,WAYC,CGD,YNB+CSM+2% glucose,30,120,min,WAH,WAY_CP29
C2716,#27,Water,matched,,2,C2689|C2766,WAYC,CGD,YNB+CSM+2% glucose,30,120,min,WAH,WAY_CP29
C2717,#35,Water,matched,,2,C2689|C2766,WAYC,CGD,YNB+CSM+2% glucose,30,120,min,WAH,WAY_CP29
C2718,#43,Water,matched,,2,C2689|C2766,WAYC,CGD,YNB+CSM+2% glucose,30,120,min,WAH,WAY_CP29
C2720,#11,Water,matched,,2,C2695|C2772,WAYC,BAH,YNB+CSM+2% glucose,30,120,min,WAH,WAY_CP29
C2722,#27,Water,matched,,2,C2695|C2772,WAYC,BAH,YNB+CSM+2% glucose,30,120,min,WAH,WAY_CP29
C2724,#43,Water,matched,,2,C2695|C2772,WAYC,BAH,YNB+CSM+2% glucose,30,120,min,WAH,WAY_CP29
C2726,#12,DMSO,matched,,1,C2701,WAYC,CGD,YNB+CSM+2% glucose,30,120,min,WAH,WAY_CP29
C2727,#20,DMSO,matched,,1,C2701,WAYC,CGD,YNB+CSM+2% glucose,30,120,min,WAH,WAY_CP29
C2728,#28,DMSO,matched,,1,C2701,WAYC,CGD,YNB+CSM+2% glucose,30,120,min,WAH,WAY_CP29
C2730,#44,DMSO,matched,,1,C2701,WAYC,CGD,YNB+CSM+2% glucose,30,120,min,WAH,WAY_CP29
C2731,#4,DMSO,unmatched_huber_only,no_exact_requested_solvent_control,0,,WAYC,BAH,YNB+CSM+2% glucose,30,120,min,WAH,WAY_CP29
C2732,#12,DMSO,unmatched_huber_only,no_exact_requested_solvent_control,0,,WAYC,BAH,YNB+CSM+2% glucose,30,120,min,WAH,WAY_CP29
C2733,#20,DMSO,unmatched_huber_only,no_exact_requested_solvent_control,0,,WAYC,BAH,YNB+CSM+2% glucose,30,120,min,WAH,WAY_CP29
C2734,#28,DMSO,unmatched_huber_only,no_exact_requested_solvent_control,0,,WAYC,BAH,YNB+CSM+2% glucose,30,120,min,WAH,WAY_CP29
C2736,#44,DMSO,unmatched_huber_only,no_exact_requested_solvent_control,0,,WAYC,BAH,YNB+CSM+2% glucose,30,120,min,WAH,WAY_CP29
C2738,#13,Water,matched,,2,C2689|C2766,WAYC,CGD,YNB+CSM+2% glucose,30,120,min,WAH,WAY_CP29
C2739,#21,Water,matched,,2,C2689|C2766,WAYC,CGD,YNB+CSM+2% glucose,30,120,min,WAH,WAY_CP29
C2740,#29,Water,matched,,2,C2689|C2766,WAYC,CGD,YNB+CSM+2% glucose,30,120,min,WAH,WAY_CP29
C2742,#45,Water,matched,,2,C2689|C2766,WAYC,CGD,YNB+CSM+2% glucose,30,120,min,WAH,WAY_CP29
C2744,#13,Water,matched,,2,C2695|C2772,WAYC,BAH,YNB+CSM+2% glucose,30,120,min,WAH,WAY_CP29
C2746,#29,Water,matched,,2,C2695|C2772,WAYC,BAH,YNB+CSM+2% glucose,30,120,min,WAH,WAY_CP29
C2748,#45,Water,matched,,2,C2695|C2772,WAYC,BAH,YNB+CSM+2% glucose,30,120,min,WAH,WAY_CP29
C2749,#6,DMSO,matched,,1,C2701,WAYC,CGD,YNB+CSM+2% glucose,30,120,min,WAH,WAY_CP29
C2750,#14,DMSO,matched,,1,C2701,WAYC,CGD,YNB+CSM+2% glucose,30,120,min,WAH,WAY_CP29
C2751,#22,DMSO,matched,,1,C2701,WAYC,CGD,YNB+CSM+2% glucose,30,120,min,WAH,WAY_CP29
C2752,#30,DMSO,matched,,1,C2701,WAYC,CGD,YNB+CSM+2% glucose,30,120,min,WAH,WAY_CP29
C2753,#38,DMSO,matched,,1,C2701,WAYC,CGD,YNB+CSM+2% glucose,30,120,min,WAH,WAY_CP29
C2754,#46,DMSO,matched,,1,C2701,WAYC,CGD,YNB+CSM+2% glucose,30,120,min,WAH,WAY_CP29
C2755,#6,DMSO,unmatched_huber_only,no_exact_requested_solvent_control,0,,WAYC,BAH,YNB+CSM+2% glucose,30,120,min,WAH,WAY_CP29
C2757,#22,DMSO,unmatched_huber_only,no_exact_requested_solvent_control,0,,WAYC,BAH,YNB+CSM+2% glucose,30,120,min,WAH,WAY_CP29
C2758,#30,DMSO,unmatched_huber_only,no_exact_requested_solvent_control,0,,WAYC,BAH,YNB+CSM+2% glucose,30,120,min,WAH,WAY_CP29
C2759,#38,DMSO,unmatched_huber_only,no_exact_requested_solvent_control,0,,WAYC,BAH,YNB+CSM+2% glucose,30,120,min,WAH,WAY_CP29
C2760,#46,DMSO,unmatched_huber_only,no_exact_requested_solvent_control,0,,WAYC,BAH,YNB+CSM+2% glucose,30,120,min,WAH,WAY_CP29
C2761,#7,Water,matched,,2,C2689|C2766,WAYC,CGD,YNB+CSM+2% glucose,30,120,min,WAH,WAY_CP29
C2762,#15,Water,matched,,2,C2689|C2766,WAYC,CGD,YNB+CSM+2% glucose,30,120,min,WAH,WAY_CP29
C2763,#23,Water,matched,,2,C2689|C2766,WAYC,CGD,YNB+CSM+2% glucose,30,120,min,WAH,WAY_CP29
C2764,#31,Water,matched,,2,C2689|C2766,WAYC,CGD,YNB+CSM+2% glucose,30,120,min,WAH,WAY_CP29
C2765,#39,Water,matched,,2,C2689|C2766,WAYC,CGD,YNB+CSM+2% glucose,30,120,min,WAH,WAY_CP29
C2767,#7,Water,matched,,2,C2695|C2772,WAYC,BAH,YNB+CSM+2% glucose,30,120,min,WAH,WAY_CP29
C2768,#15,Water,matched,,2,C2695|C2772,WAYC,BAH,YNB+CSM+2% glucose,30,120,min,WAH,WAY_CP29
C2769,#23,Water,matched,,2,C2695|C2772,WAYC,BAH,YNB+CSM+2% glucose,30,120,min,WAH,WAY_CP29
C2770,#31,Water,matched,,2,C2695|C2772,WAYC,BAH,YNB+CSM+2% glucose,30,120,min,WAH,WAY_CP29
C2771,#39,Water,matched,,2,C2695|C2772,WAYC,BAH,YNB+CSM+2% glucose,30,120,min,WAH,WAY_CP29
C2773,#8,DMSO,matched,,1,C2701,WAYC,CGD,YNB+CSM+2% glucose,30,120,min,WAH,WAY_CP29
C2777,#40,DMSO,matched,,1,C2701,WAYC,CGD,YNB+CSM+2% glucose,30,120,min,WAH,WAY_CP29
C2779,#8,DMSO,unmatched_huber_only,no_exact_requested_solvent_control,0,,WAYC,BAH,YNB+CSM+2% glucose,30,120,min,WAH,WAY_CP29
C2783,#40,DMSO,unmatched_huber_only,no_exact_requested_solvent_control,0,,WAYC,BAH,YNB+CSM+2% glucose,30,120,min,WAH,WAY_CP29
C2786,#9,Water,matched,,2,C2785|C2862,WAYC,CGD,YNB+CSM+2% glucose,30,240,min,O,WAY_CP30
C2787,#17,Water,matched,,2,C2785|C2862,WAYC,CGD,YNB+CSM+2% glucose,30,240,min,O,WAY_CP30
C2788,#25,Water,matched,,2,C2785|C2862,WAYC,CGD,YNB+CSM+2% glucose,30,240,min,O,WAY_CP30
C2790,#41,Water,matched,,2,C2785|C2862,WAYC,CGD,YNB+CSM+2% glucose,30,240,min,O,WAY_CP30
C2792,#9,Water,matched,,2,C2791|C2868,WAYC,BAH,YNB+CSM+2% glucose,30,240,min,O,WAY_CP30
C2793,#17,Water,matched,,2,C2791|C2868,WAYC,BAH,YNB+CSM+2% glucose,30,240,min,O,WAY_CP30
C2794,#25,Water,matched,,2,C2791|C2868,WAYC,BAH,YNB+CSM+2% glucose,30,240,min,O,WAY_CP30
C2796,#41,Water,matched,,2,C2791|C2868,WAYC,BAH,YNB+CSM+2% glucose,30,240,min,O,WAY_CP30
C2799,#18,DMSO,matched,,1,C2797,WAYC,CGD,YNB+CSM+2% glucose,30,240,min,O,WAY_CP30
C2802,#42,DMSO,matched,,1,C2797,WAYC,CGD,YNB+CSM+2% glucose,30,240,min,O,WAY_CP30
C2804,#10,DMSO,matched,,1,C2803,WAYC,BAH,YNB+CSM+2% glucose,30,240,min,O,WAY_CP30
C2805,#18,DMSO,matched,,1,C2803,WAYC,BAH,YNB+CSM+2% glucose,30,240,min,O,WAY_CP30
C2808,#42,DMSO,matched,,1,C2803,WAYC,BAH,YNB+CSM+2% glucose,30,240,min,O,WAY_CP30
C2810,#11,Water,matched,,2,C2785|C2862,WAYC,CGD,YNB+CSM+2% glucose,30,240,min,O,WAY_CP30
C2812,#27,Water,matched,,2,C2785|C2862,WAYC,CGD,YNB+CSM+2% glucose,30,240,min,O,WAY_CP30
C2813,#35,Water,matched,,2,C2785|C2862,WAYC,CGD,YNB+CSM+2% glucose,30,240,min,O,WAY_CP30
C2814,#43,Water,matched,,2,C2785|C2862,WAYC,CGD,YNB+CSM+2% glucose,30,240,min,O,WAY_CP30
C2816,#11,Water,matched,,2,C2791|C2868,WAYC,BAH,YNB+CSM+2% glucose,30,240,min,O,WAY_CP30
C2818,#27,Water,matched,,2,C2791|C2868,WAYC,BAH,YNB+CSM+2% glucose,30,240,min,O,WAY_CP30
C2820,#43,Water,matched,,2,C2791|C2868,WAYC,BAH,YNB+CSM+2% glucose,30,240,min,O,WAY_CP30
C2821,#4,DMSO,matched,,1,C2797,WAYC,CGD,YNB+CSM+2% glucose,30,240,min,O,WAY_CP30
C2822,#12,DMSO,matched,,1,C2797,WAYC,CGD,YNB+CSM+2% glucose,30,240,min,O,WAY_CP30
C2823,#20,DMSO,matched,,1,C2797,WAYC,CGD,YNB+CSM+2% glucose,30,240,min,O,WAY_CP30
C2824,#28,DMSO,matched,,1,C2797,WAYC,CGD,YNB+CSM+2% glucose,30,240,min,O,WAY_CP30
C2826,#44,DMSO,matched,,1,C2797,WAYC,CGD,YNB+CSM+2% glucose,30,240,min,O,WAY_CP30
C2827,#4,DMSO,matched,,1,C2803,WAYC,BAH,YNB+CSM+2% glucose,30,240,min,O,WAY_CP30
C2828,#12,DMSO,matched,,1,C2803,WAYC,BAH,YNB+CSM+2% glucose,30,240,min,O,WAY_CP30
C2829,#20,DMSO,matched,,1,C2803,WAYC,BAH,YNB+CSM+2% glucose,30,240,min,O,WAY_CP30
C2830,#28,DMSO,matched,,1,C2803,WAYC,BAH,YNB+CSM+2% glucose,30,240,min,O,WAY_CP30
C2832,#44,DMSO,matched,,1,C2803,WAYC,BAH,YNB+CSM+2% glucose,30,240,min,O,WAY_CP30
C2834,#13,Water,matched,,2,C2785|C2862,WAYC,CGD,YNB+CSM+2% glucose,30,240,min,O,WAY_CP30
C2835,#21,Water,matched,,2,C2785|C2862,WAYC,CGD,YNB+CSM+2% glucose,30,240,min,O,WAY_CP30
C2836,#29,Water,matched,,2,C2785|C2862,WAYC,CGD,YNB+CSM+2% glucose,30,240,min,O,WAY_CP30
C2838,#45,Water,matched,,2,C2785|C2862,WAYC,CGD,YNB+CSM+2% glucose,30,240,min,O,WAY_CP30
C2840,#13,Water,matched,,2,C2791|C2868,WAYC,BAH,YNB+CSM+2% glucose,30,240,min,O,WAY_CP30
C2841,#21,Water,matched,,2,C2791|C2868,WAYC,BAH,YNB+CSM+2% glucose,30,240,min,O,WAY_CP30
C2842,#29,Water,matched,,2,C2791|C2868,WAYC,BAH,YNB+CSM+2% glucose,30,240,min,O,WAY_CP30
C2844,#45,Water,matched,,2,C2791|C2868,WAYC,BAH,YNB+CSM+2% glucose,30,240,min,O,WAY_CP30
C2845,#6,DMSO,matched,,1,C2797,WAYC,CGD,YNB+CSM+2% glucose,30,240,min,O,WAY_CP30
C2846,#14,DMSO,matched,,1,C2797,WAYC,CGD,YNB+CSM+2% glucose,30,240,min,O,WAY_CP30
C2847,#22,DMSO,matched,,1,C2797,WAYC,CGD,YNB+CSM+2% glucose,30,240,min,O,WAY_CP30
C2848,#30,DMSO,matched,,1,C2797,WAYC,CGD,YNB+CSM+2% glucose,30,240,min,O,WAY_CP30
C2849,#38,DMSO,matched,,1,C2797,WAYC,CGD,YNB+CSM+2% glucose,30,240,min,O,WAY_CP30
C2850,#46,DMSO,matched,,1,C2797,WAYC,CGD,YNB+CSM+2% glucose,30,240,min,O,WAY_CP30
C2851,#6,DMSO,matched,,1,C2803,WAYC,BAH,YNB+CSM+2% glucose,30,240,min,O,WAY_CP30
C2852,#14,DMSO,matched,,1,C2803,WAYC,BAH,YNB+CSM+2% glucose,30,240,min,O,WAY_CP30
C2853,#22,DMSO,matched,,1,C2803,WAYC,BAH,YNB+CSM+2% glucose,30,240,min,O,WAY_CP30
C2855,#38,DMSO,matched,,1,C2803,WAYC,BAH,YNB+CSM+2% glucose,30,240,min,O,WAY_CP30
C2856,#46,DMSO,matched,,1,C2803,WAYC,BAH,YNB+CSM+2% glucose,30,240,min,O,WAY_CP30
C2857,#7,Water,matched,,2,C2785|C2862,WAYC,CGD,YNB+CSM+2% glucose,30,240,min,O,WAY_CP30
C2858,#15,Water,matched,,2,C2785|C2862,WAYC,CGD,YNB+CSM+2% glucose,30,240,min,O,WAY_CP30
C2859,#23,Water,matched,,2,C2785|C2862,WAYC,CGD,YNB+CSM+2% glucose,30,240,min,O,WAY_CP30
C2860,#31,Water,matched,,2,C2785|C2862,WAYC,CGD,YNB+CSM+2% glucose,30,240,min,O,WAY_CP30
C2861,#39,Water,matched,,2,C2785|C2862,WAYC,CGD,YNB+CSM+2% glucose,30,240,min,O,WAY_CP30
C2863,#7,Water,matched,,2,C2791|C2868,WAYC,BAH,YNB+CSM+2% glucose,30,240,min,O,WAY_CP30
C2864,#15,Water,matched,,2,C2791|C2868,WAYC,BAH,YNB+CSM+2% glucose,30,240,min,O,WAY_CP30
C2865,#23,Water,matched,,2,C2791|C2868,WAYC,BAH,YNB+CSM+2% glucose,30,240,min,O,WAY_CP30
C2866,#31,Water,matched,,2,C2791|C2868,WAYC,BAH,YNB+CSM+2% glucose,30,240,min,O,WAY_CP30
C2867,#39,Water,matched,,2,C2791|C2868,WAYC,BAH,YNB+CSM+2% glucose,30,240,min,O,WAY_CP30
C2869,#8,DMSO,matched,,1,C2797,WAYC,CGD,YNB+CSM+2% glucose,30,240,min,O,WAY_CP30
C2875,#8,DMSO,matched,,1,C2803,WAYC,BAH,YNB+CSM+2% glucose,30,240,min,O,WAY_CP30
C2879,#40,DMSO,matched,,1,C2803,WAYC,BAH,YNB+CSM+2% glucose,30,240,min,O,WAY_CP30
C3074,#9,Water,matched,,2,C3073|C3150,WAYC,CGD,YNB+CSM+2% galactose,30,60,min,CAC,WAY_CP33
C3075,#17,Water,matched,,2,C3073|C3150,WAYC,CGD,YNB+CSM+2% galactose,30,60,min,CAC,WAY_CP33
C3076,#25,Water,matched,,2,C3073|C3150,WAYC,CGD,YNB+CSM+2% galactose,30,60,min,CAC,WAY_CP33
C3078,#41,Water,matched,,2,C3073|C3150,WAYC,CGD,YNB+CSM+2% galactose,30,60,min,CAC,WAY_CP33
C3080,#9,Water,matched,,2,C3079|C3156,WAYC,BAH,YNB+CSM+2% galactose,30,60,min,CAC,WAY_CP33
C3081,#17,Water,matched,,2,C3079|C3156,WAYC,BAH,YNB+CSM+2% galactose,30,60,min,CAC,WAY_CP33
C3082,#25,Water,matched,,2,C3079|C3156,WAYC,BAH,YNB+CSM+2% galactose,30,60,min,CAC,WAY_CP33
C3084,#41,Water,matched,,2,C3079|C3156,WAYC,BAH,YNB+CSM+2% galactose,30,60,min,CAC,WAY_CP33
C3086,#10,DMSO,matched,,1,C3085,WAYC,CGD,YNB+CSM+2% galactose,30,60,min,CAC,WAY_CP33
C3087,#18,DMSO,matched,,1,C3085,WAYC,CGD,YNB+CSM+2% galactose,30,60,min,CAC,WAY_CP33
C3090,#42,DMSO,matched,,1,C3085,WAYC,CGD,YNB+CSM+2% galactose,30,60,min,CAC,WAY_CP33
C3092,#10,DMSO,matched,,1,C3091,WAYC,BAH,YNB+CSM+2% galactose,30,60,min,CAC,WAY_CP33
C3093,#18,DMSO,matched,,1,C3091,WAYC,BAH,YNB+CSM+2% galactose,30,60,min,CAC,WAY_CP33
C3096,#42,DMSO,matched,,1,C3091,WAYC,BAH,YNB+CSM+2% galactose,30,60,min,CAC,WAY_CP33
C3098,#11,Water,matched,,2,C3073|C3150,WAYC,CGD,YNB+CSM+2% galactose,30,60,min,CAC,WAY_CP33
C3100,#27,Water,matched,,2,C3073|C3150,WAYC,CGD,YNB+CSM+2% galactose,30,60,min,CAC,WAY_CP33
C3101,#35,Water,matched,,2,C3073|C3150,WAYC,CGD,YNB+CSM+2% galactose,30,60,min,CAC,WAY_CP33
C3102,#43,Water,matched,,2,C3073|C3150,WAYC,CGD,YNB+CSM+2% galactose,30,60,min,CAC,WAY_CP33
C3104,#11,Water,matched,,2,C3079|C3156,WAYC,BAH,YNB+CSM+2% galactose,30,60,min,CAC,WAY_CP33
C3106,#27,Water,matched,,2,C3079|C3156,WAYC,BAH,YNB+CSM+2% galactose,30,60,min,CAC,WAY_CP33
C3108,#43,Water,matched,,2,C3079|C3156,WAYC,BAH,YNB+CSM+2% galactose,30,60,min,CAC,WAY_CP33
C3109,#4,DMSO,matched,,1,C3085,WAYC,CGD,YNB+CSM+2% galactose,30,60,min,CAC,WAY_CP33
C3110,#12,DMSO,matched,,1,C3085,WAYC,CGD,YNB+CSM+2% galactose,30,60,min,CAC,WAY_CP33
C3111,#20,DMSO,matched,,1,C3085,WAYC,CGD,YNB+CSM+2% galactose,30,60,min,CAC,WAY_CP33
C3112,#28,DMSO,matched,,1,C3085,WAYC,CGD,YNB+CSM+2% galactose,30,60,min,CAC,WAY_CP33
C3114,#44,DMSO,matched,,1,C3085,WAYC,CGD,YNB+CSM+2% galactose,30,60,min,CAC,WAY_CP33
C3115,#4,DMSO,matched,,1,C3091,WAYC,BAH,YNB+CSM+2% galactose,30,60,min,CAC,WAY_CP33
C3117,#20,DMSO,matched,,1,C3091,WAYC,BAH,YNB+CSM+2% galactose,30,60,min,CAC,WAY_CP33
C3120,#44,DMSO,matched,,1,C3091,WAYC,BAH,YNB+CSM+2% galactose,30,60,min,CAC,WAY_CP33
C3122,#13,Water,matched,,2,C3073|C3150,WAYC,CGD,YNB+CSM+2% galactose,30,60,min,CAC,WAY_CP33
C3123,#21,Water,matched,,2,C3073|C3150,WAYC,CGD,YNB+CSM+2% galactose,30,60,min,CAC,WAY_CP33
C3126,#45,Water,matched,,2,C3073|C3150,WAYC,CGD,YNB+CSM+2% galactose,30,60,min,CAC,WAY_CP33
C3128,#13,Water,matched,,2,C3079|C3156,WAYC,BAH,YNB+CSM+2% galactose,30,60,min,CAC,WAY_CP33
C3129,#21,Water,matched,,2,C3079|C3156,WAYC,BAH,YNB+CSM+2% galactose,30,60,min,CAC,WAY_CP33
C3130,#29,Water,matched,,2,C3079|C3156,WAYC,BAH,YNB+CSM+2% galactose,30,60,min,CAC,WAY_CP33
C3132,#45,Water,matched,,2,C3079|C3156,WAYC,BAH,YNB+CSM+2% galactose,30,60,min,CAC,WAY_CP33
C3133,#6,DMSO,matched,,1,C3085,WAYC,CGD,YNB+CSM+2% galactose,30,60,min,CAC,WAY_CP33
C3134,#14,DMSO,matched,,1,C3085,WAYC,CGD,YNB+CSM+2% galactose,30,60,min,CAC,WAY_CP33
C3135,#22,DMSO,matched,,1,C3085,WAYC,CGD,YNB+CSM+2% galactose,30,60,min,CAC,WAY_CP33
C3136,#30,DMSO,matched,,1,C3085,WAYC,CGD,YNB+CSM+2% galactose,30,60,min,CAC,WAY_CP33
C3137,#38,DMSO,matched,,1,C3085,WAYC,CGD,YNB+CSM+2% galactose,30,60,min,CAC,WAY_CP33
C3138,#46,DMSO,matched,,1,C3085,WAYC,CGD,YNB+CSM+2% galactose,30,60,min,CAC,WAY_CP33
C3141,#22,DMSO,matched,,1,C3091,WAYC,BAH,YNB+CSM+2% galactose,30,60,min,CAC,WAY_CP33
C3142,#30,DMSO,matched,,1,C3091,WAYC,BAH,YNB+CSM+2% galactose,30,60,min,CAC,WAY_CP33
C3143,#38,DMSO,matched,,1,C3091,WAYC,BAH,YNB+CSM+2% galactose,30,60,min,CAC,WAY_CP33
C3144,#46,DMSO,matched,,1,C3091,WAYC,BAH,YNB+CSM+2% galactose,30,60,min,CAC,WAY_CP33
C3145,#7,Water,matched,,2,C3073|C3150,WAYC,CGD,YNB+CSM+2% galactose,30,60,min,CAC,WAY_CP33
C3146,#15,Water,matched,,2,C3073|C3150,WAYC,CGD,YNB+CSM+2% galactose,30,60,min,CAC,WAY_CP33
C3147,#23,Water,matched,,2,C3073|C3150,WAYC,CGD,YNB+CSM+2% galactose,30,60,min,CAC,WAY_CP33
C3148,#31,Water,matched,,2,C3073|C3150,WAYC,CGD,YNB+CSM+2% galactose,30,60,min,CAC,WAY_CP33
C3149,#39,Water,matched,,2,C3073|C3150,WAYC,CGD,YNB+CSM+2% galactose,30,60,min,CAC,WAY_CP33
C3151,#7,Water,matched,,2,C3079|C3156,WAYC,BAH,YNB+CSM+2% galactose,30,60,min,CAC,WAY_CP33
C3152,#15,Water,matched,,2,C3079|C3156,WAYC,BAH,YNB+CSM+2% galactose,30,60,min,CAC,WAY_CP33
C3153,#23,Water,matched,,2,C3079|C3156,WAYC,BAH,YNB+CSM+2% galactose,30,60,min,CAC,WAY_CP33
C3154,#31,Water,matched,,2,C3079|C3156,WAYC,BAH,YNB+CSM+2% galactose,30,60,min,CAC,WAY_CP33
C3155,#39,Water,matched,,2,C3079|C3156,WAYC,BAH,YNB+CSM+2% galactose,30,60,min,CAC,WAY_CP33
C3161,#40,DMSO,matched,,1,C3085,WAYC,CGD,YNB+CSM+2% galactose,30,60,min,CAC,WAY_CP33
C3163,#8,DMSO,matched,,1,C3091,WAYC,BAH,YNB+CSM+2% galactose,30,60,min,CAC,WAY_CP33
C3167,#40,DMSO,matched,,1,C3091,WAYC,BAH,YNB+CSM+2% galactose,30,60,min,CAC,WAY_CP33
C3170,#9,Water,matched,,2,C3169|C3246,WAYC,CGD,YNB+CSM+2% galactose,30,90,min,CAA,WAY_CP34
C3172,#25,Water,matched,,2,C3169|C3246,WAYC,CGD,YNB+CSM+2% galactose,30,90,min,CAA,WAY_CP34
C3174,#41,Water,matched,,2,C3169|C3246,WAYC,CGD,YNB+CSM+2% galactose,30,90,min,CAA,WAY_CP34
C3176,#9,Water,matched,,2,C3175|C3252,WAYC,BAH,YNB+CSM+2% galactose,30,90,min,CAA,WAY_CP34
C3177,#17,Water,matched,,2,C3175|C3252,WAYC,BAH,YNB+CSM+2% galactose,30,90,min,CAA,WAY_CP34
C3178,#25,Water,matched,,2,C3175|C3252,WAYC,BAH,YNB+CSM+2% galactose,30,90,min,CAA,WAY_CP34
C3180,#41,Water,matched,,2,C3175|C3252,WAYC,BAH,YNB+CSM+2% galactose,30,90,min,CAA,WAY_CP34
C3182,#10,DMSO,matched,,1,C3181,WAYC,CGD,YNB+CSM+2% galactose,30,90,min,CAA,WAY_CP34
C3183,#18,DMSO,matched,,1,C3181,WAYC,CGD,YNB+CSM+2% galactose,30,90,min,CAA,WAY_CP34
C3186,#42,DMSO,matched,,1,C3181,WAYC,CGD,YNB+CSM+2% galactose,30,90,min,CAA,WAY_CP34
C3188,#10,DMSO,matched,,1,C3187,WAYC,BAH,YNB+CSM+2% galactose,30,90,min,CAA,WAY_CP34
C3189,#18,DMSO,matched,,1,C3187,WAYC,BAH,YNB+CSM+2% galactose,30,90,min,CAA,WAY_CP34
C3192,#42,DMSO,matched,,1,C3187,WAYC,BAH,YNB+CSM+2% galactose,30,90,min,CAA,WAY_CP34
C3196,#27,Water,matched,,2,C3169|C3246,WAYC,CGD,YNB+CSM+2% galactose,30,90,min,CAA,WAY_CP34
C3197,#35,Water,matched,,2,C3169|C3246,WAYC,CGD,YNB+CSM+2% galactose,30,90,min,CAA,WAY_CP34
C3198,#43,Water,matched,,2,C3169|C3246,WAYC,CGD,YNB+CSM+2% galactose,30,90,min,CAA,WAY_CP34
C3200,#11,Water,matched,,2,C3175|C3252,WAYC,BAH,YNB+CSM+2% galactose,30,90,min,CAA,WAY_CP34
C3202,#27,Water,matched,,2,C3175|C3252,WAYC,BAH,YNB+CSM+2% galactose,30,90,min,CAA,WAY_CP34
C3203,#35,Water,matched,,2,C3175|C3252,WAYC,BAH,YNB+CSM+2% galactose,30,90,min,CAA,WAY_CP34
C3204,#43,Water,matched,,2,C3175|C3252,WAYC,BAH,YNB+CSM+2% galactose,30,90,min,CAA,WAY_CP34
C3205,#4,DMSO,matched,,1,C3181,WAYC,CGD,YNB+CSM+2% galactose,30,90,min,CAA,WAY_CP34
C3206,#12,DMSO,matched,,1,C3181,WAYC,CGD,YNB+CSM+2% galactose,30,90,min,CAA,WAY_CP34
C3207,#20,DMSO,matched,,1,C3181,WAYC,CGD,YNB+CSM+2% galactose,30,90,min,CAA,WAY_CP34
C3211,#4,DMSO,matched,,1,C3187,WAYC,BAH,YNB+CSM+2% galactose,30,90,min,CAA,WAY_CP34
C3212,#12,DMSO,matched,,1,C3187,WAYC,BAH,YNB+CSM+2% galactose,30,90,min,CAA,WAY_CP34
C3213,#20,DMSO,matched,,1,C3187,WAYC,BAH,YNB+CSM+2% galactose,30,90,min,CAA,WAY_CP34
C3214,#28,DMSO,matched,,1,C3187,WAYC,BAH,YNB+CSM+2% galactose,30,90,min,CAA,WAY_CP34
C3216,#44,DMSO,matched,,1,C3187,WAYC,BAH,YNB+CSM+2% galactose,30,90,min,CAA,WAY_CP34
C3218,#13,Water,matched,,2,C3169|C3246,WAYC,CGD,YNB+CSM+2% galactose,30,90,min,CAA,WAY_CP34
C3219,#21,Water,matched,,2,C3169|C3246,WAYC,CGD,YNB+CSM+2% galactose,30,90,min,CAA,WAY_CP34
C3220,#29,Water,matched,,2,C3169|C3246,WAYC,CGD,YNB+CSM+2% galactose,30,90,min,CAA,WAY_CP34
C3222,#45,Water,matched,,2,C3169|C3246,WAYC,CGD,YNB+CSM+2% galactose,30,90,min,CAA,WAY_CP34
C3224,#13,Water,matched,,2,C3175|C3252,WAYC,BAH,YNB+CSM+2% galactose,30,90,min,CAA,WAY_CP34
C3225,#21,Water,matched,,2,C3175|C3252,WAYC,BAH,YNB+CSM+2% galactose,30,90,min,CAA,WAY_CP34
C3226,#29,Water,matched,,2,C3175|C3252,WAYC,BAH,YNB+CSM+2% galactose,30,90,min,CAA,WAY_CP34
C3228,#45,Water,matched,,2,C3175|C3252,WAYC,BAH,YNB+CSM+2% galactose,30,90,min,CAA,WAY_CP34
C3229,#6,DMSO,matched,,1,C3181,WAYC,CGD,YNB+CSM+2% galactose,30,90,min,CAA,WAY_CP34
C3230,#14,DMSO,matched,,1,C3181,WAYC,CGD,YNB+CSM+2% galactose,30,90,min,CAA,WAY_CP34
C3231,#22,DMSO,matched,,1,C3181,WAYC,CGD,YNB+CSM+2% galactose,30,90,min,CAA,WAY_CP34
C3232,#30,DMSO,matched,,1,C3181,WAYC,CGD,YNB+CSM+2% galactose,30,90,min,CAA,WAY_CP34
C3233,#38,DMSO,matched,,1,C3181,WAYC,CGD,YNB+CSM+2% galactose,30,90,min,CAA,WAY_CP34
C3234,#46,DMSO,matched,,1,C3181,WAYC,CGD,YNB+CSM+2% galactose,30,90,min,CAA,WAY_CP34
C3236,#14,DMSO,matched,,1,C3187,WAYC,BAH,YNB+CSM+2% galactose,30,90,min,CAA,WAY_CP34
C3237,#22,DMSO,matched,,1,C3187,WAYC,BAH,YNB+CSM+2% galactose,30,90,min,CAA,WAY_CP34
C3238,#30,DMSO,matched,,1,C3187,WAYC,BAH,YNB+CSM+2% galactose,30,90,min,CAA,WAY_CP34
C3239,#38,DMSO,matched,,1,C3187,WAYC,BAH,YNB+CSM+2% galactose,30,90,min,CAA,WAY_CP34
C3240,#46,DMSO,matched,,1,C3187,WAYC,BAH,YNB+CSM+2% galactose,30,90,min,CAA,WAY_CP34
C3241,#7,Water,matched,,2,C3169|C3246,WAYC,CGD,YNB+CSM+2% galactose,30,90,min,CAA,WAY_CP34
C3242,#15,Water,matched,,2,C3169|C3246,WAYC,CGD,YNB+CSM+2% galactose,30,90,min,CAA,WAY_CP34
C3243,#23,Water,matched,,2,C3169|C3246,WAYC,CGD,YNB+CSM+2% galactose,30,90,min,CAA,WAY_CP34
C3244,#31,Water,matched,,2,C3169|C3246,WAYC,CGD,YNB+CSM+2% galactose,30,90,min,CAA,WAY_CP34
C3245,#39,Water,matched,,2,C3169|C3246,WAYC,CGD,YNB+CSM+2% galactose,30,90,min,CAA,WAY_CP34
C3247,#7,Water,matched,,2,C3175|C3252,WAYC,BAH,YNB+CSM+2% galactose,30,90,min,CAA,WAY_CP34
C3248,#15,Water,matched,,2,C3175|C3252,WAYC,BAH,YNB+CSM+2% galactose,30,90,min,CAA,WAY_CP34
C3249,#23,Water,matched,,2,C3175|C3252,WAYC,BAH,YNB+CSM+2% galactose,30,90,min,CAA,WAY_CP34
C3250,#31,Water,matched,,2,C3175|C3252,WAYC,BAH,YNB+CSM+2% galactose,30,90,min,CAA,WAY_CP34
C3251,#39,Water,matched,,2,C3175|C3252,WAYC,BAH,YNB+CSM+2% galactose,30,90,min,CAA,WAY_CP34
C3253,#8,DMSO,matched,,1,C3181,WAYC,CGD,YNB+CSM+2% galactose,30,90,min,CAA,WAY_CP34
C3257,#40,DMSO,matched,,1,C3181,WAYC,CGD,YNB+CSM+2% galactose,30,90,min,CAA,WAY_CP34
C3259,#8,DMSO,matched,,1,C3187,WAYC,BAH,YNB+CSM+2% galactose,30,90,min,CAA,WAY_CP34
C3263,#40,DMSO,matched,,1,C3187,WAYC,BAH,YNB+CSM+2% galactose,30,90,min,CAA,WAY_CP34
C3266,#9,Water,matched,,2,C3265|C3342,WAYC,CGD,YNB+CSM+2% galactose,30,120,min,O,WAY_CP35
C3268,#25,Water,matched,,2,C3265|C3342,WAYC,CGD,YNB+CSM+2% galactose,30,120,min,O,WAY_CP35
C3270,#41,Water,matched,,2,C3265|C3342,WAYC,CGD,YNB+CSM+2% galactose,30,120,min,O,WAY_CP35
C3272,#9,Water,matched,,2,C3271|C3348,WAYC,BAH,YNB+CSM+2% galactose,30,120,min,O,WAY_CP35
C3273,#17,Water,matched,,2,C3271|C3348,WAYC,BAH,YNB+CSM+2% galactose,30,120,min,O,WAY_CP35
C3274,#25,Water,matched,,2,C3271|C3348,WAYC,BAH,YNB+CSM+2% galactose,30,120,min,O,WAY_CP35
C3276,#41,Water,matched,,2,C3271|C3348,WAYC,BAH,YNB+CSM+2% galactose,30,120,min,O,WAY_CP35
C3278,#10,DMSO,matched,,1,C3277,WAYC,CGD,YNB+CSM+2% galactose,30,120,min,O,WAY_CP35
C3279,#18,DMSO,matched,,1,C3277,WAYC,CGD,YNB+CSM+2% galactose,30,120,min,O,WAY_CP35
C3282,#42,DMSO,matched,,1,C3277,WAYC,CGD,YNB+CSM+2% galactose,30,120,min,O,WAY_CP35
C3284,#10,DMSO,matched,,1,C3283,WAYC,BAH,YNB+CSM+2% galactose,30,120,min,O,WAY_CP35
C3285,#18,DMSO,matched,,1,C3283,WAYC,BAH,YNB+CSM+2% galactose,30,120,min,O,WAY_CP35
C3288,#42,DMSO,matched,,1,C3283,WAYC,BAH,YNB+CSM+2% galactose,30,120,min,O,WAY_CP35
C3290,#11,Water,matched,,2,C3265|C3342,WAYC,CGD,YNB+CSM+2% galactose,30,120,min,O,WAY_CP35
C3292,#27,Water,matched,,2,C3265|C3342,WAYC,CGD,YNB+CSM+2% galactose,30,120,min,O,WAY_CP35
C3293,#35,Water,matched,,2,C3265|C3342,WAYC,CGD,YNB+CSM+2% galactose,30,120,min,O,WAY_CP35
C3294,#43,Water,matched,,2,C3265|C3342,WAYC,CGD,YNB+CSM+2% galactose,30,120,min,O,WAY_CP35
C3296,#11,Water,matched,,2,C3271|C3348,WAYC,BAH,YNB+CSM+2% galactose,30,120,min,O,WAY_CP35
C3298,#27,Water,matched,,2,C3271|C3348,WAYC,BAH,YNB+CSM+2% galactose,30,120,min,O,WAY_CP35
C3299,#35,Water,matched,,2,C3271|C3348,WAYC,BAH,YNB+CSM+2% galactose,30,120,min,O,WAY_CP35
C3300,#43,Water,matched,,2,C3271|C3348,WAYC,BAH,YNB+CSM+2% galactose,30,120,min,O,WAY_CP35
C3301,#4,DMSO,matched,,1,C3277,WAYC,CGD,YNB+CSM+2% galactose,30,120,min,O,WAY_CP35
C3302,#12,DMSO,matched,,1,C3277,WAYC,CGD,YNB+CSM+2% galactose,30,120,min,O,WAY_CP35
C3304,#28,DMSO,matched,,1,C3277,WAYC,CGD,YNB+CSM+2% galactose,30,120,min,O,WAY_CP35
C3306,#44,DMSO,matched,,1,C3277,WAYC,CGD,YNB+CSM+2% galactose,30,120,min,O,WAY_CP35
C3307,#4,DMSO,matched,,1,C3283,WAYC,BAH,YNB+CSM+2% galactose,30,120,min,O,WAY_CP35
C3308,#12,DMSO,matched,,1,C3283,WAYC,BAH,YNB+CSM+2% galactose,30,120,min,O,WAY_CP35
C3309,#20,DMSO,matched,,1,C3283,WAYC,BAH,YNB+CSM+2% galactose,30,120,min,O,WAY_CP35
C3310,#28,DMSO,matched,,1,C3283,WAYC,BAH,YNB+CSM+2% galactose,30,120,min,O,WAY_CP35
C3312,#44,DMSO,matched,,1,C3283,WAYC,BAH,YNB+CSM+2% galactose,30,120,min,O,WAY_CP35
C3314,#13,Water,matched,,2,C3265|C3342,WAYC,CGD,YNB+CSM+2% galactose,30,120,min,O,WAY_CP35
C3315,#21,Water,matched,,2,C3265|C3342,WAYC,CGD,YNB+CSM+2% galactose,30,120,min,O,WAY_CP35
C3316,#29,Water,matched,,2,C3265|C3342,WAYC,CGD,YNB+CSM+2% galactose,30,120,min,O,WAY_CP35
C3318,#45,Water,matched,,2,C3265|C3342,WAYC,CGD,YNB+CSM+2% galactose,30,120,min,O,WAY_CP35
C3320,#13,Water,matched,,2,C3271|C3348,WAYC,BAH,YNB+CSM+2% galactose,30,120,min,O,WAY_CP35
C3321,#21,Water,matched,,2,C3271|C3348,WAYC,BAH,YNB+CSM+2% galactose,30,120,min,O,WAY_CP35
C3322,#29,Water,matched,,2,C3271|C3348,WAYC,BAH,YNB+CSM+2% galactose,30,120,min,O,WAY_CP35
C3324,#45,Water,matched,,2,C3271|C3348,WAYC,BAH,YNB+CSM+2% galactose,30,120,min,O,WAY_CP35
C3325,#6,DMSO,matched,,1,C3277,WAYC,CGD,YNB+CSM+2% galactose,30,120,min,O,WAY_CP35
C3327,#22,DMSO,matched,,1,C3277,WAYC,CGD,YNB+CSM+2% galactose,30,120,min,O,WAY_CP35
C3328,#30,DMSO,matched,,1,C3277,WAYC,CGD,YNB+CSM+2% galactose,30,120,min,O,WAY_CP35
C3329,#38,DMSO,matched,,1,C3277,WAYC,CGD,YNB+CSM+2% galactose,30,120,min,O,WAY_CP35
C3330,#46,DMSO,matched,,1,C3277,WAYC,CGD,YNB+CSM+2% galactose,30,120,min,O,WAY_CP35
C3332,#14,DMSO,matched,,1,C3283,WAYC,BAH,YNB+CSM+2% galactose,30,120,min,O,WAY_CP35
C3333,#22,DMSO,matched,,1,C3283,WAYC,BAH,YNB+CSM+2% galactose,30,120,min,O,WAY_CP35
C3334,#30,DMSO,matched,,1,C3283,WAYC,BAH,YNB+CSM+2% galactose,30,120,min,O,WAY_CP35
C3335,#38,DMSO,matched,,1,C3283,WAYC,BAH,YNB+CSM+2% galactose,30,120,min,O,WAY_CP35
C3336,#46,DMSO,matched,,1,C3283,WAYC,BAH,YNB+CSM+2% galactose,30,120,min,O,WAY_CP35
C3337,#7,Water,matched,,2,C3265|C3342,WAYC,CGD,YNB+CSM+2% galactose,30,120,min,O,WAY_CP35
C3338,#15,Water,matched,,2,C3265|C3342,WAYC,CGD,YNB+CSM+2% galactose,30,120,min,O,WAY_CP35
C3339,#23,Water,matched,,2,C3265|C3342,WAYC,CGD,YNB+CSM+2% galactose,30,120,min,O,WAY_CP35
C3340,#31,Water,matched,,2,C3265|C3342,WAYC,CGD,YNB+CSM+2% galactose,30,120,min,O,WAY_CP35
C3341,#39,Water,matched,,2,C3265|C3342,WAYC,CGD,YNB+CSM+2% galactose,30,120,min,O,WAY_CP35
C3343,#7,Water,matched,,2,C3271|C3348,WAYC,BAH,YNB+CSM+2% galactose,30,120,min,O,WAY_CP35
C3344,#15,Water,matched,,2,C3271|C3348,WAYC,BAH,YNB+CSM+2% galactose,30,120,min,O,WAY_CP35
C3345,#23,Water,matched,,2,C3271|C3348,WAYC,BAH,YNB+CSM+2% galactose,30,120,min,O,WAY_CP35
C3346,#31,Water,matched,,2,C3271|C3348,WAYC,BAH,YNB+CSM+2% galactose,30,120,min,O,WAY_CP35
C3347,#39,Water,matched,,2,C3271|C3348,WAYC,BAH,YNB+CSM+2% galactose,30,120,min,O,WAY_CP35
C3349,#8,DMSO,matched,,1,C3277,WAYC,CGD,YNB+CSM+2% galactose,30,120,min,O,WAY_CP35
C3353,#40,DMSO,matched,,1,C3277,WAYC,CGD,YNB+CSM+2% galactose,30,120,min,O,WAY_CP35
C3359,#40,DMSO,matched,,1,C3283,WAYC,BAH,YNB+CSM+2% galactose,30,120,min,O,WAY_CP35
C3362,#9,Water,matched,,2,C3361|C3438,WAYC,CGD,YNB+CSM+2% galactose,30,240,min,WAH,WAY_CP36
C3363,#17,Water,matched,,2,C3361|C3438,WAYC,CGD,YNB+CSM+2% galactose,30,240,min,WAH,WAY_CP36
C3364,#25,Water,matched,,2,C3361|C3438,WAYC,CGD,YNB+CSM+2% galactose,30,240,min,WAH,WAY_CP36
C3366,#41,Water,matched,,2,C3361|C3438,WAYC,CGD,YNB+CSM+2% galactose,30,240,min,WAH,WAY_CP36
C3368,#9,Water,matched,,2,C3367|C3444,WAYC,BAH,YNB+CSM+2% galactose,30,240,min,WAH,WAY_CP36
C3369,#17,Water,matched,,2,C3367|C3444,WAYC,BAH,YNB+CSM+2% galactose,30,240,min,WAH,WAY_CP36
C3370,#25,Water,matched,,2,C3367|C3444,WAYC,BAH,YNB+CSM+2% galactose,30,240,min,WAH,WAY_CP36
C3372,#41,Water,matched,,2,C3367|C3444,WAYC,BAH,YNB+CSM+2% galactose,30,240,min,WAH,WAY_CP36
C3374,#10,DMSO,matched,,1,C3373,WAYC,CGD,YNB+CSM+2% galactose,30,240,min,WAH,WAY_CP36
C3375,#18,DMSO,matched,,1,C3373,WAYC,CGD,YNB+CSM+2% galactose,30,240,min,WAH,WAY_CP36
C3378,#42,DMSO,matched,,1,C3373,WAYC,CGD,YNB+CSM+2% galactose,30,240,min,WAH,WAY_CP36
C3380,#10,DMSO,matched,,1,C3379,WAYC,BAH,YNB+CSM+2% galactose,30,240,min,WAH,WAY_CP36
C3381,#18,DMSO,matched,,1,C3379,WAYC,BAH,YNB+CSM+2% galactose,30,240,min,WAH,WAY_CP36
C3384,#42,DMSO,matched,,1,C3379,WAYC,BAH,YNB+CSM+2% galactose,30,240,min,WAH,WAY_CP36
C3386,#11,Water,matched,,2,C3361|C3438,WAYC,CGD,YNB+CSM+2% galactose,30,240,min,WAH,WAY_CP36
C3388,#27,Water,matched,,2,C3361|C3438,WAYC,CGD,YNB+CSM+2% galactose,30,240,min,WAH,WAY_CP36
C3389,#35,Water,matched,,2,C3361|C3438,WAYC,CGD,YNB+CSM+2% galactose,30,240,min,WAH,WAY_CP36
C3392,#11,Water,matched,,2,C3367|C3444,WAYC,BAH,YNB+CSM+2% galactose,30,240,min,WAH,WAY_CP36
C3394,#27,Water,matched,,2,C3367|C3444,WAYC,BAH,YNB+CSM+2% galactose,30,240,min,WAH,WAY_CP36
C3395,#35,Water,matched,,2,C3367|C3444,WAYC,BAH,YNB+CSM+2% galactose,30,240,min,WAH,WAY_CP36
C3396,#43,Water,matched,,2,C3367|C3444,WAYC,BAH,YNB+CSM+2% galactose,30,240,min,WAH,WAY_CP36
C3397,#4,DMSO,matched,,1,C3373,WAYC,CGD,YNB+CSM+2% galactose,30,240,min,WAH,WAY_CP36
C3398,#12,DMSO,matched,,1,C3373,WAYC,CGD,YNB+CSM+2% galactose,30,240,min,WAH,WAY_CP36
C3399,#20,DMSO,matched,,1,C3373,WAYC,CGD,YNB+CSM+2% galactose,30,240,min,WAH,WAY_CP36
C3400,#28,DMSO,matched,,1,C3373,WAYC,CGD,YNB+CSM+2% galactose,30,240,min,WAH,WAY_CP36
C3402,#44,DMSO,matched,,1,C3373,WAYC,CGD,YNB+CSM+2% galactose,30,240,min,WAH,WAY_CP36
C3403,#4,DMSO,matched,,1,C3379,WAYC,BAH,YNB+CSM+2% galactose,30,240,min,WAH,WAY_CP36
C3404,#12,DMSO,matched,,1,C3379,WAYC,BAH,YNB+CSM+2% galactose,30,240,min,WAH,WAY_CP36
C3406,#28,DMSO,matched,,1,C3379,WAYC,BAH,YNB+CSM+2% galactose,30,240,min,WAH,WAY_CP36
C3408,#44,DMSO,matched,,1,C3379,WAYC,BAH,YNB+CSM+2% galactose,30,240,min,WAH,WAY_CP36
C3410,#13,Water,matched,,2,C3361|C3438,WAYC,CGD,YNB+CSM+2% galactose,30,240,min,WAH,WAY_CP36
C3412,#29,Water,matched,,2,C3361|C3438,WAYC,CGD,YNB+CSM+2% galactose,30,240,min,WAH,WAY_CP36
C3414,#45,Water,matched,,2,C3361|C3438,WAYC,CGD,YNB+CSM+2% galactose,30,240,min,WAH,WAY_CP36
C3416,#13,Water,matched,,2,C3367|C3444,WAYC,BAH,YNB+CSM+2% galactose,30,240,min,WAH,WAY_CP36
C3417,#21,Water,matched,,2,C3367|C3444,WAYC,BAH,YNB+CSM+2% galactose,30,240,min,WAH,WAY_CP36
C3418,#29,Water,matched,,2,C3367|C3444,WAYC,BAH,YNB+CSM+2% galactose,30,240,min,WAH,WAY_CP36
C3420,#45,Water,matched,,2,C3367|C3444,WAYC,BAH,YNB+CSM+2% galactose,30,240,min,WAH,WAY_CP36
C3421,#6,DMSO,matched,,1,C3373,WAYC,CGD,YNB+CSM+2% galactose,30,240,min,WAH,WAY_CP36
C3422,#14,DMSO,matched,,1,C3373,WAYC,CGD,YNB+CSM+2% galactose,30,240,min,WAH,WAY_CP36
C3423,#22,DMSO,matched,,1,C3373,WAYC,CGD,YNB+CSM+2% galactose,30,240,min,WAH,WAY_CP36
C3424,#30,DMSO,matched,,1,C3373,WAYC,CGD,YNB+CSM+2% galactose,30,240,min,WAH,WAY_CP36
C3425,#38,DMSO,matched,,1,C3373,WAYC,CGD,YNB+CSM+2% galactose,30,240,min,WAH,WAY_CP36
C3426,#46,DMSO,matched,,1,C3373,WAYC,CGD,YNB+CSM+2% galactose,30,240,min,WAH,WAY_CP36
C3427,#6,DMSO,matched,,1,C3379,WAYC,BAH,YNB+CSM+2% galactose,30,240,min,WAH,WAY_CP36
C3428,#14,DMSO,matched,,1,C3379,WAYC,BAH,YNB+CSM+2% galactose,30,240,min,WAH,WAY_CP36
C3429,#22,DMSO,matched,,1,C3379,WAYC,BAH,YNB+CSM+2% galactose,30,240,min,WAH,WAY_CP36
C3430,#30,DMSO,matched,,1,C3379,WAYC,BAH,YNB+CSM+2% galactose,30,240,min,WAH,WAY_CP36
C3431,#38,DMSO,matched,,1,C3379,WAYC,BAH,YNB+CSM+2% galactose,30,240,min,WAH,WAY_CP36
C3432,#46,DMSO,matched,,1,C3379,WAYC,BAH,YNB+CSM+2% galactose,30,240,min,WAH,WAY_CP36
C3433,#7,Water,matched,,2,C3361|C3438,WAYC,CGD,YNB+CSM+2% galactose,30,240,min,WAH,WAY_CP36
C3434,#15,Water,matched,,2,C3361|C3438,WAYC,CGD,YNB+CSM+2% galactose,30,240,min,WAH,WAY_CP36
C3435,#23,Water,matched,,2,C3361|C3438,WAYC,CGD,YNB+CSM+2% galactose,30,240,min,WAH,WAY_CP36
C3436,#31,Water,matched,,2,C3361|C3438,WAYC,CGD,YNB+CSM+2% galactose,30,240,min,WAH,WAY_CP36
C3437,#39,Water,matched,,2,C3361|C3438,WAYC,CGD,YNB+CSM+2% galactose,30,240,min,WAH,WAY_CP36
C3439,#7,Water,matched,,2,C3367|C3444,WAYC,BAH,YNB+CSM+2% galactose,30,240,min,WAH,WAY_CP36
C3440,#15,Water,matched,,2,C3367|C3444,WAYC,BAH,YNB+CSM+2% galactose,30,240,min,WAH,WAY_CP36
C3441,#23,Water,matched,,2,C3367|C3444,WAYC,BAH,YNB+CSM+2% galactose,30,240,min,WAH,WAY_CP36
C3442,#31,Water,matched,,2,C3367|C3444,WAYC,BAH,YNB+CSM+2% galactose,30,240,min,WAH,WAY_CP36
C3443,#39,Water,matched,,2,C3367|C3444,WAYC,BAH,YNB+CSM+2% galactose,30,240,min,WAH,WAY_CP36
C3445,#8,DMSO,matched,,1,C3373,WAYC,CGD,YNB+CSM+2% galactose,30,240,min,WAH,WAY_CP36
C3449,#40,DMSO,matched,,1,C3373,WAYC,CGD,YNB+CSM+2% galactose,30,240,min,WAH,WAY_CP36
C3451,#8,DMSO,matched,,1,C3379,WAYC,BAH,YNB+CSM+2% galactose,30,240,min,WAH,WAY_CP36
C3455,#40,DMSO,matched,,1,C3379,WAYC,BAH,YNB+CSM+2% galactose,30,240,min,WAH,WAY_CP36
C3458,#9,Water,matched,,2,C3457|C3534,WAYC,CGD,YNB+CSM+2% glucose,37,15,min,CAC,WAY_CP37
C3459,#17,Water,matched,,2,C3457|C3534,WAYC,CGD,YNB+CSM+2% glucose,37,15,min,CAC,WAY_CP37
C3460,#25,Water,matched,,2,C3457|C3534,WAYC,CGD,YNB+CSM+2% glucose,37,15,min,CAC,WAY_CP37
C3462,#41,Water,matched,,2,C3457|C3534,WAYC,CGD,YNB+CSM+2% glucose,37,15,min,CAC,WAY_CP37
C3464,#9,Water,matched,,2,C3463|C3540,WAYC,BAH,YNB+CSM+2% glucose,37,15,min,CAC,WAY_CP37
C3465,#17,Water,matched,,2,C3463|C3540,WAYC,BAH,YNB+CSM+2% glucose,37,15,min,CAC,WAY_CP37
C3466,#25,Water,matched,,2,C3463|C3540,WAYC,BAH,YNB+CSM+2% glucose,37,15,min,CAC,WAY_CP37
C3468,#41,Water,matched,,2,C3463|C3540,WAYC,BAH,YNB+CSM+2% glucose,37,15,min,CAC,WAY_CP37
C3470,#10,DMSO,matched,,1,C3469,WAYC,CGD,YNB+CSM+2% glucose,37,15,min,CAC,WAY_CP37
C3471,#18,DMSO,matched,,1,C3469,WAYC,CGD,YNB+CSM+2% glucose,37,15,min,CAC,WAY_CP37
C3474,#42,DMSO,matched,,1,C3469,WAYC,CGD,YNB+CSM+2% glucose,37,15,min,CAC,WAY_CP37
C3476,#10,DMSO,matched,,1,C3475,WAYC,BAH,YNB+CSM+2% glucose,37,15,min,CAC,WAY_CP37
C3477,#18,DMSO,matched,,1,C3475,WAYC,BAH,YNB+CSM+2% glucose,37,15,min,CAC,WAY_CP37
C3480,#42,DMSO,matched,,1,C3475,WAYC,BAH,YNB+CSM+2% glucose,37,15,min,CAC,WAY_CP37
C3482,#11,Water,matched,,2,C3457|C3534,WAYC,CGD,YNB+CSM+2% glucose,37,15,min,CAC,WAY_CP37
C3485,#35,Water,matched,,2,C3457|C3534,WAYC,CGD,YNB+CSM+2% glucose,37,15,min,CAC,WAY_CP37
C3486,#43,Water,matched,,2,C3457|C3534,WAYC,CGD,YNB+CSM+2% glucose,37,15,min,CAC,WAY_CP37
C3488,#11,Water,matched,,2,C3463|C3540,WAYC,BAH,YNB+CSM+2% glucose,37,15,min,CAC,WAY_CP37
C3490,#27,Water,matched,,2,C3463|C3540,WAYC,BAH,YNB+CSM+2% glucose,37,15,min,CAC,WAY_CP37
C3491,#35,Water,matched,,2,C3463|C3540,WAYC,BAH,YNB+CSM+2% glucose,37,15,min,CAC,WAY_CP37
C3492,#43,Water,matched,,2,C3463|C3540,WAYC,BAH,YNB+CSM+2% glucose,37,15,min,CAC,WAY_CP37
C3494,#12,DMSO,matched,,1,C3469,WAYC,CGD,YNB+CSM+2% glucose,37,15,min,CAC,WAY_CP37
C3495,#20,DMSO,matched,,1,C3469,WAYC,CGD,YNB+CSM+2% glucose,37,15,min,CAC,WAY_CP37
C3496,#28,DMSO,matched,,1,C3469,WAYC,CGD,YNB+CSM+2% glucose,37,15,min,CAC,WAY_CP37
C3498,#44,DMSO,matched,,1,C3469,WAYC,CGD,YNB+CSM+2% glucose,37,15,min,CAC,WAY_CP37
C3500,#12,DMSO,matched,,1,C3475,WAYC,BAH,YNB+CSM+2% glucose,37,15,min,CAC,WAY_CP37
C3501,#20,DMSO,matched,,1,C3475,WAYC,BAH,YNB+CSM+2% glucose,37,15,min,CAC,WAY_CP37
C3502,#28,DMSO,matched,,1,C3475,WAYC,BAH,YNB+CSM+2% glucose,37,15,min,CAC,WAY_CP37
C3504,#44,DMSO,matched,,1,C3475,WAYC,BAH,YNB+CSM+2% glucose,37,15,min,CAC,WAY_CP37
C3506,#13,Water,matched,,2,C3457|C3534,WAYC,CGD,YNB+CSM+2% glucose,37,15,min,CAC,WAY_CP37
C3507,#21,Water,matched,,2,C3457|C3534,WAYC,CGD,YNB+CSM+2% glucose,37,15,min,CAC,WAY_CP37
C3508,#29,Water,matched,,2,C3457|C3534,WAYC,CGD,YNB+CSM+2% glucose,37,15,min,CAC,WAY_CP37
C3510,#45,Water,matched,,2,C3457|C3534,WAYC,CGD,YNB+CSM+2% glucose,37,15,min,CAC,WAY_CP37
C3512,#13,Water,matched,,2,C3463|C3540,WAYC,BAH,YNB+CSM+2% glucose,37,15,min,CAC,WAY_CP37
C3513,#21,Water,matched,,2,C3463|C3540,WAYC,BAH,YNB+CSM+2% glucose,37,15,min,CAC,WAY_CP37
C3514,#29,Water,matched,,2,C3463|C3540,WAYC,BAH,YNB+CSM+2% glucose,37,15,min,CAC,WAY_CP37
C3516,#45,Water,matched,,2,C3463|C3540,WAYC,BAH,YNB+CSM+2% glucose,37,15,min,CAC,WAY_CP37
C3517,#6,DMSO,matched,,1,C3469,WAYC,CGD,YNB+CSM+2% glucose,37,15,min,CAC,WAY_CP37
C3518,#14,DMSO,matched,,1,C3469,WAYC,CGD,YNB+CSM+2% glucose,37,15,min,CAC,WAY_CP37
C3519,#22,DMSO,matched,,1,C3469,WAYC,CGD,YNB+CSM+2% glucose,37,15,min,CAC,WAY_CP37
C3520,#30,DMSO,matched,,1,C3469,WAYC,CGD,YNB+CSM+2% glucose,37,15,min,CAC,WAY_CP37
C3521,#38,DMSO,matched,,1,C3469,WAYC,CGD,YNB+CSM+2% glucose,37,15,min,CAC,WAY_CP37
C3522,#46,DMSO,matched,,1,C3469,WAYC,CGD,YNB+CSM+2% glucose,37,15,min,CAC,WAY_CP37
C3524,#14,DMSO,matched,,1,C3475,WAYC,BAH,YNB+CSM+2% glucose,37,15,min,CAC,WAY_CP37
C3525,#22,DMSO,matched,,1,C3475,WAYC,BAH,YNB+CSM+2% glucose,37,15,min,CAC,WAY_CP37
C3526,#30,DMSO,matched,,1,C3475,WAYC,BAH,YNB+CSM+2% glucose,37,15,min,CAC,WAY_CP37
C3527,#38,DMSO,matched,,1,C3475,WAYC,BAH,YNB+CSM+2% glucose,37,15,min,CAC,WAY_CP37
C3528,#46,DMSO,matched,,1,C3475,WAYC,BAH,YNB+CSM+2% glucose,37,15,min,CAC,WAY_CP37
C3529,#7,Water,matched,,2,C3457|C3534,WAYC,CGD,YNB+CSM+2% glucose,37,15,min,CAC,WAY_CP37
C3530,#15,Water,matched,,2,C3457|C3534,WAYC,CGD,YNB+CSM+2% glucose,37,15,min,CAC,WAY_CP37
C3531,#23,Water,matched,,2,C3457|C3534,WAYC,CGD,YNB+CSM+2% glucose,37,15,min,CAC,WAY_CP37
C3532,#31,Water,matched,,2,C3457|C3534,WAYC,CGD,YNB+CSM+2% glucose,37,15,min,CAC,WAY_CP37
C3533,#39,Water,matched,,2,C3457|C3534,WAYC,CGD,YNB+CSM+2% glucose,37,15,min,CAC,WAY_CP37
C3536,#15,Water,matched,,2,C3463|C3540,WAYC,BAH,YNB+CSM+2% glucose,37,15,min,CAC,WAY_CP37
C3537,#23,Water,matched,,2,C3463|C3540,WAYC,BAH,YNB+CSM+2% glucose,37,15,min,CAC,WAY_CP37
C3538,#31,Water,matched,,2,C3463|C3540,WAYC,BAH,YNB+CSM+2% glucose,37,15,min,CAC,WAY_CP37
C3539,#39,Water,matched,,2,C3463|C3540,WAYC,BAH,YNB+CSM+2% glucose,37,15,min,CAC,WAY_CP37
C3541,#8,DMSO,matched,,1,C3469,WAYC,CGD,YNB+CSM+2% glucose,37,15,min,CAC,WAY_CP37
C3545,#40,DMSO,matched,,1,C3469,WAYC,CGD,YNB+CSM+2% glucose,37,15,min,CAC,WAY_CP37
C3547,#8,DMSO,matched,,1,C3475,WAYC,BAH,YNB+CSM+2% glucose,37,15,min,CAC,WAY_CP37
C3551,#40,DMSO,matched,,1,C3475,WAYC,BAH,YNB+CSM+2% glucose,37,15,min,CAC,WAY_CP37
C3554,#9,Water,matched,,2,C3553|C3630,WAYC,CGD,YNB+CSM+2% glucose,37,30,min,O,WAY_CP38
C3556,#25,Water,matched,,2,C3553|C3630,WAYC,CGD,YNB+CSM+2% glucose,37,30,min,O,WAY_CP38
C3558,#41,Water,matched,,2,C3553|C3630,WAYC,CGD,YNB+CSM+2% glucose,37,30,min,O,WAY_CP38
C3560,#9,Water,matched,,2,C3559|C3636,WAYC,BAH,YNB+CSM+2% glucose,37,30,min,O,WAY_CP38
C3561,#17,Water,matched,,2,C3559|C3636,WAYC,BAH,YNB+CSM+2% glucose,37,30,min,O,WAY_CP38
C3562,#25,Water,matched,,2,C3559|C3636,WAYC,BAH,YNB+CSM+2% glucose,37,30,min,O,WAY_CP38
C3564,#41,Water,matched,,2,C3559|C3636,WAYC,BAH,YNB+CSM+2% glucose,37,30,min,O,WAY_CP38
C3567,#18,DMSO,matched,,1,C3565,WAYC,CGD,YNB+CSM+2% glucose,37,30,min,O,WAY_CP38
C3570,#42,DMSO,matched,,1,C3565,WAYC,CGD,YNB+CSM+2% glucose,37,30,min,O,WAY_CP38
C3572,#10,DMSO,matched,,1,C3571,WAYC,BAH,YNB+CSM+2% glucose,37,30,min,O,WAY_CP38
C3573,#18,DMSO,matched,,1,C3571,WAYC,BAH,YNB+CSM+2% glucose,37,30,min,O,WAY_CP38
C3576,#42,DMSO,matched,,1,C3571,WAYC,BAH,YNB+CSM+2% glucose,37,30,min,O,WAY_CP38
C3578,#11,Water,matched,,2,C3553|C3630,WAYC,CGD,YNB+CSM+2% glucose,37,30,min,O,WAY_CP38
C3580,#27,Water,matched,,2,C3553|C3630,WAYC,CGD,YNB+CSM+2% glucose,37,30,min,O,WAY_CP38
C3581,#35,Water,matched,,2,C3553|C3630,WAYC,CGD,YNB+CSM+2% glucose,37,30,min,O,WAY_CP38
C3582,#43,Water,matched,,2,C3553|C3630,WAYC,CGD,YNB+CSM+2% glucose,37,30,min,O,WAY_CP38
C3584,#11,Water,matched,,2,C3559|C3636,WAYC,BAH,YNB+CSM+2% glucose,37,30,min,O,WAY_CP38
C3586,#27,Water,matched,,2,C3559|C3636,WAYC,BAH,YNB+CSM+2% glucose,37,30,min,O,WAY_CP38
C3588,#43,Water,matched,,2,C3559|C3636,WAYC,BAH,YNB+CSM+2% glucose,37,30,min,O,WAY_CP38
C3589,#4,DMSO,matched,,1,C3565,WAYC,CGD,YNB+CSM+2% glucose,37,30,min,O,WAY_CP38
C3590,#12,DMSO,matched,,1,C3565,WAYC,CGD,YNB+CSM+2% glucose,37,30,min,O,WAY_CP38
C3591,#20,DMSO,matched,,1,C3565,WAYC,CGD,YNB+CSM+2% glucose,37,30,min,O,WAY_CP38
C3592,#28,DMSO,matched,,1,C3565,WAYC,CGD,YNB+CSM+2% glucose,37,30,min,O,WAY_CP38
C3594,#44,DMSO,matched,,1,C3565,WAYC,CGD,YNB+CSM+2% glucose,37,30,min,O,WAY_CP38
C3595,#4,DMSO,matched,,1,C3571,WAYC,BAH,YNB+CSM+2% glucose,37,30,min,O,WAY_CP38
C3596,#12,DMSO,matched,,1,C3571,WAYC,BAH,YNB+CSM+2% glucose,37,30,min,O,WAY_CP38
C3597,#20,DMSO,matched,,1,C3571,WAYC,BAH,YNB+CSM+2% glucose,37,30,min,O,WAY_CP38
C3598,#28,DMSO,matched,,1,C3571,WAYC,BAH,YNB+CSM+2% glucose,37,30,min,O,WAY_CP38
C3600,#44,DMSO,matched,,1,C3571,WAYC,BAH,YNB+CSM+2% glucose,37,30,min,O,WAY_CP38
C3603,#21,Water,matched,,2,C3553|C3630,WAYC,CGD,YNB+CSM+2% glucose,37,30,min,O,WAY_CP38
C3604,#29,Water,matched,,2,C3553|C3630,WAYC,CGD,YNB+CSM+2% glucose,37,30,min,O,WAY_CP38
C3606,#45,Water,matched,,2,C3553|C3630,WAYC,CGD,YNB+CSM+2% glucose,37,30,min,O,WAY_CP38
C3608,#13,Water,matched,,2,C3559|C3636,WAYC,BAH,YNB+CSM+2% glucose,37,30,min,O,WAY_CP38
C3609,#21,Water,matched,,2,C3559|C3636,WAYC,BAH,YNB+CSM+2% glucose,37,30,min,O,WAY_CP38
C3610,#29,Water,matched,,2,C3559|C3636,WAYC,BAH,YNB+CSM+2% glucose,37,30,min,O,WAY_CP38
C3612,#45,Water,matched,,2,C3559|C3636,WAYC,BAH,YNB+CSM+2% glucose,37,30,min,O,WAY_CP38
C3613,#6,DMSO,matched,,1,C3565,WAYC,CGD,YNB+CSM+2% glucose,37,30,min,O,WAY_CP38
C3614,#14,DMSO,matched,,1,C3565,WAYC,CGD,YNB+CSM+2% glucose,37,30,min,O,WAY_CP38
C3615,#22,DMSO,matched,,1,C3565,WAYC,CGD,YNB+CSM+2% glucose,37,30,min,O,WAY_CP38
C3616,#30,DMSO,matched,,1,C3565,WAYC,CGD,YNB+CSM+2% glucose,37,30,min,O,WAY_CP38
C3617,#38,DMSO,matched,,1,C3565,WAYC,CGD,YNB+CSM+2% glucose,37,30,min,O,WAY_CP38
C3618,#46,DMSO,matched,,1,C3565,WAYC,CGD,YNB+CSM+2% glucose,37,30,min,O,WAY_CP38
C3619,#6,DMSO,matched,,1,C3571,WAYC,BAH,YNB+CSM+2% glucose,37,30,min,O,WAY_CP38
C3620,#14,DMSO,matched,,1,C3571,WAYC,BAH,YNB+CSM+2% glucose,37,30,min,O,WAY_CP38
C3621,#22,DMSO,matched,,1,C3571,WAYC,BAH,YNB+CSM+2% glucose,37,30,min,O,WAY_CP38
C3622,#30,DMSO,matched,,1,C3571,WAYC,BAH,YNB+CSM+2% glucose,37,30,min,O,WAY_CP38
C3623,#38,DMSO,matched,,1,C3571,WAYC,BAH,YNB+CSM+2% glucose,37,30,min,O,WAY_CP38
C3624,#46,DMSO,matched,,1,C3571,WAYC,BAH,YNB+CSM+2% glucose,37,30,min,O,WAY_CP38
C3625,#7,Water,matched,,2,C3553|C3630,WAYC,CGD,YNB+CSM+2% glucose,37,30,min,O,WAY_CP38
C3626,#15,Water,matched,,2,C3553|C3630,WAYC,CGD,YNB+CSM+2% glucose,37,30,min,O,WAY_CP38
C3627,#23,Water,matched,,2,C3553|C3630,WAYC,CGD,YNB+CSM+2% glucose,37,30,min,O,WAY_CP38
C3628,#31,Water,matched,,2,C3553|C3630,WAYC,CGD,YNB+CSM+2% glucose,37,30,min,O,WAY_CP38
C3629,#39,Water,matched,,2,C3553|C3630,WAYC,CGD,YNB+CSM+2% glucose,37,30,min,O,WAY_CP38
C3631,#7,Water,matched,,2,C3559|C3636,WAYC,BAH,YNB+CSM+2% glucose,37,30,min,O,WAY_CP38
C3632,#15,Water,matched,,2,C3559|C3636,WAYC,BAH,YNB+CSM+2% glucose,37,30,min,O,WAY_CP38
C3633,#23,Water,matched,,2,C3559|C3636,WAYC,BAH,YNB+CSM+2% glucose,37,30,min,O,WAY_CP38
C3634,#31,Water,matched,,2,C3559|C3636,WAYC,BAH,YNB+CSM+2% glucose,37,30,min,O,WAY_CP38
C3635,#39,Water,matched,,2,C3559|C3636,WAYC,BAH,YNB+CSM+2% glucose,37,30,min,O,WAY_CP38
C3637,#8,DMSO,matched,,1,C3565,WAYC,CGD,YNB+CSM+2% glucose,37,30,min,O,WAY_CP38
C3641,#40,DMSO,matched,,1,C3565,WAYC,CGD,YNB+CSM+2% glucose,37,30,min,O,WAY_CP38
C3643,#8,DMSO,matched,,1,C3571,WAYC,BAH,YNB+CSM+2% glucose,37,30,min,O,WAY_CP38
C3647,#40,DMSO,matched,,1,C3571,WAYC,BAH,YNB+CSM+2% glucose,37,30,min,O,WAY_CP38
C3650,#9,Water,matched,,2,C3649|C3726,WAYC,CGD,YNB+CSM+2% glucose,37,60,min,CAA,WAY_CP39
C3652,#25,Water,matched,,2,C3649|C3726,WAYC,CGD,YNB+CSM+2% glucose,37,60,min,CAA,WAY_CP39
C3654,#41,Water,matched,,2,C3649|C3726,WAYC,CGD,YNB+CSM+2% glucose,37,60,min,CAA,WAY_CP39
C3656,#9,Water,matched,,2,C3655|C3732,WAYC,BAH,YNB+CSM+2% glucose,37,60,min,CAA,WAY_CP39
C3657,#17,Water,matched,,2,C3655|C3732,WAYC,BAH,YNB+CSM+2% glucose,37,60,min,CAA,WAY_CP39
C3658,#25,Water,matched,,2,C3655|C3732,WAYC,BAH,YNB+CSM+2% glucose,37,60,min,CAA,WAY_CP39
C3660,#41,Water,matched,,2,C3655|C3732,WAYC,BAH,YNB+CSM+2% glucose,37,60,min,CAA,WAY_CP39
C3662,#10,DMSO,matched,,1,C3661,WAYC,CGD,YNB+CSM+2% glucose,37,60,min,CAA,WAY_CP39
C3663,#18,DMSO,matched,,1,C3661,WAYC,CGD,YNB+CSM+2% glucose,37,60,min,CAA,WAY_CP39
C3666,#42,DMSO,matched,,1,C3661,WAYC,CGD,YNB+CSM+2% glucose,37,60,min,CAA,WAY_CP39
C3668,#10,DMSO,matched,,1,C3667,WAYC,BAH,YNB+CSM+2% glucose,37,60,min,CAA,WAY_CP39
C3669,#18,DMSO,matched,,1,C3667,WAYC,BAH,YNB+CSM+2% glucose,37,60,min,CAA,WAY_CP39
C3672,#42,DMSO,matched,,1,C3667,WAYC,BAH,YNB+CSM+2% glucose,37,60,min,CAA,WAY_CP39
C3674,#11,Water,matched,,2,C3649|C3726,WAYC,CGD,YNB+CSM+2% glucose,37,60,min,CAA,WAY_CP39
C3676,#27,Water,matched,,2,C3649|C3726,WAYC,CGD,YNB+CSM+2% glucose,37,60,min,CAA,WAY_CP39
C3677,#35,Water,matched,,2,C3649|C3726,WAYC,CGD,YNB+CSM+2% glucose,37,60,min,CAA,WAY_CP39
C3678,#43,Water,matched,,2,C3649|C3726,WAYC,CGD,YNB+CSM+2% glucose,37,60,min,CAA,WAY_CP39
C3680,#11,Water,matched,,2,C3655|C3732,WAYC,BAH,YNB+CSM+2% glucose,37,60,min,CAA,WAY_CP39
C3682,#27,Water,matched,,2,C3655|C3732,WAYC,BAH,YNB+CSM+2% glucose,37,60,min,CAA,WAY_CP39
C3684,#43,Water,matched,,2,C3655|C3732,WAYC,BAH,YNB+CSM+2% glucose,37,60,min,CAA,WAY_CP39
C3685,#4,DMSO,matched,,1,C3661,WAYC,CGD,YNB+CSM+2% glucose,37,60,min,CAA,WAY_CP39
C3686,#12,DMSO,matched,,1,C3661,WAYC,CGD,YNB+CSM+2% glucose,37,60,min,CAA,WAY_CP39
C3687,#20,DMSO,matched,,1,C3661,WAYC,CGD,YNB+CSM+2% glucose,37,60,min,CAA,WAY_CP39
C3688,#28,DMSO,matched,,1,C3661,WAYC,CGD,YNB+CSM+2% glucose,37,60,min,CAA,WAY_CP39
C3690,#44,DMSO,matched,,1,C3661,WAYC,CGD,YNB+CSM+2% glucose,37,60,min,CAA,WAY_CP39
C3691,#4,DMSO,matched,,1,C3667,WAYC,BAH,YNB+CSM+2% glucose,37,60,min,CAA,WAY_CP39
C3692,#12,DMSO,matched,,1,C3667,WAYC,BAH,YNB+CSM+2% glucose,37,60,min,CAA,WAY_CP39
C3693,#20,DMSO,matched,,1,C3667,WAYC,BAH,YNB+CSM+2% glucose,37,60,min,CAA,WAY_CP39
C3694,#28,DMSO,matched,,1,C3667,WAYC,BAH,YNB+CSM+2% glucose,37,60,min,CAA,WAY_CP39
C3696,#44,DMSO,matched,,1,C3667,WAYC,BAH,YNB+CSM+2% glucose,37,60,min,CAA,WAY_CP39
C3698,#13,Water,matched,,2,C3649|C3726,WAYC,CGD,YNB+CSM+2% glucose,37,60,min,CAA,WAY_CP39
C3699,#21,Water,matched,,2,C3649|C3726,WAYC,CGD,YNB+CSM+2% glucose,37,60,min,CAA,WAY_CP39
C3700,#29,Water,matched,,2,C3649|C3726,WAYC,CGD,YNB+CSM+2% glucose,37,60,min,CAA,WAY_CP39
C3702,#45,Water,matched,,2,C3649|C3726,WAYC,CGD,YNB+CSM+2% glucose,37,60,min,CAA,WAY_CP39
C3704,#13,Water,matched,,2,C3655|C3732,WAYC,BAH,YNB+CSM+2% glucose,37,60,min,CAA,WAY_CP39
C3705,#21,Water,matched,,2,C3655|C3732,WAYC,BAH,YNB+CSM+2% glucose,37,60,min,CAA,WAY_CP39
C3706,#29,Water,matched,,2,C3655|C3732,WAYC,BAH,YNB+CSM+2% glucose,37,60,min,CAA,WAY_CP39
C3708,#45,Water,matched,,2,C3655|C3732,WAYC,BAH,YNB+CSM+2% glucose,37,60,min,CAA,WAY_CP39
C3709,#6,DMSO,matched,,1,C3661,WAYC,CGD,YNB+CSM+2% glucose,37,60,min,CAA,WAY_CP39
C3712,#30,DMSO,matched,,1,C3661,WAYC,CGD,YNB+CSM+2% glucose,37,60,min,CAA,WAY_CP39
C3713,#38,DMSO,matched,,1,C3661,WAYC,CGD,YNB+CSM+2% glucose,37,60,min,CAA,WAY_CP39
C3714,#46,DMSO,matched,,1,C3661,WAYC,CGD,YNB+CSM+2% glucose,37,60,min,CAA,WAY_CP39
C3715,#6,DMSO,matched,,1,C3667,WAYC,BAH,YNB+CSM+2% glucose,37,60,min,CAA,WAY_CP39
C3716,#14,DMSO,matched,,1,C3667,WAYC,BAH,YNB+CSM+2% glucose,37,60,min,CAA,WAY_CP39
C3717,#22,DMSO,matched,,1,C3667,WAYC,BAH,YNB+CSM+2% glucose,37,60,min,CAA,WAY_CP39
C3718,#30,DMSO,matched,,1,C3667,WAYC,BAH,YNB+CSM+2% glucose,37,60,min,CAA,WAY_CP39
C3719,#38,DMSO,matched,,1,C3667,WAYC,BAH,YNB+CSM+2% glucose,37,60,min,CAA,WAY_CP39
C3720,#46,DMSO,matched,,1,C3667,WAYC,BAH,YNB+CSM+2% glucose,37,60,min,CAA,WAY_CP39
C3721,#7,Water,matched,,2,C3649|C3726,WAYC,CGD,YNB+CSM+2% glucose,37,60,min,CAA,WAY_CP39
C3722,#15,Water,matched,,2,C3649|C3726,WAYC,CGD,YNB+CSM+2% glucose,37,60,min,CAA,WAY_CP39
C3723,#23,Water,matched,,2,C3649|C3726,WAYC,CGD,YNB+CSM+2% glucose,37,60,min,CAA,WAY_CP39
C3724,#31,Water,matched,,2,C3649|C3726,WAYC,CGD,YNB+CSM+2% glucose,37,60,min,CAA,WAY_CP39
C3725,#39,Water,matched,,2,C3649|C3726,WAYC,CGD,YNB+CSM+2% glucose,37,60,min,CAA,WAY_CP39
C3727,#7,Water,matched,,2,C3655|C3732,WAYC,BAH,YNB+CSM+2% glucose,37,60,min,CAA,WAY_CP39
C3728,#15,Water,matched,,2,C3655|C3732,WAYC,BAH,YNB+CSM+2% glucose,37,60,min,CAA,WAY_CP39
C3729,#23,Water,matched,,2,C3655|C3732,WAYC,BAH,YNB+CSM+2% glucose,37,60,min,CAA,WAY_CP39
C3730,#31,Water,matched,,2,C3655|C3732,WAYC,BAH,YNB+CSM+2% glucose,37,60,min,CAA,WAY_CP39
C3731,#39,Water,matched,,2,C3655|C3732,WAYC,BAH,YNB+CSM+2% glucose,37,60,min,CAA,WAY_CP39
C3733,#8,DMSO,matched,,1,C3661,WAYC,CGD,YNB+CSM+2% glucose,37,60,min,CAA,WAY_CP39
C3737,#40,DMSO,matched,,1,C3661,WAYC,CGD,YNB+CSM+2% glucose,37,60,min,CAA,WAY_CP39
C3739,#8,DMSO,matched,,1,C3667,WAYC,BAH,YNB+CSM+2% glucose,37,60,min,CAA,WAY_CP39
C3743,#40,DMSO,matched,,1,C3667,WAYC,BAH,YNB+CSM+2% glucose,37,60,min,CAA,WAY_CP39
C3746,#9,Water,matched,,2,C3745|C3822,WAYC,CGD,YNB+CSM+2% glucose,37,90,min,CAC,WAY_CP40
C3748,#25,Water,matched,,2,C3745|C3822,WAYC,CGD,YNB+CSM+2% glucose,37,90,min,CAC,WAY_CP40
C3750,#41,Water,matched,,2,C3745|C3822,WAYC,CGD,YNB+CSM+2% glucose,37,90,min,CAC,WAY_CP40
C3752,#9,Water,matched,,2,C3751|C3828,WAYC,BAH,YNB+CSM+2% glucose,37,90,min,CAC,WAY_CP40
C3753,#17,Water,matched,,2,C3751|C3828,WAYC,BAH,YNB+CSM+2% glucose,37,90,min,CAC,WAY_CP40
C3754,#25,Water,matched,,2,C3751|C3828,WAYC,BAH,YNB+CSM+2% glucose,37,90,min,CAC,WAY_CP40
C3756,#41,Water,matched,,2,C3751|C3828,WAYC,BAH,YNB+CSM+2% glucose,37,90,min,CAC,WAY_CP40
C3758,#10,DMSO,matched,,1,C3757,WAYC,CGD,YNB+CSM+2% glucose,37,90,min,CAC,WAY_CP40
C3759,#18,DMSO,matched,,1,C3757,WAYC,CGD,YNB+CSM+2% glucose,37,90,min,CAC,WAY_CP40
C3762,#42,DMSO,matched,,1,C3757,WAYC,CGD,YNB+CSM+2% glucose,37,90,min,CAC,WAY_CP40
C3764,#10,DMSO,matched,,1,C3763,WAYC,BAH,YNB+CSM+2% glucose,37,90,min,CAC,WAY_CP40
C3765,#18,DMSO,matched,,1,C3763,WAYC,BAH,YNB+CSM+2% glucose,37,90,min,CAC,WAY_CP40
C3770,#11,Water,matched,,2,C3745|C3822,WAYC,CGD,YNB+CSM+2% glucose,37,90,min,CAC,WAY_CP40
C3772,#27,Water,matched,,2,C3745|C3822,WAYC,CGD,YNB+CSM+2% glucose,37,90,min,CAC,WAY_CP40
C3773,#35,Water,matched,,2,C3745|C3822,WAYC,CGD,YNB+CSM+2% glucose,37,90,min,CAC,WAY_CP40
C3774,#43,Water,matched,,2,C3745|C3822,WAYC,CGD,YNB+CSM+2% glucose,37,90,min,CAC,WAY_CP40
C3778,#27,Water,matched,,2,C3751|C3828,WAYC,BAH,YNB+CSM+2% glucose,37,90,min,CAC,WAY_CP40
C3779,#35,Water,matched,,2,C3751|C3828,WAYC,BAH,YNB+CSM+2% glucose,37,90,min,CAC,WAY_CP40
C3780,#43,Water,matched,,2,C3751|C3828,WAYC,BAH,YNB+CSM+2% glucose,37,90,min,CAC,WAY_CP40
C3781,#4,DMSO,matched,,1,C3757,WAYC,CGD,YNB+CSM+2% glucose,37,90,min,CAC,WAY_CP40
C3782,#12,DMSO,matched,,1,C3757,WAYC,CGD,YNB+CSM+2% glucose,37,90,min,CAC,WAY_CP40
C3783,#20,DMSO,matched,,1,C3757,WAYC,CGD,YNB+CSM+2% glucose,37,90,min,CAC,WAY_CP40
C3784,#28,DMSO,matched,,1,C3757,WAYC,CGD,YNB+CSM+2% glucose,37,90,min,CAC,WAY_CP40
C3786,#44,DMSO,matched,,1,C3757,WAYC,CGD,YNB+CSM+2% glucose,37,90,min,CAC,WAY_CP40
C3787,#4,DMSO,matched,,1,C3763,WAYC,BAH,YNB+CSM+2% glucose,37,90,min,CAC,WAY_CP40
C3788,#12,DMSO,matched,,1,C3763,WAYC,BAH,YNB+CSM+2% glucose,37,90,min,CAC,WAY_CP40
C3789,#20,DMSO,matched,,1,C3763,WAYC,BAH,YNB+CSM+2% glucose,37,90,min,CAC,WAY_CP40
C3794,#13,Water,matched,,2,C3745|C3822,WAYC,CGD,YNB+CSM+2% glucose,37,90,min,CAC,WAY_CP40
C3795,#21,Water,matched,,2,C3745|C3822,WAYC,CGD,YNB+CSM+2% glucose,37,90,min,CAC,WAY_CP40
C3796,#29,Water,matched,,2,C3745|C3822,WAYC,CGD,YNB+CSM+2% glucose,37,90,min,CAC,WAY_CP40
C3798,#45,Water,matched,,2,C3745|C3822,WAYC,CGD,YNB+CSM+2% glucose,37,90,min,CAC,WAY_CP40
C3800,#13,Water,matched,,2,C3751|C3828,WAYC,BAH,YNB+CSM+2% glucose,37,90,min,CAC,WAY_CP40
C3801,#21,Water,matched,,2,C3751|C3828,WAYC,BAH,YNB+CSM+2% glucose,37,90,min,CAC,WAY_CP40
C3802,#29,Water,matched,,2,C3751|C3828,WAYC,BAH,YNB+CSM+2% glucose,37,90,min,CAC,WAY_CP40
C3804,#45,Water,matched,,2,C3751|C3828,WAYC,BAH,YNB+CSM+2% glucose,37,90,min,CAC,WAY_CP40
C3805,#6,DMSO,matched,,1,C3757,WAYC,CGD,YNB+CSM+2% glucose,37,90,min,CAC,WAY_CP40
C3806,#14,DMSO,matched,,1,C3757,WAYC,CGD,YNB+CSM+2% glucose,37,90,min,CAC,WAY_CP40
C3807,#22,DMSO,matched,,1,C3757,WAYC,CGD,YNB+CSM+2% glucose,37,90,min,CAC,WAY_CP40
C3808,#30,DMSO,matched,,1,C3757,WAYC,CGD,YNB+CSM+2% glucose,37,90,min,CAC,WAY_CP40
C3809,#38,DMSO,matched,,1,C3757,WAYC,CGD,YNB+CSM+2% glucose,37,90,min,CAC,WAY_CP40
C3810,#46,DMSO,matched,,1,C3757,WAYC,CGD,YNB+CSM+2% glucose,37,90,min,CAC,WAY_CP40
C3812,#14,DMSO,matched,,1,C3763,WAYC,BAH,YNB+CSM+2% glucose,37,90,min,CAC,WAY_CP40
C3813,#22,DMSO,matched,,1,C3763,WAYC,BAH,YNB+CSM+2% glucose,37,90,min,CAC,WAY_CP40
C3814,#30,DMSO,matched,,1,C3763,WAYC,BAH,YNB+CSM+2% glucose,37,90,min,CAC,WAY_CP40
C3815,#38,DMSO,matched,,1,C3763,WAYC,BAH,YNB+CSM+2% glucose,37,90,min,CAC,WAY_CP40
C3816,#46,DMSO,matched,,1,C3763,WAYC,BAH,YNB+CSM+2% glucose,37,90,min,CAC,WAY_CP40
C3817,#7,Water,matched,,2,C3745|C3822,WAYC,CGD,YNB+CSM+2% glucose,37,90,min,CAC,WAY_CP40
C3818,#15,Water,matched,,2,C3745|C3822,WAYC,CGD,YNB+CSM+2% glucose,37,90,min,CAC,WAY_CP40
C3819,#23,Water,matched,,2,C3745|C3822,WAYC,CGD,YNB+CSM+2% glucose,37,90,min,CAC,WAY_CP40
C3820,#31,Water,matched,,2,C3745|C3822,WAYC,CGD,YNB+CSM+2% glucose,37,90,min,CAC,WAY_CP40
C3821,#39,Water,matched,,2,C3745|C3822,WAYC,CGD,YNB+CSM+2% glucose,37,90,min,CAC,WAY_CP40
C3823,#7,Water,matched,,2,C3751|C3828,WAYC,BAH,YNB+CSM+2% glucose,37,90,min,CAC,WAY_CP40
C3824,#15,Water,matched,,2,C3751|C3828,WAYC,BAH,YNB+CSM+2% glucose,37,90,min,CAC,WAY_CP40
C3825,#23,Water,matched,,2,C3751|C3828,WAYC,BAH,YNB+CSM+2% glucose,37,90,min,CAC,WAY_CP40
C3826,#31,Water,matched,,2,C3751|C3828,WAYC,BAH,YNB+CSM+2% glucose,37,90,min,CAC,WAY_CP40
C3827,#39,Water,matched,,2,C3751|C3828,WAYC,BAH,YNB+CSM+2% glucose,37,90,min,CAC,WAY_CP40
C3829,#8,DMSO,matched,,1,C3757,WAYC,CGD,YNB+CSM+2% glucose,37,90,min,CAC,WAY_CP40
C3833,#40,DMSO,matched,,1,C3757,WAYC,CGD,YNB+CSM+2% glucose,37,90,min,CAC,WAY_CP40
C3835,#8,DMSO,matched,,1,C3763,WAYC,BAH,YNB+CSM+2% glucose,37,90,min,CAC,WAY_CP40
C3839,#40,DMSO,matched,,1,C3763,WAYC,BAH,YNB+CSM+2% glucose,37,90,min,CAC,WAY_CP40
C3842,#9,Water,matched,,2,C3841|C3918,WAYC,CGD,YNB+CSM+2% glucose,37,120,min,O,WAY_CP41
C3843,#17,Water,matched,,2,C3841|C3918,WAYC,CGD,YNB+CSM+2% glucose,37,120,min,O,WAY_CP41
C3844,#25,Water,matched,,2,C3841|C3918,WAYC,CGD,YNB+CSM+2% glucose,37,120,min,O,WAY_CP41
C3846,#41,Water,matched,,2,C3841|C3918,WAYC,CGD,YNB+CSM+2% glucose,37,120,min,O,WAY_CP41
C3848,#9,Water,matched,,2,C3847|C3924,WAYC,BAH,YNB+CSM+2% glucose,37,120,min,O,WAY_CP41
C3849,#17,Water,matched,,2,C3847|C3924,WAYC,BAH,YNB+CSM+2% glucose,37,120,min,O,WAY_CP41
C3850,#25,Water,matched,,2,C3847|C3924,WAYC,BAH,YNB+CSM+2% glucose,37,120,min,O,WAY_CP41
C3852,#41,Water,matched,,2,C3847|C3924,WAYC,BAH,YNB+CSM+2% glucose,37,120,min,O,WAY_CP41
C3854,#10,DMSO,matched,,1,C3853,WAYC,CGD,YNB+CSM+2% glucose,37,120,min,O,WAY_CP41
C3855,#18,DMSO,matched,,1,C3853,WAYC,CGD,YNB+CSM+2% glucose,37,120,min,O,WAY_CP41
C3858,#42,DMSO,matched,,1,C3853,WAYC,CGD,YNB+CSM+2% glucose,37,120,min,O,WAY_CP41
C3860,#10,DMSO,matched,,1,C3859,WAYC,BAH,YNB+CSM+2% glucose,37,120,min,O,WAY_CP41
C3861,#18,DMSO,matched,,1,C3859,WAYC,BAH,YNB+CSM+2% glucose,37,120,min,O,WAY_CP41
C3864,#42,DMSO,matched,,1,C3859,WAYC,BAH,YNB+CSM+2% glucose,37,120,min,O,WAY_CP41
C3866,#11,Water,matched,,2,C3841|C3918,WAYC,CGD,YNB+CSM+2% glucose,37,120,min,O,WAY_CP41
C3868,#27,Water,matched,,2,C3841|C3918,WAYC,CGD,YNB+CSM+2% glucose,37,120,min,O,WAY_CP41
C3869,#35,Water,matched,,2,C3841|C3918,WAYC,CGD,YNB+CSM+2% glucose,37,120,min,O,WAY_CP41
C3870,#43,Water,matched,,2,C3841|C3918,WAYC,CGD,YNB+CSM+2% glucose,37,120,min,O,WAY_CP41
C3872,#11,Water,matched,,2,C3847|C3924,WAYC,BAH,YNB+CSM+2% glucose,37,120,min,O,WAY_CP41
C3874,#27,Water,matched,,2,C3847|C3924,WAYC,BAH,YNB+CSM+2% glucose,37,120,min,O,WAY_CP41
C3876,#43,Water,matched,,2,C3847|C3924,WAYC,BAH,YNB+CSM+2% glucose,37,120,min,O,WAY_CP41
C3877,#4,DMSO,matched,,1,C3853,WAYC,CGD,YNB+CSM+2% glucose,37,120,min,O,WAY_CP41
C3878,#12,DMSO,matched,,1,C3853,WAYC,CGD,YNB+CSM+2% glucose,37,120,min,O,WAY_CP41
C3880,#28,DMSO,matched,,1,C3853,WAYC,CGD,YNB+CSM+2% glucose,37,120,min,O,WAY_CP41
C3882,#44,DMSO,matched,,1,C3853,WAYC,CGD,YNB+CSM+2% glucose,37,120,min,O,WAY_CP41
C3883,#4,DMSO,matched,,1,C3859,WAYC,BAH,YNB+CSM+2% glucose,37,120,min,O,WAY_CP41
C3884,#12,DMSO,matched,,1,C3859,WAYC,BAH,YNB+CSM+2% glucose,37,120,min,O,WAY_CP41
C3885,#20,DMSO,matched,,1,C3859,WAYC,BAH,YNB+CSM+2% glucose,37,120,min,O,WAY_CP41
C3886,#28,DMSO,matched,,1,C3859,WAYC,BAH,YNB+CSM+2% glucose,37,120,min,O,WAY_CP41
C3888,#44,DMSO,matched,,1,C3859,WAYC,BAH,YNB+CSM+2% glucose,37,120,min,O,WAY_CP41
C3890,#13,Water,matched,,2,C3841|C3918,WAYC,CGD,YNB+CSM+2% glucose,37,120,min,O,WAY_CP41
C3891,#21,Water,matched,,2,C3841|C3918,WAYC,CGD,YNB+CSM+2% glucose,37,120,min,O,WAY_CP41
C3892,#29,Water,matched,,2,C3841|C3918,WAYC,CGD,YNB+CSM+2% glucose,37,120,min,O,WAY_CP41
C3894,#45,Water,matched,,2,C3841|C3918,WAYC,CGD,YNB+CSM+2% glucose,37,120,min,O,WAY_CP41
C3896,#13,Water,matched,,2,C3847|C3924,WAYC,BAH,YNB+CSM+2% glucose,37,120,min,O,WAY_CP41
C3897,#21,Water,matched,,2,C3847|C3924,WAYC,BAH,YNB+CSM+2% glucose,37,120,min,O,WAY_CP41
C3898,#29,Water,matched,,2,C3847|C3924,WAYC,BAH,YNB+CSM+2% glucose,37,120,min,O,WAY_CP41
C3900,#45,Water,matched,,2,C3847|C3924,WAYC,BAH,YNB+CSM+2% glucose,37,120,min,O,WAY_CP41
C3901,#6,DMSO,matched,,1,C3853,WAYC,CGD,YNB+CSM+2% glucose,37,120,min,O,WAY_CP41
C3902,#14,DMSO,matched,,1,C3853,WAYC,CGD,YNB+CSM+2% glucose,37,120,min,O,WAY_CP41
C3903,#22,DMSO,matched,,1,C3853,WAYC,CGD,YNB+CSM+2% glucose,37,120,min,O,WAY_CP41
C3905,#38,DMSO,matched,,1,C3853,WAYC,CGD,YNB+CSM+2% glucose,37,120,min,O,WAY_CP41
C3906,#46,DMSO,matched,,1,C3853,WAYC,CGD,YNB+CSM+2% glucose,37,120,min,O,WAY_CP41
C3907,#6,DMSO,matched,,1,C3859,WAYC,BAH,YNB+CSM+2% glucose,37,120,min,O,WAY_CP41
C3908,#14,DMSO,matched,,1,C3859,WAYC,BAH,YNB+CSM+2% glucose,37,120,min,O,WAY_CP41
C3909,#22,DMSO,matched,,1,C3859,WAYC,BAH,YNB+CSM+2% glucose,37,120,min,O,WAY_CP41
C3910,#30,DMSO,matched,,1,C3859,WAYC,BAH,YNB+CSM+2% glucose,37,120,min,O,WAY_CP41
C3911,#38,DMSO,matched,,1,C3859,WAYC,BAH,YNB+CSM+2% glucose,37,120,min,O,WAY_CP41
C3912,#46,DMSO,matched,,1,C3859,WAYC,BAH,YNB+CSM+2% glucose,37,120,min,O,WAY_CP41
C3913,#7,Water,matched,,2,C3841|C3918,WAYC,CGD,YNB+CSM+2% glucose,37,120,min,O,WAY_CP41
C3914,#15,Water,matched,,2,C3841|C3918,WAYC,CGD,YNB+CSM+2% glucose,37,120,min,O,WAY_CP41
C3915,#23,Water,matched,,2,C3841|C3918,WAYC,CGD,YNB+CSM+2% glucose,37,120,min,O,WAY_CP41
C3916,#31,Water,matched,,2,C3841|C3918,WAYC,CGD,YNB+CSM+2% glucose,37,120,min,O,WAY_CP41
C3917,#39,Water,matched,,2,C3841|C3918,WAYC,CGD,YNB+CSM+2% glucose,37,120,min,O,WAY_CP41
C3919,#7,Water,matched,,2,C3847|C3924,WAYC,BAH,YNB+CSM+2% glucose,37,120,min,O,WAY_CP41
C3920,#15,Water,matched,,2,C3847|C3924,WAYC,BAH,YNB+CSM+2% glucose,37,120,min,O,WAY_CP41
C3921,#23,Water,matched,,2,C3847|C3924,WAYC,BAH,YNB+CSM+2% glucose,37,120,min,O,WAY_CP41
C3922,#31,Water,matched,,2,C3847|C3924,WAYC,BAH,YNB+CSM+2% glucose,37,120,min,O,WAY_CP41
C3923,#39,Water,matched,,2,C3847|C3924,WAYC,BAH,YNB+CSM+2% glucose,37,120,min,O,WAY_CP41
C3925,#8,DMSO,matched,,1,C3853,WAYC,CGD,YNB+CSM+2% glucose,37,120,min,O,WAY_CP41
C3929,#40,DMSO,matched,,1,C3853,WAYC,CGD,YNB+CSM+2% glucose,37,120,min,O,WAY_CP41
C3931,#8,DMSO,matched,,1,C3859,WAYC,BAH,YNB+CSM+2% glucose,37,120,min,O,WAY_CP41
C3935,#40,DMSO,matched,,1,C3859,WAYC,BAH,YNB+CSM+2% glucose,37,120,min,O,WAY_CP41
C3940,#25,Water,matched,,2,C3937|C4014,WAYC,CGD,YNB+CSM+2% glucose,37,240,min,CAA,WAY_CP42
C3942,#41,Water,matched,,2,C3937|C4014,WAYC,CGD,YNB+CSM+2% glucose,37,240,min,CAA,WAY_CP42
C3944,#9,Water,matched,,2,C3943|C4020,WAYC,BAH,YNB+CSM+2% glucose,37,240,min,CAA,WAY_CP42
C3945,#17,Water,matched,,2,C3943|C4020,WAYC,BAH,YNB+CSM+2% glucose,37,240,min,CAA,WAY_CP42
C3948,#41,Water,matched,,2,C3943|C4020,WAYC,BAH,YNB+CSM+2% glucose,37,240,min,CAA,WAY_CP42
C3950,#10,DMSO,matched,,1,C3949,WAYC,CGD,YNB+CSM+2% glucose,37,240,min,CAA,WAY_CP42
C3951,#18,DMSO,matched,,1,C3949,WAYC,CGD,YNB+CSM+2% glucose,37,240,min,CAA,WAY_CP42
C3956,#10,DMSO,matched,,1,C3955,WAYC,BAH,YNB+CSM+2% glucose,37,240,min,CAA,WAY_CP42
C3957,#18,DMSO,matched,,1,C3955,WAYC,BAH,YNB+CSM+2% glucose,37,240,min,CAA,WAY_CP42
C3960,#42,DMSO,matched,,1,C3955,WAYC,BAH,YNB+CSM+2% glucose,37,240,min,CAA,WAY_CP42
C3962,#11,Water,matched,,2,C3937|C4014,WAYC,CGD,YNB+CSM+2% glucose,37,240,min,CAA,WAY_CP42
C3964,#27,Water,matched,,2,C3937|C4014,WAYC,CGD,YNB+CSM+2% glucose,37,240,min,CAA,WAY_CP42
C3965,#35,Water,matched,,2,C3937|C4014,WAYC,CGD,YNB+CSM+2% glucose,37,240,min,CAA,WAY_CP42
C3966,#43,Water,matched,,2,C3937|C4014,WAYC,CGD,YNB+CSM+2% glucose,37,240,min,CAA,WAY_CP42
C3968,#11,Water,matched,,2,C3943|C4020,WAYC,BAH,YNB+CSM+2% glucose,37,240,min,CAA,WAY_CP42
C3970,#27,Water,matched,,2,C3943|C4020,WAYC,BAH,YNB+CSM+2% glucose,37,240,min,CAA,WAY_CP42
C3972,#43,Water,matched,,2,C3943|C4020,WAYC,BAH,YNB+CSM+2% glucose,37,240,min,CAA,WAY_CP42
C3973,#4,DMSO,matched,,1,C3949,WAYC,CGD,YNB+CSM+2% glucose,37,240,min,CAA,WAY_CP42
C3974,#12,DMSO,matched,,1,C3949,WAYC,CGD,YNB+CSM+2% glucose,37,240,min,CAA,WAY_CP42
C3975,#20,DMSO,matched,,1,C3949,WAYC,CGD,YNB+CSM+2% glucose,37,240,min,CAA,WAY_CP42
C3976,#28,DMSO,matched,,1,C3949,WAYC,CGD,YNB+CSM+2% glucose,37,240,min,CAA,WAY_CP42
C3978,#44,DMSO,matched,,1,C3949,WAYC,CGD,YNB+CSM+2% glucose,37,240,min,CAA,WAY_CP42
C3979,#4,DMSO,matched,,1,C3955,WAYC,BAH,YNB+CSM+2% glucose,37,240,min,CAA,WAY_CP42
C3980,#12,DMSO,matched,,1,C3955,WAYC,BAH,YNB+CSM+2% glucose,37,240,min,CAA,WAY_CP42
C3981,#20,DMSO,matched,,1,C3955,WAYC,BAH,YNB+CSM+2% glucose,37,240,min,CAA,WAY_CP42
C3982,#28,DMSO,matched,,1,C3955,WAYC,BAH,YNB+CSM+2% glucose,37,240,min,CAA,WAY_CP42
C3984,#44,DMSO,matched,,1,C3955,WAYC,BAH,YNB+CSM+2% glucose,37,240,min,CAA,WAY_CP42
C3986,#13,Water,matched,,2,C3937|C4014,WAYC,CGD,YNB+CSM+2% glucose,37,240,min,CAA,WAY_CP42
C3987,#21,Water,matched,,2,C3937|C4014,WAYC,CGD,YNB+CSM+2% glucose,37,240,min,CAA,WAY_CP42
C3988,#29,Water,matched,,2,C3937|C4014,WAYC,CGD,YNB+CSM+2% glucose,37,240,min,CAA,WAY_CP42
C3992,#13,Water,matched,,2,C3943|C4020,WAYC,BAH,YNB+CSM+2% glucose,37,240,min,CAA,WAY_CP42
C3994,#29,Water,matched,,2,C3943|C4020,WAYC,BAH,YNB+CSM+2% glucose,37,240,min,CAA,WAY_CP42
C3996,#45,Water,matched,,2,C3943|C4020,WAYC,BAH,YNB+CSM+2% glucose,37,240,min,CAA,WAY_CP42
C3997,#6,DMSO,matched,,1,C3949,WAYC,CGD,YNB+CSM+2% glucose,37,240,min,CAA,WAY_CP42
C3998,#14,DMSO,matched,,1,C3949,WAYC,CGD,YNB+CSM+2% glucose,37,240,min,CAA,WAY_CP42
C3999,#22,DMSO,matched,,1,C3949,WAYC,CGD,YNB+CSM+2% glucose,37,240,min,CAA,WAY_CP42
C4000,#30,DMSO,matched,,1,C3949,WAYC,CGD,YNB+CSM+2% glucose,37,240,min,CAA,WAY_CP42
C4001,#38,DMSO,matched,,1,C3949,WAYC,CGD,YNB+CSM+2% glucose,37,240,min,CAA,WAY_CP42
C4002,#46,DMSO,matched,,1,C3949,WAYC,CGD,YNB+CSM+2% glucose,37,240,min,CAA,WAY_CP42
C4005,#22,DMSO,matched,,1,C3955,WAYC,BAH,YNB+CSM+2% glucose,37,240,min,CAA,WAY_CP42
C4006,#30,DMSO,matched,,1,C3955,WAYC,BAH,YNB+CSM+2% glucose,37,240,min,CAA,WAY_CP42
C4008,#46,DMSO,matched,,1,C3955,WAYC,BAH,YNB+CSM+2% glucose,37,240,min,CAA,WAY_CP42
C4009,#7,Water,matched,,2,C3937|C4014,WAYC,CGD,YNB+CSM+2% glucose,37,240,min,CAA,WAY_CP42
C4010,#15,Water,matched,,2,C3937|C4014,WAYC,CGD,YNB+CSM+2% glucose,37,240,min,CAA,WAY_CP42
C4011,#23,Water,matched,,2,C3937|C4014,WAYC,CGD,YNB+CSM+2% glucose,37,240,min,CAA,WAY_CP42
C4012,#31,Water,matched,,2,C3937|C4014,WAYC,CGD,YNB+CSM+2% glucose,37,240,min,CAA,WAY_CP42
C4013,#39,Water,matched,,2,C3937|C4014,WAYC,CGD,YNB+CSM+2% glucose,37,240,min,CAA,WAY_CP42
C4015,#7,Water,matched,,2,C3943|C4020,WAYC,BAH,YNB+CSM+2% glucose,37,240,min,CAA,WAY_CP42
C4016,#15,Water,matched,,2,C3943|C4020,WAYC,BAH,YNB+CSM+2% glucose,37,240,min,CAA,WAY_CP42
C4017,#23,Water,matched,,2,C3943|C4020,WAYC,BAH,YNB+CSM+2% glucose,37,240,min,CAA,WAY_CP42
C4018,#31,Water,matched,,2,C3943|C4020,WAYC,BAH,YNB+CSM+2% glucose,37,240,min,CAA,WAY_CP42
C4019,#39,Water,matched,,2,C3943|C4020,WAYC,BAH,YNB+CSM+2% glucose,37,240,min,CAA,WAY_CP42
C4021,#8,DMSO,matched,,1,C3949,WAYC,CGD,YNB+CSM+2% glucose,37,240,min,CAA,WAY_CP42
C4025,#40,DMSO,matched,,1,C3949,WAYC,CGD,YNB+CSM+2% glucose,37,240,min,CAA,WAY_CP42
C4027,#8,DMSO,matched,,1,C3955,WAYC,BAH,YNB+CSM+2% glucose,37,240,min,CAA,WAY_CP42
C4036,#25,Water,matched,,2,C4033|C4110,WAYC,CGD,YNB+CSM+2% galactose,37,15,min,CAC,WAY_CP43
C4038,#41,Water,matched,,2,C4033|C4110,WAYC,CGD,YNB+CSM+2% galactose,37,15,min,CAC,WAY_CP43
C4040,#9,Water,matched,,2,C4039|C4116,WAYC,BAH,YNB+CSM+2% galactose,37,15,min,CAC,WAY_CP43
C4041,#17,Water,matched,,2,C4039|C4116,WAYC,BAH,YNB+CSM+2% galactose,37,15,min,CAC,WAY_CP43
C4042,#25,Water,matched,,2,C4039|C4116,WAYC,BAH,YNB+CSM+2% galactose,37,15,min,CAC,WAY_CP43
C4044,#41,Water,matched,,2,C4039|C4116,WAYC,BAH,YNB+CSM+2% galactose,37,15,min,CAC,WAY_CP43
C4046,#10,DMSO,matched,,1,C4045,WAYC,CGD,YNB+CSM+2% galactose,37,15,min,CAC,WAY_CP43
C4047,#18,DMSO,matched,,1,C4045,WAYC,CGD,YNB+CSM+2% galactose,37,15,min,CAC,WAY_CP43
C4052,#10,DMSO,matched,,1,C4051,WAYC,BAH,YNB+CSM+2% galactose,37,15,min,CAC,WAY_CP43
C4053,#18,DMSO,matched,,1,C4051,WAYC,BAH,YNB+CSM+2% galactose,37,15,min,CAC,WAY_CP43
C4056,#42,DMSO,matched,,1,C4051,WAYC,BAH,YNB+CSM+2% galactose,37,15,min,CAC,WAY_CP43
C4058,#11,Water,matched,,2,C4033|C4110,WAYC,CGD,YNB+CSM+2% galactose,37,15,min,CAC,WAY_CP43
C4060,#27,Water,matched,,2,C4033|C4110,WAYC,CGD,YNB+CSM+2% galactose,37,15,min,CAC,WAY_CP43
C4061,#35,Water,matched,,2,C4033|C4110,WAYC,CGD,YNB+CSM+2% galactose,37,15,min,CAC,WAY_CP43
C4062,#43,Water,matched,,2,C4033|C4110,WAYC,CGD,YNB+CSM+2% galactose,37,15,min,CAC,WAY_CP43
C4064,#11,Water,matched,,2,C4039|C4116,WAYC,BAH,YNB+CSM+2% galactose,37,15,min,CAC,WAY_CP43
C4066,#27,Water,matched,,2,C4039|C4116,WAYC,BAH,YNB+CSM+2% galactose,37,15,min,CAC,WAY_CP43
C4068,#43,Water,matched,,2,C4039|C4116,WAYC,BAH,YNB+CSM+2% galactose,37,15,min,CAC,WAY_CP43
C4069,#4,DMSO,matched,,1,C4045,WAYC,CGD,YNB+CSM+2% galactose,37,15,min,CAC,WAY_CP43
C4071,#20,DMSO,matched,,1,C4045,WAYC,CGD,YNB+CSM+2% galactose,37,15,min,CAC,WAY_CP43
C4072,#28,DMSO,matched,,1,C4045,WAYC,CGD,YNB+CSM+2% galactose,37,15,min,CAC,WAY_CP43
C4074,#44,DMSO,matched,,1,C4045,WAYC,CGD,YNB+CSM+2% galactose,37,15,min,CAC,WAY_CP43
C4075,#4,DMSO,matched,,1,C4051,WAYC,BAH,YNB+CSM+2% galactose,37,15,min,CAC,WAY_CP43
C4076,#12,DMSO,matched,,1,C4051,WAYC,BAH,YNB+CSM+2% galactose,37,15,min,CAC,WAY_CP43
C4077,#20,DMSO,matched,,1,C4051,WAYC,BAH,YNB+CSM+2% galactose,37,15,min,CAC,WAY_CP43
C4078,#28,DMSO,matched,,1,C4051,WAYC,BAH,YNB+CSM+2% galactose,37,15,min,CAC,WAY_CP43
C4080,#44,DMSO,matched,,1,C4051,WAYC,BAH,YNB+CSM+2% galactose,37,15,min,CAC,WAY_CP43
C4082,#13,Water,matched,,2,C4033|C4110,WAYC,CGD,YNB+CSM+2% galactose,37,15,min,CAC,WAY_CP43
C4083,#21,Water,matched,,2,C4033|C4110,WAYC,CGD,YNB+CSM+2% galactose,37,15,min,CAC,WAY_CP43
C4084,#29,Water,matched,,2,C4033|C4110,WAYC,CGD,YNB+CSM+2% galactose,37,15,min,CAC,WAY_CP43
C4088,#13,Water,matched,,2,C4039|C4116,WAYC,BAH,YNB+CSM+2% galactose,37,15,min,CAC,WAY_CP43
C4089,#21,Water,matched,,2,C4039|C4116,WAYC,BAH,YNB+CSM+2% galactose,37,15,min,CAC,WAY_CP43
C4090,#29,Water,matched,,2,C4039|C4116,WAYC,BAH,YNB+CSM+2% galactose,37,15,min,CAC,WAY_CP43
C4092,#45,Water,matched,,2,C4039|C4116,WAYC,BAH,YNB+CSM+2% galactose,37,15,min,CAC,WAY_CP43
C4093,#6,DMSO,matched,,1,C4045,WAYC,CGD,YNB+CSM+2% galactose,37,15,min,CAC,WAY_CP43
C4094,#14,DMSO,matched,,1,C4045,WAYC,CGD,YNB+CSM+2% galactose,37,15,min,CAC,WAY_CP43
C4095,#22,DMSO,matched,,1,C4045,WAYC,CGD,YNB+CSM+2% galactose,37,15,min,CAC,WAY_CP43
C4096,#30,DMSO,matched,,1,C4045,WAYC,CGD,YNB+CSM+2% galactose,37,15,min,CAC,WAY_CP43
C4097,#38,DMSO,matched,,1,C4045,WAYC,CGD,YNB+CSM+2% galactose,37,15,min,CAC,WAY_CP43
C4098,#46,DMSO,matched,,1,C4045,WAYC,CGD,YNB+CSM+2% galactose,37,15,min,CAC,WAY_CP43
C4100,#14,DMSO,matched,,1,C4051,WAYC,BAH,YNB+CSM+2% galactose,37,15,min,CAC,WAY_CP43
C4102,#30,DMSO,matched,,1,C4051,WAYC,BAH,YNB+CSM+2% galactose,37,15,min,CAC,WAY_CP43
C4103,#38,DMSO,matched,,1,C4051,WAYC,BAH,YNB+CSM+2% galactose,37,15,min,CAC,WAY_CP43
C4104,#46,DMSO,matched,,1,C4051,WAYC,BAH,YNB+CSM+2% galactose,37,15,min,CAC,WAY_CP43
C4105,#7,Water,matched,,2,C4033|C4110,WAYC,CGD,YNB+CSM+2% galactose,37,15,min,CAC,WAY_CP43
C4106,#15,Water,matched,,2,C4033|C4110,WAYC,CGD,YNB+CSM+2% galactose,37,15,min,CAC,WAY_CP43
C4108,#31,Water,matched,,2,C4033|C4110,WAYC,CGD,YNB+CSM+2% galactose,37,15,min,CAC,WAY_CP43
C4109,#39,Water,matched,,2,C4033|C4110,WAYC,CGD,YNB+CSM+2% galactose,37,15,min,CAC,WAY_CP43
C4111,#7,Water,matched,,2,C4039|C4116,WAYC,BAH,YNB+CSM+2% galactose,37,15,min,CAC,WAY_CP43
C4112,#15,Water,matched,,2,C4039|C4116,WAYC,BAH,YNB+CSM+2% galactose,37,15,min,CAC,WAY_CP43
C4113,#23,Water,matched,,2,C4039|C4116,WAYC,BAH,YNB+CSM+2% galactose,37,15,min,CAC,WAY_CP43
C4114,#31,Water,matched,,2,C4039|C4116,WAYC,BAH,YNB+CSM+2% galactose,37,15,min,CAC,WAY_CP43
C4115,#39,Water,matched,,2,C4039|C4116,WAYC,BAH,YNB+CSM+2% galactose,37,15,min,CAC,WAY_CP43
C4117,#8,DMSO,matched,,1,C4045,WAYC,CGD,YNB+CSM+2% galactose,37,15,min,CAC,WAY_CP43
C4121,#40,DMSO,matched,,1,C4045,WAYC,CGD,YNB+CSM+2% galactose,37,15,min,CAC,WAY_CP43
C4123,#8,DMSO,matched,,1,C4051,WAYC,BAH,YNB+CSM+2% galactose,37,15,min,CAC,WAY_CP43
C4127,#40,DMSO,matched,,1,C4051,WAYC,BAH,YNB+CSM+2% galactose,37,15,min,CAC,WAY_CP43
C4130,#9,Water,matched,,2,C4129|C4206,WAYC,CGD,YNB+CSM+2% galactose,37,30,min,O,WAY_CP44
C4132,#25,Water,matched,,2,C4129|C4206,WAYC,CGD,YNB+CSM+2% galactose,37,30,min,O,WAY_CP44
C4134,#41,Water,matched,,2,C4129|C4206,WAYC,CGD,YNB+CSM+2% galactose,37,30,min,O,WAY_CP44
C4136,#9,Water,matched,,2,C4135|C4212,WAYC,BAH,YNB+CSM+2% galactose,37,30,min,O,WAY_CP44
C4137,#17,Water,matched,,2,C4135|C4212,WAYC,BAH,YNB+CSM+2% galactose,37,30,min,O,WAY_CP44
C4138,#25,Water,matched,,2,C4135|C4212,WAYC,BAH,YNB+CSM+2% galactose,37,30,min,O,WAY_CP44
C4142,#10,DMSO,matched,,1,C4141,WAYC,CGD,YNB+CSM+2% galactose,37,30,min,O,WAY_CP44
C4143,#18,DMSO,matched,,1,C4141,WAYC,CGD,YNB+CSM+2% galactose,37,30,min,O,WAY_CP44
C4146,#42,DMSO,matched,,1,C4141,WAYC,CGD,YNB+CSM+2% galactose,37,30,min,O,WAY_CP44
C4149,#18,DMSO,matched,,1,C4147,WAYC,BAH,YNB+CSM+2% galactose,37,30,min,O,WAY_CP44
C4154,#11,Water,matched,,2,C4129|C4206,WAYC,CGD,YNB+CSM+2% galactose,37,30,min,O,WAY_CP44
C4156,#27,Water,matched,,2,C4129|C4206,WAYC,CGD,YNB+CSM+2% galactose,37,30,min,O,WAY_CP44
C4157,#35,Water,matched,,2,C4129|C4206,WAYC,CGD,YNB+CSM+2% galactose,37,30,min,O,WAY_CP44
C4158,#43,Water,matched,,2,C4129|C4206,WAYC,CGD,YNB+CSM+2% galactose,37,30,min,O,WAY_CP44
C4160,#11,Water,matched,,2,C4135|C4212,WAYC,BAH,YNB+CSM+2% galactose,37,30,min,O,WAY_CP44
C4162,#27,Water,matched,,2,C4135|C4212,WAYC,BAH,YNB+CSM+2% galactose,37,30,min,O,WAY_CP44
C4163,#35,Water,matched,,2,C4135|C4212,WAYC,BAH,YNB+CSM+2% galactose,37,30,min,O,WAY_CP44
C4164,#43,Water,matched,,2,C4135|C4212,WAYC,BAH,YNB+CSM+2% galactose,37,30,min,O,WAY_CP44
C4165,#4,DMSO,matched,,1,C4141,WAYC,CGD,YNB+CSM+2% galactose,37,30,min,O,WAY_CP44
C4166,#12,DMSO,matched,,1,C4141,WAYC,CGD,YNB+CSM+2% galactose,37,30,min,O,WAY_CP44
C4167,#20,DMSO,matched,,1,C4141,WAYC,CGD,YNB+CSM+2% galactose,37,30,min,O,WAY_CP44
C4168,#28,DMSO,matched,,1,C4141,WAYC,CGD,YNB+CSM+2% galactose,37,30,min,O,WAY_CP44
C4170,#44,DMSO,matched,,1,C4141,WAYC,CGD,YNB+CSM+2% galactose,37,30,min,O,WAY_CP44
C4171,#4,DMSO,matched,,1,C4147,WAYC,BAH,YNB+CSM+2% galactose,37,30,min,O,WAY_CP44
C4172,#12,DMSO,matched,,1,C4147,WAYC,BAH,YNB+CSM+2% galactose,37,30,min,O,WAY_CP44
C4173,#20,DMSO,matched,,1,C4147,WAYC,BAH,YNB+CSM+2% galactose,37,30,min,O,WAY_CP44
C4174,#28,DMSO,matched,,1,C4147,WAYC,BAH,YNB+CSM+2% galactose,37,30,min,O,WAY_CP44
C4176,#44,DMSO,matched,,1,C4147,WAYC,BAH,YNB+CSM+2% galactose,37,30,min,O,WAY_CP44
C4178,#13,Water,matched,,2,C4129|C4206,WAYC,CGD,YNB+CSM+2% galactose,37,30,min,O,WAY_CP44
C4179,#21,Water,matched,,2,C4129|C4206,WAYC,CGD,YNB+CSM+2% galactose,37,30,min,O,WAY_CP44
C4180,#29,Water,matched,,2,C4129|C4206,WAYC,CGD,YNB+CSM+2% galactose,37,30,min,O,WAY_CP44
C4182,#45,Water,matched,,2,C4129|C4206,WAYC,CGD,YNB+CSM+2% galactose,37,30,min,O,WAY_CP44
C4184,#13,Water,matched,,2,C4135|C4212,WAYC,BAH,YNB+CSM+2% galactose,37,30,min,O,WAY_CP44
C4185,#21,Water,matched,,2,C4135|C4212,WAYC,BAH,YNB+CSM+2% galactose,37,30,min,O,WAY_CP44
C4186,#29,Water,matched,,2,C4135|C4212,WAYC,BAH,YNB+CSM+2% galactose,37,30,min,O,WAY_CP44
C4188,#45,Water,matched,,2,C4135|C4212,WAYC,BAH,YNB+CSM+2% galactose,37,30,min,O,WAY_CP44
C4189,#6,DMSO,matched,,1,C4141,WAYC,CGD,YNB+CSM+2% galactose,37,30,min,O,WAY_CP44
C4190,#14,DMSO,matched,,1,C4141,WAYC,CGD,YNB+CSM+2% galactose,37,30,min,O,WAY_CP44
C4191,#22,DMSO,matched,,1,C4141,WAYC,CGD,YNB+CSM+2% galactose,37,30,min,O,WAY_CP44
C4192,#30,DMSO,matched,,1,C4141,WAYC,CGD,YNB+CSM+2% galactose,37,30,min,O,WAY_CP44
C4193,#38,DMSO,matched,,1,C4141,WAYC,CGD,YNB+CSM+2% galactose,37,30,min,O,WAY_CP44
C4194,#46,DMSO,matched,,1,C4141,WAYC,CGD,YNB+CSM+2% galactose,37,30,min,O,WAY_CP44
C4196,#14,DMSO,matched,,1,C4147,WAYC,BAH,YNB+CSM+2% galactose,37,30,min,O,WAY_CP44
C4197,#22,DMSO,matched,,1,C4147,WAYC,BAH,YNB+CSM+2% galactose,37,30,min,O,WAY_CP44
C4198,#30,DMSO,matched,,1,C4147,WAYC,BAH,YNB+CSM+2% galactose,37,30,min,O,WAY_CP44
C4199,#38,DMSO,matched,,1,C4147,WAYC,BAH,YNB+CSM+2% galactose,37,30,min,O,WAY_CP44
C4200,#46,DMSO,matched,,1,C4147,WAYC,BAH,YNB+CSM+2% galactose,37,30,min,O,WAY_CP44
C4201,#7,Water,matched,,2,C4129|C4206,WAYC,CGD,YNB+CSM+2% galactose,37,30,min,O,WAY_CP44
C4202,#15,Water,matched,,2,C4129|C4206,WAYC,CGD,YNB+CSM+2% galactose,37,30,min,O,WAY_CP44
C4203,#23,Water,matched,,2,C4129|C4206,WAYC,CGD,YNB+CSM+2% galactose,37,30,min,O,WAY_CP44
C4204,#31,Water,matched,,2,C4129|C4206,WAYC,CGD,YNB+CSM+2% galactose,37,30,min,O,WAY_CP44
C4205,#39,Water,matched,,2,C4129|C4206,WAYC,CGD,YNB+CSM+2% galactose,37,30,min,O,WAY_CP44
C4207,#7,Water,matched,,2,C4135|C4212,WAYC,BAH,YNB+CSM+2% galactose,37,30,min,O,WAY_CP44
C4209,#23,Water,matched,,2,C4135|C4212,WAYC,BAH,YNB+CSM+2% galactose,37,30,min,O,WAY_CP44
C4210,#31,Water,matched,,2,C4135|C4212,WAYC,BAH,YNB+CSM+2% galactose,37,30,min,O,WAY_CP44
C4211,#39,Water,matched,,2,C4135|C4212,WAYC,BAH,YNB+CSM+2% galactose,37,30,min,O,WAY_CP44
C4213,#8,DMSO,matched,,1,C4141,WAYC,CGD,YNB+CSM+2% galactose,37,30,min,O,WAY_CP44
C4217,#40,DMSO,matched,,1,C4141,WAYC,CGD,YNB+CSM+2% galactose,37,30,min,O,WAY_CP44
C4219,#8,DMSO,matched,,1,C4147,WAYC,BAH,YNB+CSM+2% galactose,37,30,min,O,WAY_CP44
C4226,#9,Water,matched,,2,C4225|C4302,WAYC,CGD,YNB+CSM+2% galactose,37,60,min,CAA,WAY_CP45
C4228,#25,Water,matched,,2,C4225|C4302,WAYC,CGD,YNB+CSM+2% galactose,37,60,min,CAA,WAY_CP45
C4232,#9,Water,matched,,2,C4231|C4308,WAYC,BAH,YNB+CSM+2% galactose,37,60,min,CAA,WAY_CP45
C4233,#17,Water,matched,,2,C4231|C4308,WAYC,BAH,YNB+CSM+2% galactose,37,60,min,CAA,WAY_CP45
C4234,#25,Water,matched,,2,C4231|C4308,WAYC,BAH,YNB+CSM+2% galactose,37,60,min,CAA,WAY_CP45
C4236,#41,Water,matched,,2,C4231|C4308,WAYC,BAH,YNB+CSM+2% galactose,37,60,min,CAA,WAY_CP45
C4238,#10,DMSO,matched,,1,C4237,WAYC,CGD,YNB+CSM+2% galactose,37,60,min,CAA,WAY_CP45
C4239,#18,DMSO,matched,,1,C4237,WAYC,CGD,YNB+CSM+2% galactose,37,60,min,CAA,WAY_CP45
C4242,#42,DMSO,matched,,1,C4237,WAYC,CGD,YNB+CSM+2% galactose,37,60,min,CAA,WAY_CP45
C4244,#10,DMSO,unmatched_huber_only,no_exact_requested_solvent_control,0,,WAYC,BAH,YNB+CSM+2% galactose,37,60,min,CAA,WAY_CP45
C4245,#18,DMSO,unmatched_huber_only,no_exact_requested_solvent_control,0,,WAYC,BAH,YNB+CSM+2% galactose,37,60,min,CAA,WAY_CP45
C4248,#42,DMSO,unmatched_huber_only,no_exact_requested_solvent_control,0,,WAYC,BAH,YNB+CSM+2% galactose,37,60,min,CAA,WAY_CP45
C4250,#11,Water,matched,,2,C4225|C4302,WAYC,CGD,YNB+CSM+2% galactose,37,60,min,CAA,WAY_CP45
C4252,#27,Water,matched,,2,C4225|C4302,WAYC,CGD,YNB+CSM+2% galactose,37,60,min,CAA,WAY_CP45
C4253,#35,Water,matched,,2,C4225|C4302,WAYC,CGD,YNB+CSM+2% galactose,37,60,min,CAA,WAY_CP45
C4254,#43,Water,matched,,2,C4225|C4302,WAYC,CGD,YNB+CSM+2% galactose,37,60,min,CAA,WAY_CP45
C4258,#27,Water,matched,,2,C4231|C4308,WAYC,BAH,YNB+CSM+2% galactose,37,60,min,CAA,WAY_CP45
C4260,#43,Water,matched,,2,C4231|C4308,WAYC,BAH,YNB+CSM+2% galactose,37,60,min,CAA,WAY_CP45
C4262,#12,DMSO,matched,,1,C4237,WAYC,CGD,YNB+CSM+2% galactose,37,60,min,CAA,WAY_CP45
C4263,#20,DMSO,matched,,1,C4237,WAYC,CGD,YNB+CSM+2% galactose,37,60,min,CAA,WAY_CP45
C4266,#44,DMSO,matched,,1,C4237,WAYC,CGD,YNB+CSM+2% galactose,37,60,min,CAA,WAY_CP45
C4267,#4,DMSO,unmatched_huber_only,no_exact_requested_solvent_control,0,,WAYC,BAH,YNB+CSM+2% galactose,37,60,min,CAA,WAY_CP45
C4268,#12,DMSO,unmatched_huber_only,no_exact_requested_solvent_control,0,,WAYC,BAH,YNB+CSM+2% galactose,37,60,min,CAA,WAY_CP45
C4269,#20,DMSO,unmatched_huber_only,no_exact_requested_solvent_control,0,,WAYC,BAH,YNB+CSM+2% galactose,37,60,min,CAA,WAY_CP45
C4270,#28,DMSO,unmatched_huber_only,no_exact_requested_solvent_control,0,,WAYC,BAH,YNB+CSM+2% galactose,37,60,min,CAA,WAY_CP45
C4274,#13,Water,matched,,2,C4225|C4302,WAYC,CGD,YNB+CSM+2% galactose,37,60,min,CAA,WAY_CP45
C4275,#21,Water,matched,,2,C4225|C4302,WAYC,CGD,YNB+CSM+2% galactose,37,60,min,CAA,WAY_CP45
C4276,#29,Water,matched,,2,C4225|C4302,WAYC,CGD,YNB+CSM+2% galactose,37,60,min,CAA,WAY_CP45
C4278,#45,Water,matched,,2,C4225|C4302,WAYC,CGD,YNB+CSM+2% galactose,37,60,min,CAA,WAY_CP45
C4280,#13,Water,matched,,2,C4231|C4308,WAYC,BAH,YNB+CSM+2% galactose,37,60,min,CAA,WAY_CP45
C4281,#21,Water,matched,,2,C4231|C4308,WAYC,BAH,YNB+CSM+2% galactose,37,60,min,CAA,WAY_CP45
C4282,#29,Water,matched,,2,C4231|C4308,WAYC,BAH,YNB+CSM+2% galactose,37,60,min,CAA,WAY_CP45
C4284,#45,Water,matched,,2,C4231|C4308,WAYC,BAH,YNB+CSM+2% galactose,37,60,min,CAA,WAY_CP45
C4285,#6,DMSO,matched,,1,C4237,WAYC,CGD,YNB+CSM+2% galactose,37,60,min,CAA,WAY_CP45
C4286,#14,DMSO,matched,,1,C4237,WAYC,CGD,YNB+CSM+2% galactose,37,60,min,CAA,WAY_CP45
C4287,#22,DMSO,matched,,1,C4237,WAYC,CGD,YNB+CSM+2% galactose,37,60,min,CAA,WAY_CP45
C4288,#30,DMSO,matched,,1,C4237,WAYC,CGD,YNB+CSM+2% galactose,37,60,min,CAA,WAY_CP45
C4289,#38,DMSO,matched,,1,C4237,WAYC,CGD,YNB+CSM+2% galactose,37,60,min,CAA,WAY_CP45
C4290,#46,DMSO,matched,,1,C4237,WAYC,CGD,YNB+CSM+2% galactose,37,60,min,CAA,WAY_CP45
C4292,#14,DMSO,unmatched_huber_only,no_exact_requested_solvent_control,0,,WAYC,BAH,YNB+CSM+2% galactose,37,60,min,CAA,WAY_CP45
C4293,#22,DMSO,unmatched_huber_only,no_exact_requested_solvent_control,0,,WAYC,BAH,YNB+CSM+2% galactose,37,60,min,CAA,WAY_CP45
C4294,#30,DMSO,unmatched_huber_only,no_exact_requested_solvent_control,0,,WAYC,BAH,YNB+CSM+2% galactose,37,60,min,CAA,WAY_CP45
C4295,#38,DMSO,unmatched_huber_only,no_exact_requested_solvent_control,0,,WAYC,BAH,YNB+CSM+2% galactose,37,60,min,CAA,WAY_CP45
C4296,#46,DMSO,unmatched_huber_only,no_exact_requested_solvent_control,0,,WAYC,BAH,YNB+CSM+2% galactose,37,60,min,CAA,WAY_CP45
C4297,#7,Water,matched,,2,C4225|C4302,WAYC,CGD,YNB+CSM+2% galactose,37,60,min,CAA,WAY_CP45
C4298,#15,Water,matched,,2,C4225|C4302,WAYC,CGD,YNB+CSM+2% galactose,37,60,min,CAA,WAY_CP45
C4299,#23,Water,matched,,2,C4225|C4302,WAYC,CGD,YNB+CSM+2% galactose,37,60,min,CAA,WAY_CP45
C4300,#31,Water,matched,,2,C4225|C4302,WAYC,CGD,YNB+CSM+2% galactose,37,60,min,CAA,WAY_CP45
C4301,#39,Water,matched,,2,C4225|C4302,WAYC,CGD,YNB+CSM+2% galactose,37,60,min,CAA,WAY_CP45
C4303,#7,Water,matched,,2,C4231|C4308,WAYC,BAH,YNB+CSM+2% galactose,37,60,min,CAA,WAY_CP45
C4304,#15,Water,matched,,2,C4231|C4308,WAYC,BAH,YNB+CSM+2% galactose,37,60,min,CAA,WAY_CP45
C4306,#31,Water,matched,,2,C4231|C4308,WAYC,BAH,YNB+CSM+2% galactose,37,60,min,CAA,WAY_CP45
C4307,#39,Water,matched,,2,C4231|C4308,WAYC,BAH,YNB+CSM+2% galactose,37,60,min,CAA,WAY_CP45
C4309,#8,DMSO,matched,,1,C4237,WAYC,CGD,YNB+CSM+2% galactose,37,60,min,CAA,WAY_CP45
C4313,#40,DMSO,matched,,1,C4237,WAYC,CGD,YNB+CSM+2% galactose,37,60,min,CAA,WAY_CP45
C4315,#8,DMSO,unmatched_huber_only,no_exact_requested_solvent_control,0,,WAYC,BAH,YNB+CSM+2% galactose,37,60,min,CAA,WAY_CP45
C4319,#40,DMSO,unmatched_huber_only,no_exact_requested_solvent_control,0,,WAYC,BAH,YNB+CSM+2% galactose,37,60,min,CAA,WAY_CP45
C4322,#9,Water,matched,,2,C4321|C4398,WAYC,CGD,YNB+CSM+2% galactose,37,90,min,O,WAY_CP46
C4324,#25,Water,matched,,2,C4321|C4398,WAYC,CGD,YNB+CSM+2% galactose,37,90,min,O,WAY_CP46
C4326,#41,Water,matched,,2,C4321|C4398,WAYC,CGD,YNB+CSM+2% galactose,37,90,min,O,WAY_CP46
C4328,#9,Water,matched,,2,C4327|C4404,WAYC,BAH,YNB+CSM+2% galactose,37,90,min,O,WAY_CP46
C4329,#17,Water,matched,,2,C4327|C4404,WAYC,BAH,YNB+CSM+2% galactose,37,90,min,O,WAY_CP46
C4330,#25,Water,matched,,2,C4327|C4404,WAYC,BAH,YNB+CSM+2% galactose,37,90,min,O,WAY_CP46
C4332,#41,Water,matched,,2,C4327|C4404,WAYC,BAH,YNB+CSM+2% galactose,37,90,min,O,WAY_CP46
C4334,#10,DMSO,matched,,1,C4333,WAYC,CGD,YNB+CSM+2% galactose,37,90,min,O,WAY_CP46
C4335,#18,DMSO,matched,,1,C4333,WAYC,CGD,YNB+CSM+2% galactose,37,90,min,O,WAY_CP46
C4338,#42,DMSO,matched,,1,C4333,WAYC,CGD,YNB+CSM+2% galactose,37,90,min,O,WAY_CP46
C4340,#10,DMSO,matched,,1,C4339,WAYC,BAH,YNB+CSM+2% galactose,37,90,min,O,WAY_CP46
C4341,#18,DMSO,matched,,1,C4339,WAYC,BAH,YNB+CSM+2% galactose,37,90,min,O,WAY_CP46
C4344,#42,DMSO,matched,,1,C4339,WAYC,BAH,YNB+CSM+2% galactose,37,90,min,O,WAY_CP46
C4346,#11,Water,matched,,2,C4321|C4398,WAYC,CGD,YNB+CSM+2% galactose,37,90,min,O,WAY_CP46
C4348,#27,Water,matched,,2,C4321|C4398,WAYC,CGD,YNB+CSM+2% galactose,37,90,min,O,WAY_CP46
C4349,#35,Water,matched,,2,C4321|C4398,WAYC,CGD,YNB+CSM+2% galactose,37,90,min,O,WAY_CP46
C4350,#43,Water,matched,,2,C4321|C4398,WAYC,CGD,YNB+CSM+2% galactose,37,90,min,O,WAY_CP46
C4352,#11,Water,matched,,2,C4327|C4404,WAYC,BAH,YNB+CSM+2% galactose,37,90,min,O,WAY_CP46
C4354,#27,Water,matched,,2,C4327|C4404,WAYC,BAH,YNB+CSM+2% galactose,37,90,min,O,WAY_CP46
C4356,#43,Water,matched,,2,C4327|C4404,WAYC,BAH,YNB+CSM+2% galactose,37,90,min,O,WAY_CP46
C4357,#4,DMSO,matched,,1,C4333,WAYC,CGD,YNB+CSM+2% galactose,37,90,min,O,WAY_CP46
C4358,#12,DMSO,matched,,1,C4333,WAYC,CGD,YNB+CSM+2% galactose,37,90,min,O,WAY_CP46
C4359,#20,DMSO,matched,,1,C4333,WAYC,CGD,YNB+CSM+2% galactose,37,90,min,O,WAY_CP46
C4360,#28,DMSO,matched,,1,C4333,WAYC,CGD,YNB+CSM+2% galactose,37,90,min,O,WAY_CP46
C4362,#44,DMSO,matched,,1,C4333,WAYC,CGD,YNB+CSM+2% galactose,37,90,min,O,WAY_CP46
C4363,#4,DMSO,matched,,1,C4339,WAYC,BAH,YNB+CSM+2% galactose,37,90,min,O,WAY_CP46
C4364,#12,DMSO,matched,,1,C4339,WAYC,BAH,YNB+CSM+2% galactose,37,90,min,O,WAY_CP46
C4365,#20,DMSO,matched,,1,C4339,WAYC,BAH,YNB+CSM+2% galactose,37,90,min,O,WAY_CP46
C4366,#28,DMSO,matched,,1,C4339,WAYC,BAH,YNB+CSM+2% galactose,37,90,min,O,WAY_CP46
C4368,#44,DMSO,matched,,1,C4339,WAYC,BAH,YNB+CSM+2% galactose,37,90,min,O,WAY_CP46
C4370,#13,Water,matched,,2,C4321|C4398,WAYC,CGD,YNB+CSM+2% galactose,37,90,min,O,WAY_CP46
C4371,#21,Water,matched,,2,C4321|C4398,WAYC,CGD,YNB+CSM+2% galactose,37,90,min,O,WAY_CP46
C4372,#29,Water,matched,,2,C4321|C4398,WAYC,CGD,YNB+CSM+2% galactose,37,90,min,O,WAY_CP46
C4374,#45,Water,matched,,2,C4321|C4398,WAYC,CGD,YNB+CSM+2% galactose,37,90,min,O,WAY_CP46
C4376,#13,Water,matched,,2,C4327|C4404,WAYC,BAH,YNB+CSM+2% galactose,37,90,min,O,WAY_CP46
C4377,#21,Water,matched,,2,C4327|C4404,WAYC,BAH,YNB+CSM+2% galactose,37,90,min,O,WAY_CP46
C4378,#29,Water,matched,,2,C4327|C4404,WAYC,BAH,YNB+CSM+2% galactose,37,90,min,O,WAY_CP46
C4380,#45,Water,matched,,2,C4327|C4404,WAYC,BAH,YNB+CSM+2% galactose,37,90,min,O,WAY_CP46
C4381,#6,DMSO,matched,,1,C4333,WAYC,CGD,YNB+CSM+2% galactose,37,90,min,O,WAY_CP46
C4382,#14,DMSO,matched,,1,C4333,WAYC,CGD,YNB+CSM+2% galactose,37,90,min,O,WAY_CP46
C4383,#22,DMSO,matched,,1,C4333,WAYC,CGD,YNB+CSM+2% galactose,37,90,min,O,WAY_CP46
C4384,#30,DMSO,matched,,1,C4333,WAYC,CGD,YNB+CSM+2% galactose,37,90,min,O,WAY_CP46
C4385,#38,DMSO,matched,,1,C4333,WAYC,CGD,YNB+CSM+2% galactose,37,90,min,O,WAY_CP46
C4386,#46,DMSO,matched,,1,C4333,WAYC,CGD,YNB+CSM+2% galactose,37,90,min,O,WAY_CP46
C4388,#14,DMSO,matched,,1,C4339,WAYC,BAH,YNB+CSM+2% galactose,37,90,min,O,WAY_CP46
C4389,#22,DMSO,matched,,1,C4339,WAYC,BAH,YNB+CSM+2% galactose,37,90,min,O,WAY_CP46
C4390,#30,DMSO,matched,,1,C4339,WAYC,BAH,YNB+CSM+2% galactose,37,90,min,O,WAY_CP46
C4391,#38,DMSO,matched,,1,C4339,WAYC,BAH,YNB+CSM+2% galactose,37,90,min,O,WAY_CP46
C4392,#46,DMSO,matched,,1,C4339,WAYC,BAH,YNB+CSM+2% galactose,37,90,min,O,WAY_CP46
C4393,#7,Water,matched,,2,C4321|C4398,WAYC,CGD,YNB+CSM+2% galactose,37,90,min,O,WAY_CP46
C4394,#15,Water,matched,,2,C4321|C4398,WAYC,CGD,YNB+CSM+2% galactose,37,90,min,O,WAY_CP46
C4395,#23,Water,matched,,2,C4321|C4398,WAYC,CGD,YNB+CSM+2% galactose,37,90,min,O,WAY_CP46
C4396,#31,Water,matched,,2,C4321|C4398,WAYC,CGD,YNB+CSM+2% galactose,37,90,min,O,WAY_CP46
C4397,#39,Water,matched,,2,C4321|C4398,WAYC,CGD,YNB+CSM+2% galactose,37,90,min,O,WAY_CP46
C4399,#7,Water,matched,,2,C4327|C4404,WAYC,BAH,YNB+CSM+2% galactose,37,90,min,O,WAY_CP46
C4400,#15,Water,matched,,2,C4327|C4404,WAYC,BAH,YNB+CSM+2% galactose,37,90,min,O,WAY_CP46
C4401,#23,Water,matched,,2,C4327|C4404,WAYC,BAH,YNB+CSM+2% galactose,37,90,min,O,WAY_CP46
C4402,#31,Water,matched,,2,C4327|C4404,WAYC,BAH,YNB+CSM+2% galactose,37,90,min,O,WAY_CP46
C4403,#39,Water,matched,,2,C4327|C4404,WAYC,BAH,YNB+CSM+2% galactose,37,90,min,O,WAY_CP46
C4405,#8,DMSO,matched,,1,C4333,WAYC,CGD,YNB+CSM+2% galactose,37,90,min,O,WAY_CP46
C4409,#40,DMSO,matched,,1,C4333,WAYC,CGD,YNB+CSM+2% galactose,37,90,min,O,WAY_CP46
C4411,#8,DMSO,matched,,1,C4339,WAYC,BAH,YNB+CSM+2% galactose,37,90,min,O,WAY_CP46
C4415,#40,DMSO,matched,,1,C4339,WAYC,BAH,YNB+CSM+2% galactose,37,90,min,O,WAY_CP46
C4514,#9,Water,matched,,2,C4513|C4590,WAYC,CGD,YNB+CSM+2% galactose,37,240,min,O,WAY_CP48
C4516,#25,Water,matched,,2,C4513|C4590,WAYC,CGD,YNB+CSM+2% galactose,37,240,min,O,WAY_CP48
C4518,#41,Water,matched,,2,C4513|C4590,WAYC,CGD,YNB+CSM+2% galactose,37,240,min,O,WAY_CP48
C4520,#9,Water,unmatched_huber_only,no_exact_requested_solvent_control,0,,WAYC,BAH,YNB+CSM+2% galactose,37,240,min,O,WAY_CP48
C4521,#17,Water,unmatched_huber_only,no_exact_requested_solvent_control,0,,WAYC,BAH,YNB+CSM+2% galactose,37,240,min,O,WAY_CP48
C4522,#25,Water,unmatched_huber_only,no_exact_requested_solvent_control,0,,WAYC,BAH,YNB+CSM+2% galactose,37,240,min,O,WAY_CP48
C4524,#41,Water,unmatched_huber_only,no_exact_requested_solvent_control,0,,WAYC,BAH,YNB+CSM+2% galactose,37,240,min,O,WAY_CP48
C4526,#10,DMSO,matched,,1,C4525,WAYC,CGD,YNB+CSM+2% galactose,37,240,min,O,WAY_CP48
C4527,#18,DMSO,matched,,1,C4525,WAYC,CGD,YNB+CSM+2% galactose,37,240,min,O,WAY_CP48
C4530,#42,DMSO,matched,,1,C4525,WAYC,CGD,YNB+CSM+2% galactose,37,240,min,O,WAY_CP48
C4532,#10,DMSO,matched,,1,C4531,WAYC,BAH,YNB+CSM+2% galactose,37,240,min,O,WAY_CP48
C4533,#18,DMSO,matched,,1,C4531,WAYC,BAH,YNB+CSM+2% galactose,37,240,min,O,WAY_CP48
C4536,#42,DMSO,matched,,1,C4531,WAYC,BAH,YNB+CSM+2% galactose,37,240,min,O,WAY_CP48
C4538,#11,Water,matched,,2,C4513|C4590,WAYC,CGD,YNB+CSM+2% galactose,37,240,min,O,WAY_CP48
C4540,#27,Water,matched,,2,C4513|C4590,WAYC,CGD,YNB+CSM+2% galactose,37,240,min,O,WAY_CP48
C4542,#43,Water,matched,,2,C4513|C4590,WAYC,CGD,YNB+CSM+2% galactose,37,240,min,O,WAY_CP48
C4544,#11,Water,unmatched_huber_only,no_exact_requested_solvent_control,0,,WAYC,BAH,YNB+CSM+2% galactose,37,240,min,O,WAY_CP48
C4546,#27,Water,unmatched_huber_only,no_exact_requested_solvent_control,0,,WAYC,BAH,YNB+CSM+2% galactose,37,240,min,O,WAY_CP48
C4547,#35,Water,unmatched_huber_only,no_exact_requested_solvent_control,0,,WAYC,BAH,YNB+CSM+2% galactose,37,240,min,O,WAY_CP48
C4548,#43,Water,unmatched_huber_only,no_exact_requested_solvent_control,0,,WAYC,BAH,YNB+CSM+2% galactose,37,240,min,O,WAY_CP48
C4549,#4,DMSO,matched,,1,C4525,WAYC,CGD,YNB+CSM+2% galactose,37,240,min,O,WAY_CP48
C4550,#12,DMSO,matched,,1,C4525,WAYC,CGD,YNB+CSM+2% galactose,37,240,min,O,WAY_CP48
C4551,#20,DMSO,matched,,1,C4525,WAYC,CGD,YNB+CSM+2% galactose,37,240,min,O,WAY_CP48
C4552,#28,DMSO,matched,,1,C4525,WAYC,CGD,YNB+CSM+2% galactose,37,240,min,O,WAY_CP48
C4554,#44,DMSO,matched,,1,C4525,WAYC,CGD,YNB+CSM+2% galactose,37,240,min,O,WAY_CP48
C4555,#4,DMSO,matched,,1,C4531,WAYC,BAH,YNB+CSM+2% galactose,37,240,min,O,WAY_CP48
C4556,#12,DMSO,matched,,1,C4531,WAYC,BAH,YNB+CSM+2% galactose,37,240,min,O,WAY_CP48
C4557,#20,DMSO,matched,,1,C4531,WAYC,BAH,YNB+CSM+2% galactose,37,240,min,O,WAY_CP48
C4558,#28,DMSO,matched,,1,C4531,WAYC,BAH,YNB+CSM+2% galactose,37,240,min,O,WAY_CP48
C4560,#44,DMSO,matched,,1,C4531,WAYC,BAH,YNB+CSM+2% galactose,37,240,min,O,WAY_CP48
C4562,#13,Water,matched,,2,C4513|C4590,WAYC,CGD,YNB+CSM+2% galactose,37,240,min,O,WAY_CP48
C4563,#21,Water,matched,,2,C4513|C4590,WAYC,CGD,YNB+CSM+2% galactose,37,240,min,O,WAY_CP48
C4564,#29,Water,matched,,2,C4513|C4590,WAYC,CGD,YNB+CSM+2% galactose,37,240,min,O,WAY_CP48
C4566,#45,Water,matched,,2,C4513|C4590,WAYC,CGD,YNB+CSM+2% galactose,37,240,min,O,WAY_CP48
C4568,#13,Water,unmatched_huber_only,no_exact_requested_solvent_control,0,,WAYC,BAH,YNB+CSM+2% galactose,37,240,min,O,WAY_CP48
C4569,#21,Water,unmatched_huber_only,no_exact_requested_solvent_control,0,,WAYC,BAH,YNB+CSM+2% galactose,37,240,min,O,WAY_CP48
C4570,#29,Water,unmatched_huber_only,no_exact_requested_solvent_control,0,,WAYC,BAH,YNB+CSM+2% galactose,37,240,min,O,WAY_CP48
C4572,#45,Water,unmatched_huber_only,no_exact_requested_solvent_control,0,,WAYC,BAH,YNB+CSM+2% galactose,37,240,min,O,WAY_CP48
C4573,#6,DMSO,matched,,1,C4525,WAYC,CGD,YNB+CSM+2% galactose,37,240,min,O,WAY_CP48
C4574,#14,DMSO,matched,,1,C4525,WAYC,CGD,YNB+CSM+2% galactose,37,240,min,O,WAY_CP48
C4575,#22,DMSO,matched,,1,C4525,WAYC,CGD,YNB+CSM+2% galactose,37,240,min,O,WAY_CP48
C4576,#30,DMSO,matched,,1,C4525,WAYC,CGD,YNB+CSM+2% galactose,37,240,min,O,WAY_CP48
C4577,#38,DMSO,matched,,1,C4525,WAYC,CGD,YNB+CSM+2% galactose,37,240,min,O,WAY_CP48
C4578,#46,DMSO,matched,,1,C4525,WAYC,CGD,YNB+CSM+2% galactose,37,240,min,O,WAY_CP48
C4580,#14,DMSO,matched,,1,C4531,WAYC,BAH,YNB+CSM+2% galactose,37,240,min,O,WAY_CP48
C4581,#22,DMSO,matched,,1,C4531,WAYC,BAH,YNB+CSM+2% galactose,37,240,min,O,WAY_CP48
C4582,#30,DMSO,matched,,1,C4531,WAYC,BAH,YNB+CSM+2% galactose,37,240,min,O,WAY_CP48
C4583,#38,DMSO,matched,,1,C4531,WAYC,BAH,YNB+CSM+2% galactose,37,240,min,O,WAY_CP48
C4584,#46,DMSO,matched,,1,C4531,WAYC,BAH,YNB+CSM+2% galactose,37,240,min,O,WAY_CP48
C4585,#7,Water,matched,,2,C4513|C4590,WAYC,CGD,YNB+CSM+2% galactose,37,240,min,O,WAY_CP48
C4586,#15,Water,matched,,2,C4513|C4590,WAYC,CGD,YNB+CSM+2% galactose,37,240,min,O,WAY_CP48
C4587,#23,Water,matched,,2,C4513|C4590,WAYC,CGD,YNB+CSM+2% galactose,37,240,min,O,WAY_CP48
C4588,#31,Water,matched,,2,C4513|C4590,WAYC,CGD,YNB+CSM+2% galactose,37,240,min,O,WAY_CP48
C4589,#39,Water,matched,,2,C4513|C4590,WAYC,CGD,YNB+CSM+2% galactose,37,240,min,O,WAY_CP48
C4591,#7,Water,unmatched_huber_only,no_exact_requested_solvent_control,0,,WAYC,BAH,YNB+CSM+2% galactose,37,240,min,O,WAY_CP48
C4592,#15,Water,unmatched_huber_only,no_exact_requested_solvent_control,0,,WAYC,BAH,YNB+CSM+2% galactose,37,240,min,O,WAY_CP48
C4593,#23,Water,unmatched_huber_only,no_exact_requested_solvent_control,0,,WAYC,BAH,YNB+CSM+2% galactose,37,240,min,O,WAY_CP48
C4594,#31,Water,unmatched_huber_only,no_exact_requested_solvent_control,0,,WAYC,BAH,YNB+CSM+2% galactose,37,240,min,O,WAY_CP48
C4595,#39,Water,unmatched_huber_only,no_exact_requested_solvent_control,0,,WAYC,BAH,YNB+CSM+2% galactose,37,240,min,O,WAY_CP48
C4597,#8,DMSO,matched,,1,C4525,WAYC,CGD,YNB+CSM+2% galactose,37,240,min,O,WAY_CP48
C4601,#40,DMSO,matched,,1,C4525,WAYC,CGD,YNB+CSM+2% galactose,37,240,min,O,WAY_CP48
C4603,#8,DMSO,matched,,1,C4531,WAYC,BAH,YNB+CSM+2% galactose,37,240,min,O,WAY_CP48
C4607,#40,DMSO,matched,,1,C4531,WAYC,BAH,YNB+CSM+2% galactose,37,240,min,O,WAY_CP48
C4616,#9,Water,matched,,1,C4615,WAYC,CEK,YNB+CSM+2% glucose,30,15,min,O,WAY_CP49
C4617,#17,Water,matched,,1,C4615,WAYC,CEK,YNB+CSM+2% glucose,30,15,min,O,WAY_CP49
C4618,#25,Water,matched,,1,C4615,WAYC,CEK,YNB+CSM+2% glucose,30,15,min,O,WAY_CP49
C4620,#41,Water,matched,,1,C4615,WAYC,CEK,YNB+CSM+2% glucose,30,15,min,O,WAY_CP49
C4628,#10,DMSO,matched,,1,C4627,WAYC,CEK,YNB+CSM+2% glucose,30,15,min,O,WAY_CP49
C4629,#18,DMSO,matched,,1,C4627,WAYC,CEK,YNB+CSM+2% glucose,30,15,min,O,WAY_CP49
C4632,#42,DMSO,matched,,1,C4627,WAYC,CEK,YNB+CSM+2% glucose,30,15,min,O,WAY_CP49
C4640,#11,Water,matched,,1,C4615,WAYC,CEK,YNB+CSM+2% glucose,30,15,min,O,WAY_CP49
C4642,#27,Water,matched,,1,C4615,WAYC,CEK,YNB+CSM+2% glucose,30,15,min,O,WAY_CP49
C4644,#43,Water,matched,,1,C4615,WAYC,CEK,YNB+CSM+2% glucose,30,15,min,O,WAY_CP49
C4651,#4,DMSO,matched,,1,C4627,WAYC,CEK,YNB+CSM+2% glucose,30,15,min,O,WAY_CP49
C4652,#12,DMSO,matched,,1,C4627,WAYC,CEK,YNB+CSM+2% glucose,30,15,min,O,WAY_CP49
C4653,#20,DMSO,matched,,1,C4627,WAYC,CEK,YNB+CSM+2% glucose,30,15,min,O,WAY_CP49
C4654,#28,DMSO,matched,,1,C4627,WAYC,CEK,YNB+CSM+2% glucose,30,15,min,O,WAY_CP49
C4656,#44,DMSO,matched,,1,C4627,WAYC,CEK,YNB+CSM+2% glucose,30,15,min,O,WAY_CP49
C4664,#13,Water,matched,,1,C4615,WAYC,CEK,YNB+CSM+2% glucose,30,15,min,O,WAY_CP49
C4665,#21,Water,matched,,1,C4615,WAYC,CEK,YNB+CSM+2% glucose,30,15,min,O,WAY_CP49
C4666,#29,Water,matched,,1,C4615,WAYC,CEK,YNB+CSM+2% glucose,30,15,min,O,WAY_CP49
C4668,#45,Water,matched,,1,C4615,WAYC,CEK,YNB+CSM+2% glucose,30,15,min,O,WAY_CP49
C4675,#6,DMSO,matched,,1,C4627,WAYC,CEK,YNB+CSM+2% glucose,30,15,min,O,WAY_CP49
C4676,#14,DMSO,matched,,1,C4627,WAYC,CEK,YNB+CSM+2% glucose,30,15,min,O,WAY_CP49
C4677,#22,DMSO,matched,,1,C4627,WAYC,CEK,YNB+CSM+2% glucose,30,15,min,O,WAY_CP49
C4678,#30,DMSO,matched,,1,C4627,WAYC,CEK,YNB+CSM+2% glucose,30,15,min,O,WAY_CP49
C4679,#38,DMSO,matched,,1,C4627,WAYC,CEK,YNB+CSM+2% glucose,30,15,min,O,WAY_CP49
C4680,#46,DMSO,matched,,1,C4627,WAYC,CEK,YNB+CSM+2% glucose,30,15,min,O,WAY_CP49
C4688,#15,Water,matched,,1,C4615,WAYC,CEK,YNB+CSM+2% glucose,30,15,min,O,WAY_CP49
C4689,#23,Water,matched,,1,C4615,WAYC,CEK,YNB+CSM+2% glucose,30,15,min,O,WAY_CP49
C4690,#31,Water,matched,,1,C4615,WAYC,CEK,YNB+CSM+2% glucose,30,15,min,O,WAY_CP49
C4691,#39,Water,matched,,1,C4615,WAYC,CEK,YNB+CSM+2% glucose,30,15,min,O,WAY_CP49
C4699,#8,DMSO,matched,,1,C4627,WAYC,CEK,YNB+CSM+2% glucose,30,15,min,O,WAY_CP49
C4712,#9,Water,matched,,1,C4711,WAYC,CEK,YNB+CSM+2% glucose,30,30,min,O,WAY_CP50
C4713,#17,Water,matched,,1,C4711,WAYC,CEK,YNB+CSM+2% glucose,30,30,min,O,WAY_CP50
C4714,#25,Water,matched,,1,C4711,WAYC,CEK,YNB+CSM+2% glucose,30,30,min,O,WAY_CP50
C4724,#10,DMSO,matched,,1,C4723,WAYC,CEK,YNB+CSM+2% glucose,30,30,min,O,WAY_CP50
C4725,#18,DMSO,matched,,1,C4723,WAYC,CEK,YNB+CSM+2% glucose,30,30,min,O,WAY_CP50
C4728,#42,DMSO,matched,,1,C4723,WAYC,CEK,YNB+CSM+2% glucose,30,30,min,O,WAY_CP50
C4736,#11,Water,matched,,1,C4711,WAYC,CEK,YNB+CSM+2% glucose,30,30,min,O,WAY_CP50
C4738,#27,Water,matched,,1,C4711,WAYC,CEK,YNB+CSM+2% glucose,30,30,min,O,WAY_CP50
C4740,#43,Water,matched,,1,C4711,WAYC,CEK,YNB+CSM+2% glucose,30,30,min,O,WAY_CP50
C4747,#4,DMSO,matched,,1,C4723,WAYC,CEK,YNB+CSM+2% glucose,30,30,min,O,WAY_CP50
C4748,#12,DMSO,matched,,1,C4723,WAYC,CEK,YNB+CSM+2% glucose,30,30,min,O,WAY_CP50
C4749,#20,DMSO,matched,,1,C4723,WAYC,CEK,YNB+CSM+2% glucose,30,30,min,O,WAY_CP50
C4750,#28,DMSO,matched,,1,C4723,WAYC,CEK,YNB+CSM+2% glucose,30,30,min,O,WAY_CP50
C4752,#44,DMSO,matched,,1,C4723,WAYC,CEK,YNB+CSM+2% glucose,30,30,min,O,WAY_CP50
C4760,#13,Water,matched,,1,C4711,WAYC,CEK,YNB+CSM+2% glucose,30,30,min,O,WAY_CP50
C4761,#21,Water,matched,,1,C4711,WAYC,CEK,YNB+CSM+2% glucose,30,30,min,O,WAY_CP50
C4762,#29,Water,matched,,1,C4711,WAYC,CEK,YNB+CSM+2% glucose,30,30,min,O,WAY_CP50
C4764,#45,Water,matched,,1,C4711,WAYC,CEK,YNB+CSM+2% glucose,30,30,min,O,WAY_CP50
C4772,#14,DMSO,matched,,1,C4723,WAYC,CEK,YNB+CSM+2% glucose,30,30,min,O,WAY_CP50
C4773,#22,DMSO,matched,,1,C4723,WAYC,CEK,YNB+CSM+2% glucose,30,30,min,O,WAY_CP50
C4774,#30,DMSO,matched,,1,C4723,WAYC,CEK,YNB+CSM+2% glucose,30,30,min,O,WAY_CP50
C4775,#38,DMSO,matched,,1,C4723,WAYC,CEK,YNB+CSM+2% glucose,30,30,min,O,WAY_CP50
C4776,#46,DMSO,matched,,1,C4723,WAYC,CEK,YNB+CSM+2% glucose,30,30,min,O,WAY_CP50
C4783,#7,Water,matched,,1,C4711,WAYC,CEK,YNB+CSM+2% glucose,30,30,min,O,WAY_CP50
C4784,#15,Water,matched,,1,C4711,WAYC,CEK,YNB+CSM+2% glucose,30,30,min,O,WAY_CP50
C4785,#23,Water,matched,,1,C4711,WAYC,CEK,YNB+CSM+2% glucose,30,30,min,O,WAY_CP50
C4786,#31,Water,matched,,1,C4711,WAYC,CEK,YNB+CSM+2% glucose,30,30,min,O,WAY_CP50
C4787,#39,Water,matched,,1,C4711,WAYC,CEK,YNB+CSM+2% glucose,30,30,min,O,WAY_CP50
C4795,#8,DMSO,matched,,1,C4723,WAYC,CEK,YNB+CSM+2% glucose,30,30,min,O,WAY_CP50
C4799,#40,DMSO,matched,,1,C4723,WAYC,CEK,YNB+CSM+2% glucose,30,30,min,O,WAY_CP50
C4808,#9,Water,matched,,1,C4807,WAYC,CEK,YNB+CSM+2% glucose,30,60,min,O,WAY_CP51
C4809,#17,Water,matched,,1,C4807,WAYC,CEK,YNB+CSM+2% glucose,30,60,min,O,WAY_CP51
C4810,#25,Water,matched,,1,C4807,WAYC,CEK,YNB+CSM+2% glucose,30,60,min,O,WAY_CP51
C4812,#41,Water,matched,,1,C4807,WAYC,CEK,YNB+CSM+2% glucose,30,60,min,O,WAY_CP51
C4820,#10,DMSO,matched,,1,C4819,WAYC,CEK,YNB+CSM+2% glucose,30,60,min,O,WAY_CP51
C4821,#18,DMSO,matched,,1,C4819,WAYC,CEK,YNB+CSM+2% glucose,30,60,min,O,WAY_CP51
C4824,#42,DMSO,matched,,1,C4819,WAYC,CEK,YNB+CSM+2% glucose,30,60,min,O,WAY_CP51
C4832,#11,Water,matched,,1,C4807,WAYC,CEK,YNB+CSM+2% glucose,30,60,min,O,WAY_CP51
C4834,#27,Water,matched,,1,C4807,WAYC,CEK,YNB+CSM+2% glucose,30,60,min,O,WAY_CP51
C4835,#35,Water,matched,,1,C4807,WAYC,CEK,YNB+CSM+2% glucose,30,60,min,O,WAY_CP51
C4836,#43,Water,matched,,1,C4807,WAYC,CEK,YNB+CSM+2% glucose,30,60,min,O,WAY_CP51
C4843,#4,DMSO,matched,,1,C4819,WAYC,CEK,YNB+CSM+2% glucose,30,60,min,O,WAY_CP51
C4844,#12,DMSO,matched,,1,C4819,WAYC,CEK,YNB+CSM+2% glucose,30,60,min,O,WAY_CP51
C4845,#20,DMSO,matched,,1,C4819,WAYC,CEK,YNB+CSM+2% glucose,30,60,min,O,WAY_CP51
C4846,#28,DMSO,matched,,1,C4819,WAYC,CEK,YNB+CSM+2% glucose,30,60,min,O,WAY_CP51
C4848,#44,DMSO,matched,,1,C4819,WAYC,CEK,YNB+CSM+2% glucose,30,60,min,O,WAY_CP51
C4856,#13,Water,matched,,1,C4807,WAYC,CEK,YNB+CSM+2% glucose,30,60,min,O,WAY_CP51
C4857,#21,Water,matched,,1,C4807,WAYC,CEK,YNB+CSM+2% glucose,30,60,min,O,WAY_CP51
C4858,#29,Water,matched,,1,C4807,WAYC,CEK,YNB+CSM+2% glucose,30,60,min,O,WAY_CP51
C4860,#45,Water,matched,,1,C4807,WAYC,CEK,YNB+CSM+2% glucose,30,60,min,O,WAY_CP51
C4867,#6,DMSO,matched,,1,C4819,WAYC,CEK,YNB+CSM+2% glucose,30,60,min,O,WAY_CP51
C4868,#14,DMSO,matched,,1,C4819,WAYC,CEK,YNB+CSM+2% glucose,30,60,min,O,WAY_CP51
C4869,#22,DMSO,matched,,1,C4819,WAYC,CEK,YNB+CSM+2% glucose,30,60,min,O,WAY_CP51
C4871,#38,DMSO,matched,,1,C4819,WAYC,CEK,YNB+CSM+2% glucose,30,60,min,O,WAY_CP51
C4872,#46,DMSO,matched,,1,C4819,WAYC,CEK,YNB+CSM+2% glucose,30,60,min,O,WAY_CP51
C4879,#7,Water,matched,,1,C4807,WAYC,CEK,YNB+CSM+2% glucose,30,60,min,O,WAY_CP51
C4880,#15,Water,matched,,1,C4807,WAYC,CEK,YNB+CSM+2% glucose,30,60,min,O,WAY_CP51
C4881,#23,Water,matched,,1,C4807,WAYC,CEK,YNB+CSM+2% glucose,30,60,min,O,WAY_CP51
C4882,#31,Water,matched,,1,C4807,WAYC,CEK,YNB+CSM+2% glucose,30,60,min,O,WAY_CP51
C4883,#39,Water,matched,,1,C4807,WAYC,CEK,YNB+CSM+2% glucose,30,60,min,O,WAY_CP51
C4891,#8,DMSO,matched,,1,C4819,WAYC,CEK,YNB+CSM+2% glucose,30,60,min,O,WAY_CP51
C4895,#40,DMSO,matched,,1,C4819,WAYC,CEK,YNB+CSM+2% glucose,30,60,min,O,WAY_CP51
C4904,#9,Water,matched,,1,C4903,WAYC,CEK,YNB+CSM+2% glucose,30,90,min,O,WAY_CP52
C4905,#17,Water,matched,,1,C4903,WAYC,CEK,YNB+CSM+2% glucose,30,90,min,O,WAY_CP52
C4906,#25,Water,matched,,1,C4903,WAYC,CEK,YNB+CSM+2% glucose,30,90,min,O,WAY_CP52
C4908,#41,Water,matched,,1,C4903,WAYC,CEK,YNB+CSM+2% glucose,30,90,min,O,WAY_CP52
C4916,#10,DMSO,matched,,1,C4915,WAYC,CEK,YNB+CSM+2% glucose,30,90,min,O,WAY_CP52
C4917,#18,DMSO,matched,,1,C4915,WAYC,CEK,YNB+CSM+2% glucose,30,90,min,O,WAY_CP52
C4920,#42,DMSO,matched,,1,C4915,WAYC,CEK,YNB+CSM+2% glucose,30,90,min,O,WAY_CP52
C4930,#27,Water,matched,,1,C4903,WAYC,CEK,YNB+CSM+2% glucose,30,90,min,O,WAY_CP52
C4931,#35,Water,matched,,1,C4903,WAYC,CEK,YNB+CSM+2% glucose,30,90,min,O,WAY_CP52
C4932,#43,Water,matched,,1,C4903,WAYC,CEK,YNB+CSM+2% glucose,30,90,min,O,WAY_CP52
C4939,#4,DMSO,matched,,1,C4915,WAYC,CEK,YNB+CSM+2% glucose,30,90,min,O,WAY_CP52
C4940,#12,DMSO,matched,,1,C4915,WAYC,CEK,YNB+CSM+2% glucose,30,90,min,O,WAY_CP52
C4941,#20,DMSO,matched,,1,C4915,WAYC,CEK,YNB+CSM+2% glucose,30,90,min,O,WAY_CP52
C4942,#28,DMSO,matched,,1,C4915,WAYC,CEK,YNB+CSM+2% glucose,30,90,min,O,WAY_CP52
C4952,#13,Water,matched,,1,C4903,WAYC,CEK,YNB+CSM+2% glucose,30,90,min,O,WAY_CP52
C4953,#21,Water,matched,,1,C4903,WAYC,CEK,YNB+CSM+2% glucose,30,90,min,O,WAY_CP52
C4954,#29,Water,matched,,1,C4903,WAYC,CEK,YNB+CSM+2% glucose,30,90,min,O,WAY_CP52
C4956,#45,Water,matched,,1,C4903,WAYC,CEK,YNB+CSM+2% glucose,30,90,min,O,WAY_CP52
C4963,#6,DMSO,matched,,1,C4915,WAYC,CEK,YNB+CSM+2% glucose,30,90,min,O,WAY_CP52
C4965,#22,DMSO,matched,,1,C4915,WAYC,CEK,YNB+CSM+2% glucose,30,90,min,O,WAY_CP52
C4966,#30,DMSO,matched,,1,C4915,WAYC,CEK,YNB+CSM+2% glucose,30,90,min,O,WAY_CP52
C4967,#38,DMSO,matched,,1,C4915,WAYC,CEK,YNB+CSM+2% glucose,30,90,min,O,WAY_CP52
C4968,#46,DMSO,matched,,1,C4915,WAYC,CEK,YNB+CSM+2% glucose,30,90,min,O,WAY_CP52
C4975,#7,Water,matched,,1,C4903,WAYC,CEK,YNB+CSM+2% glucose,30,90,min,O,WAY_CP52
C4976,#15,Water,matched,,1,C4903,WAYC,CEK,YNB+CSM+2% glucose,30,90,min,O,WAY_CP52
C4977,#23,Water,matched,,1,C4903,WAYC,CEK,YNB+CSM+2% glucose,30,90,min,O,WAY_CP52
C4978,#31,Water,matched,,1,C4903,WAYC,CEK,YNB+CSM+2% glucose,30,90,min,O,WAY_CP52
C4979,#39,Water,matched,,1,C4903,WAYC,CEK,YNB+CSM+2% glucose,30,90,min,O,WAY_CP52
C4987,#8,DMSO,matched,,1,C4915,WAYC,CEK,YNB+CSM+2% glucose,30,90,min,O,WAY_CP52
C4991,#40,DMSO,matched,,1,C4915,WAYC,CEK,YNB+CSM+2% glucose,30,90,min,O,WAY_CP52
C5000,#9,Water,matched,,1,C4999,WAYC,CEK,YNB+CSM+2% glucose,30,120,min,O,WAY_CP53
C5001,#17,Water,matched,,1,C4999,WAYC,CEK,YNB+CSM+2% glucose,30,120,min,O,WAY_CP53
C5002,#25,Water,matched,,1,C4999,WAYC,CEK,YNB+CSM+2% glucose,30,120,min,O,WAY_CP53
C5004,#41,Water,matched,,1,C4999,WAYC,CEK,YNB+CSM+2% glucose,30,120,min,O,WAY_CP53
C5012,#10,DMSO,matched,,1,C5011,WAYC,CEK,YNB+CSM+2% glucose,30,120,min,O,WAY_CP53
C5016,#42,DMSO,matched,,1,C5011,WAYC,CEK,YNB+CSM+2% glucose,30,120,min,O,WAY_CP53
C5024,#11,Water,matched,,1,C4999,WAYC,CEK,YNB+CSM+2% glucose,30,120,min,O,WAY_CP53
C5026,#27,Water,matched,,1,C4999,WAYC,CEK,YNB+CSM+2% glucose,30,120,min,O,WAY_CP53
C5028,#43,Water,matched,,1,C4999,WAYC,CEK,YNB+CSM+2% glucose,30,120,min,O,WAY_CP53
C5035,#4,DMSO,matched,,1,C5011,WAYC,CEK,YNB+CSM+2% glucose,30,120,min,O,WAY_CP53
C5036,#12,DMSO,matched,,1,C5011,WAYC,CEK,YNB+CSM+2% glucose,30,120,min,O,WAY_CP53
C5037,#20,DMSO,matched,,1,C5011,WAYC,CEK,YNB+CSM+2% glucose,30,120,min,O,WAY_CP53
C5038,#28,DMSO,matched,,1,C5011,WAYC,CEK,YNB+CSM+2% glucose,30,120,min,O,WAY_CP53
C5040,#44,DMSO,matched,,1,C5011,WAYC,CEK,YNB+CSM+2% glucose,30,120,min,O,WAY_CP53
C5048,#13,Water,matched,,1,C4999,WAYC,CEK,YNB+CSM+2% glucose,30,120,min,O,WAY_CP53
C5049,#21,Water,matched,,1,C4999,WAYC,CEK,YNB+CSM+2% glucose,30,120,min,O,WAY_CP53
C5050,#29,Water,matched,,1,C4999,WAYC,CEK,YNB+CSM+2% glucose,30,120,min,O,WAY_CP53
C5052,#45,Water,matched,,1,C4999,WAYC,CEK,YNB+CSM+2% glucose,30,120,min,O,WAY_CP53
C5059,#6,DMSO,matched,,1,C5011,WAYC,CEK,YNB+CSM+2% glucose,30,120,min,O,WAY_CP53
C5060,#14,DMSO,matched,,1,C5011,WAYC,CEK,YNB+CSM+2% glucose,30,120,min,O,WAY_CP53
C5061,#22,DMSO,matched,,1,C5011,WAYC,CEK,YNB+CSM+2% glucose,30,120,min,O,WAY_CP53
C5062,#30,DMSO,matched,,1,C5011,WAYC,CEK,YNB+CSM+2% glucose,30,120,min,O,WAY_CP53
C5063,#38,DMSO,matched,,1,C5011,WAYC,CEK,YNB+CSM+2% glucose,30,120,min,O,WAY_CP53
C5064,#46,DMSO,matched,,1,C5011,WAYC,CEK,YNB+CSM+2% glucose,30,120,min,O,WAY_CP53
C5071,#7,Water,matched,,1,C4999,WAYC,CEK,YNB+CSM+2% glucose,30,120,min,O,WAY_CP53
C5072,#15,Water,matched,,1,C4999,WAYC,CEK,YNB+CSM+2% glucose,30,120,min,O,WAY_CP53
C5073,#23,Water,matched,,1,C4999,WAYC,CEK,YNB+CSM+2% glucose,30,120,min,O,WAY_CP53
C5074,#31,Water,matched,,1,C4999,WAYC,CEK,YNB+CSM+2% glucose,30,120,min,O,WAY_CP53
C5075,#39,Water,matched,,1,C4999,WAYC,CEK,YNB+CSM+2% glucose,30,120,min,O,WAY_CP53
C5083,#8,DMSO,matched,,1,C5011,WAYC,CEK,YNB+CSM+2% glucose,30,120,min,O,WAY_CP53
C5087,#40,DMSO,matched,,1,C5011,WAYC,CEK,YNB+CSM+2% glucose,30,120,min,O,WAY_CP53
C5096,#9,Water,matched,,1,C5095,WAYC,CEK,YNB+CSM+2% glucose,30,240,min,O,WAY_CP54
C5097,#17,Water,matched,,1,C5095,WAYC,CEK,YNB+CSM+2% glucose,30,240,min,O,WAY_CP54
C5098,#25,Water,matched,,1,C5095,WAYC,CEK,YNB+CSM+2% glucose,30,240,min,O,WAY_CP54
C5100,#41,Water,matched,,1,C5095,WAYC,CEK,YNB+CSM+2% glucose,30,240,min,O,WAY_CP54
C5108,#10,DMSO,matched,,1,C5107,WAYC,CEK,YNB+CSM+2% glucose,30,240,min,O,WAY_CP54
C5109,#18,DMSO,matched,,1,C5107,WAYC,CEK,YNB+CSM+2% glucose,30,240,min,O,WAY_CP54
C5112,#42,DMSO,matched,,1,C5107,WAYC,CEK,YNB+CSM+2% glucose,30,240,min,O,WAY_CP54
C5120,#11,Water,matched,,1,C5095,WAYC,CEK,YNB+CSM+2% glucose,30,240,min,O,WAY_CP54
C5122,#27,Water,matched,,1,C5095,WAYC,CEK,YNB+CSM+2% glucose,30,240,min,O,WAY_CP54
C5124,#43,Water,matched,,1,C5095,WAYC,CEK,YNB+CSM+2% glucose,30,240,min,O,WAY_CP54
C5131,#4,DMSO,matched,,1,C5107,WAYC,CEK,YNB+CSM+2% glucose,30,240,min,O,WAY_CP54
C5132,#12,DMSO,matched,,1,C5107,WAYC,CEK,YNB+CSM+2% glucose,30,240,min,O,WAY_CP54
C5133,#20,DMSO,matched,,1,C5107,WAYC,CEK,YNB+CSM+2% glucose,30,240,min,O,WAY_CP54
C5134,#28,DMSO,matched,,1,C5107,WAYC,CEK,YNB+CSM+2% glucose,30,240,min,O,WAY_CP54
C5136,#44,DMSO,matched,,1,C5107,WAYC,CEK,YNB+CSM+2% glucose,30,240,min,O,WAY_CP54
C5144,#13,Water,matched,,1,C5095,WAYC,CEK,YNB+CSM+2% glucose,30,240,min,O,WAY_CP54
C5145,#21,Water,matched,,1,C5095,WAYC,CEK,YNB+CSM+2% glucose,30,240,min,O,WAY_CP54
C5146,#29,Water,matched,,1,C5095,WAYC,CEK,YNB+CSM+2% glucose,30,240,min,O,WAY_CP54
C5148,#45,Water,matched,,1,C5095,WAYC,CEK,YNB+CSM+2% glucose,30,240,min,O,WAY_CP54
C5155,#6,DMSO,matched,,1,C5107,WAYC,CEK,YNB+CSM+2% glucose,30,240,min,O,WAY_CP54
C5156,#14,DMSO,matched,,1,C5107,WAYC,CEK,YNB+CSM+2% glucose,30,240,min,O,WAY_CP54
C5157,#22,DMSO,matched,,1,C5107,WAYC,CEK,YNB+CSM+2% glucose,30,240,min,O,WAY_CP54
C5158,#30,DMSO,matched,,1,C5107,WAYC,CEK,YNB+CSM+2% glucose,30,240,min,O,WAY_CP54
C5159,#38,DMSO,matched,,1,C5107,WAYC,CEK,YNB+CSM+2% glucose,30,240,min,O,WAY_CP54
C5160,#46,DMSO,matched,,1,C5107,WAYC,CEK,YNB+CSM+2% glucose,30,240,min,O,WAY_CP54
C5167,#7,Water,matched,,1,C5095,WAYC,CEK,YNB+CSM+2% glucose,30,240,min,O,WAY_CP54
C5170,#31,Water,matched,,1,C5095,WAYC,CEK,YNB+CSM+2% glucose,30,240,min,O,WAY_CP54
C5171,#39,Water,matched,,1,C5095,WAYC,CEK,YNB+CSM+2% glucose,30,240,min,O,WAY_CP54
C5179,#8,DMSO,matched,,1,C5107,WAYC,CEK,YNB+CSM+2% glucose,30,240,min,O,WAY_CP54
C5183,#40,DMSO,matched,,1,C5107,WAYC,CEK,YNB+CSM+2% glucose,30,240,min,O,WAY_CP54
C5192,#9,Water,matched,,1,C5191,WAYC,CEK,YNB+CSM+2% galactose,30,15,min,O,WAY_CP55
C5193,#17,Water,matched,,1,C5191,WAYC,CEK,YNB+CSM+2% galactose,30,15,min,O,WAY_CP55
C5194,#25,Water,matched,,1,C5191,WAYC,CEK,YNB+CSM+2% galactose,30,15,min,O,WAY_CP55
C5196,#41,Water,matched,,1,C5191,WAYC,CEK,YNB+CSM+2% galactose,30,15,min,O,WAY_CP55
C5204,#10,DMSO,matched,,1,C5203,WAYC,CEK,YNB+CSM+2% galactose,30,15,min,O,WAY_CP55
C5205,#18,DMSO,matched,,1,C5203,WAYC,CEK,YNB+CSM+2% galactose,30,15,min,O,WAY_CP55
C5208,#42,DMSO,matched,,1,C5203,WAYC,CEK,YNB+CSM+2% galactose,30,15,min,O,WAY_CP55
C5216,#11,Water,matched,,1,C5191,WAYC,CEK,YNB+CSM+2% galactose,30,15,min,O,WAY_CP55
C5218,#27,Water,matched,,1,C5191,WAYC,CEK,YNB+CSM+2% galactose,30,15,min,O,WAY_CP55
C5220,#43,Water,matched,,1,C5191,WAYC,CEK,YNB+CSM+2% galactose,30,15,min,O,WAY_CP55
C5227,#4,DMSO,matched,,1,C5203,WAYC,CEK,YNB+CSM+2% galactose,30,15,min,O,WAY_CP55
C5228,#12,DMSO,matched,,1,C5203,WAYC,CEK,YNB+CSM+2% galactose,30,15,min,O,WAY_CP55
C5229,#20,DMSO,matched,,1,C5203,WAYC,CEK,YNB+CSM+2% galactose,30,15,min,O,WAY_CP55
C5230,#28,DMSO,matched,,1,C5203,WAYC,CEK,YNB+CSM+2% galactose,30,15,min,O,WAY_CP55
C5232,#44,DMSO,matched,,1,C5203,WAYC,CEK,YNB+CSM+2% galactose,30,15,min,O,WAY_CP55
C5240,#13,Water,matched,,1,C5191,WAYC,CEK,YNB+CSM+2% galactose,30,15,min,O,WAY_CP55
C5241,#21,Water,matched,,1,C5191,WAYC,CEK,YNB+CSM+2% galactose,30,15,min,O,WAY_CP55
C5242,#29,Water,matched,,1,C5191,WAYC,CEK,YNB+CSM+2% galactose,30,15,min,O,WAY_CP55
C5244,#45,Water,matched,,1,C5191,WAYC,CEK,YNB+CSM+2% galactose,30,15,min,O,WAY_CP55
C5252,#14,DMSO,matched,,1,C5203,WAYC,CEK,YNB+CSM+2% galactose,30,15,min,O,WAY_CP55
C5253,#22,DMSO,matched,,1,C5203,WAYC,CEK,YNB+CSM+2% galactose,30,15,min,O,WAY_CP55
C5254,#30,DMSO,matched,,1,C5203,WAYC,CEK,YNB+CSM+2% galactose,30,15,min,O,WAY_CP55
C5255,#38,DMSO,matched,,1,C5203,WAYC,CEK,YNB+CSM+2% galactose,30,15,min,O,WAY_CP55
C5256,#46,DMSO,matched,,1,C5203,WAYC,CEK,YNB+CSM+2% galactose,30,15,min,O,WAY_CP55
C5263,#7,Water,matched,,1,C5191,WAYC,CEK,YNB+CSM+2% galactose,30,15,min,O,WAY_CP55
C5265,#23,Water,matched,,1,C5191,WAYC,CEK,YNB+CSM+2% galactose,30,15,min,O,WAY_CP55
C5266,#31,Water,matched,,1,C5191,WAYC,CEK,YNB+CSM+2% galactose,30,15,min,O,WAY_CP55
C5267,#39,Water,matched,,1,C5191,WAYC,CEK,YNB+CSM+2% galactose,30,15,min,O,WAY_CP55
C5275,#8,DMSO,matched,,1,C5203,WAYC,CEK,YNB+CSM+2% galactose,30,15,min,O,WAY_CP55
C5279,#40,DMSO,matched,,1,C5203,WAYC,CEK,YNB+CSM+2% galactose,30,15,min,O,WAY_CP55
C5288,#9,Water,matched,,1,C5287,WAYC,CEK,YNB+CSM+2% galactose,30,30,min,O,WAY_CP56
C5289,#17,Water,matched,,1,C5287,WAYC,CEK,YNB+CSM+2% galactose,30,30,min,O,WAY_CP56
C5290,#25,Water,matched,,1,C5287,WAYC,CEK,YNB+CSM+2% galactose,30,30,min,O,WAY_CP56
C5292,#41,Water,matched,,1,C5287,WAYC,CEK,YNB+CSM+2% galactose,30,30,min,O,WAY_CP56
C5300,#10,DMSO,matched,,1,C5299,WAYC,CEK,YNB+CSM+2% galactose,30,30,min,O,WAY_CP56
C5301,#18,DMSO,matched,,1,C5299,WAYC,CEK,YNB+CSM+2% galactose,30,30,min,O,WAY_CP56
C5304,#42,DMSO,matched,,1,C5299,WAYC,CEK,YNB+CSM+2% galactose,30,30,min,O,WAY_CP56
C5312,#11,Water,matched,,1,C5287,WAYC,CEK,YNB+CSM+2% galactose,30,30,min,O,WAY_CP56
C5314,#27,Water,matched,,1,C5287,WAYC,CEK,YNB+CSM+2% galactose,30,30,min,O,WAY_CP56
C5315,#35,Water,matched,,1,C5287,WAYC,CEK,YNB+CSM+2% galactose,30,30,min,O,WAY_CP56
C5316,#43,Water,matched,,1,C5287,WAYC,CEK,YNB+CSM+2% galactose,30,30,min,O,WAY_CP56
C5323,#4,DMSO,matched,,1,C5299,WAYC,CEK,YNB+CSM+2% galactose,30,30,min,O,WAY_CP56
C5324,#12,DMSO,matched,,1,C5299,WAYC,CEK,YNB+CSM+2% galactose,30,30,min,O,WAY_CP56
C5325,#20,DMSO,matched,,1,C5299,WAYC,CEK,YNB+CSM+2% galactose,30,30,min,O,WAY_CP56
C5326,#28,DMSO,matched,,1,C5299,WAYC,CEK,YNB+CSM+2% galactose,30,30,min,O,WAY_CP56
C5328,#44,DMSO,matched,,1,C5299,WAYC,CEK,YNB+CSM+2% galactose,30,30,min,O,WAY_CP56
C5336,#13,Water,matched,,1,C5287,WAYC,CEK,YNB+CSM+2% galactose,30,30,min,O,WAY_CP56
C5337,#21,Water,matched,,1,C5287,WAYC,CEK,YNB+CSM+2% galactose,30,30,min,O,WAY_CP56
C5338,#29,Water,matched,,1,C5287,WAYC,CEK,YNB+CSM+2% galactose,30,30,min,O,WAY_CP56
C5340,#45,Water,matched,,1,C5287,WAYC,CEK,YNB+CSM+2% galactose,30,30,min,O,WAY_CP56
C5347,#6,DMSO,matched,,1,C5299,WAYC,CEK,YNB+CSM+2% galactose,30,30,min,O,WAY_CP56
C5348,#14,DMSO,matched,,1,C5299,WAYC,CEK,YNB+CSM+2% galactose,30,30,min,O,WAY_CP56
C5349,#22,DMSO,matched,,1,C5299,WAYC,CEK,YNB+CSM+2% galactose,30,30,min,O,WAY_CP56
C5350,#30,DMSO,matched,,1,C5299,WAYC,CEK,YNB+CSM+2% galactose,30,30,min,O,WAY_CP56
C5351,#38,DMSO,matched,,1,C5299,WAYC,CEK,YNB+CSM+2% galactose,30,30,min,O,WAY_CP56
C5352,#46,DMSO,matched,,1,C5299,WAYC,CEK,YNB+CSM+2% galactose,30,30,min,O,WAY_CP56
C5359,#7,Water,matched,,1,C5287,WAYC,CEK,YNB+CSM+2% galactose,30,30,min,O,WAY_CP56
C5360,#15,Water,matched,,1,C5287,WAYC,CEK,YNB+CSM+2% galactose,30,30,min,O,WAY_CP56
C5361,#23,Water,matched,,1,C5287,WAYC,CEK,YNB+CSM+2% galactose,30,30,min,O,WAY_CP56
C5362,#31,Water,matched,,1,C5287,WAYC,CEK,YNB+CSM+2% galactose,30,30,min,O,WAY_CP56
C5375,#40,DMSO,matched,,1,C5299,WAYC,CEK,YNB+CSM+2% galactose,30,30,min,O,WAY_CP56
C5384,#9,Water,matched,,1,C5383,WAYC,CEK,YNB+CSM+2% galactose,30,60,min,O,WAY_CP57
C5385,#17,Water,matched,,1,C5383,WAYC,CEK,YNB+CSM+2% galactose,30,60,min,O,WAY_CP57
C5386,#25,Water,matched,,1,C5383,WAYC,CEK,YNB+CSM+2% galactose,30,60,min,O,WAY_CP57
C5388,#41,Water,matched,,1,C5383,WAYC,CEK,YNB+CSM+2% galactose,30,60,min,O,WAY_CP57
C5396,#10,DMSO,matched,,1,C5395,WAYC,CEK,YNB+CSM+2% galactose,30,60,min,O,WAY_CP57
C5397,#18,DMSO,matched,,1,C5395,WAYC,CEK,YNB+CSM+2% galactose,30,60,min,O,WAY_CP57
C5400,#42,DMSO,matched,,1,C5395,WAYC,CEK,YNB+CSM+2% galactose,30,60,min,O,WAY_CP57
C5408,#11,Water,matched,,1,C5383,WAYC,CEK,YNB+CSM+2% galactose,30,60,min,O,WAY_CP57
C5410,#27,Water,matched,,1,C5383,WAYC,CEK,YNB+CSM+2% galactose,30,60,min,O,WAY_CP57
C5412,#43,Water,matched,,1,C5383,WAYC,CEK,YNB+CSM+2% galactose,30,60,min,O,WAY_CP57
C5419,#4,DMSO,matched,,1,C5395,WAYC,CEK,YNB+CSM+2% galactose,30,60,min,O,WAY_CP57
C5420,#12,DMSO,matched,,1,C5395,WAYC,CEK,YNB+CSM+2% galactose,30,60,min,O,WAY_CP57
C5421,#20,DMSO,matched,,1,C5395,WAYC,CEK,YNB+CSM+2% galactose,30,60,min,O,WAY_CP57
C5424,#44,DMSO,matched,,1,C5395,WAYC,CEK,YNB+CSM+2% galactose,30,60,min,O,WAY_CP57
C5432,#13,Water,matched,,1,C5383,WAYC,CEK,YNB+CSM+2% galactose,30,60,min,O,WAY_CP57
C5433,#21,Water,matched,,1,C5383,WAYC,CEK,YNB+CSM+2% galactose,30,60,min,O,WAY_CP57
C5434,#29,Water,matched,,1,C5383,WAYC,CEK,YNB+CSM+2% galactose,30,60,min,O,WAY_CP57
C5436,#45,Water,matched,,1,C5383,WAYC,CEK,YNB+CSM+2% galactose,30,60,min,O,WAY_CP57
C5443,#6,DMSO,matched,,1,C5395,WAYC,CEK,YNB+CSM+2% galactose,30,60,min,O,WAY_CP57
C5444,#14,DMSO,matched,,1,C5395,WAYC,CEK,YNB+CSM+2% galactose,30,60,min,O,WAY_CP57
C5445,#22,DMSO,matched,,1,C5395,WAYC,CEK,YNB+CSM+2% galactose,30,60,min,O,WAY_CP57
C5446,#30,DMSO,matched,,1,C5395,WAYC,CEK,YNB+CSM+2% galactose,30,60,min,O,WAY_CP57
C5447,#38,DMSO,matched,,1,C5395,WAYC,CEK,YNB+CSM+2% galactose,30,60,min,O,WAY_CP57
C5448,#46,DMSO,matched,,1,C5395,WAYC,CEK,YNB+CSM+2% galactose,30,60,min,O,WAY_CP57
C5455,#7,Water,matched,,1,C5383,WAYC,CEK,YNB+CSM+2% galactose,30,60,min,O,WAY_CP57
C5456,#15,Water,matched,,1,C5383,WAYC,CEK,YNB+CSM+2% galactose,30,60,min,O,WAY_CP57
C5457,#23,Water,matched,,1,C5383,WAYC,CEK,YNB+CSM+2% galactose,30,60,min,O,WAY_CP57
C5458,#31,Water,matched,,1,C5383,WAYC,CEK,YNB+CSM+2% galactose,30,60,min,O,WAY_CP57
C5459,#39,Water,matched,,1,C5383,WAYC,CEK,YNB+CSM+2% galactose,30,60,min,O,WAY_CP57
C5467,#8,DMSO,matched,,1,C5395,WAYC,CEK,YNB+CSM+2% galactose,30,60,min,O,WAY_CP57
C5471,#40,DMSO,matched,,1,C5395,WAYC,CEK,YNB+CSM+2% galactose,30,60,min,O,WAY_CP57
C5672,#9,Water,matched,,1,C5671,WAYC,CEK,YNB+CSM+2% galactose,30,240,min,O,WAY_CP60
C5673,#17,Water,matched,,1,C5671,WAYC,CEK,YNB+CSM+2% galactose,30,240,min,O,WAY_CP60
C5674,#25,Water,matched,,1,C5671,WAYC,CEK,YNB+CSM+2% galactose,30,240,min,O,WAY_CP60
C5676,#41,Water,matched,,1,C5671,WAYC,CEK,YNB+CSM+2% galactose,30,240,min,O,WAY_CP60
C5684,#10,DMSO,matched,,1,C5683,WAYC,CEK,YNB+CSM+2% galactose,30,240,min,O,WAY_CP60
C5685,#18,DMSO,matched,,1,C5683,WAYC,CEK,YNB+CSM+2% galactose,30,240,min,O,WAY_CP60
C5688,#42,DMSO,matched,,1,C5683,WAYC,CEK,YNB+CSM+2% galactose,30,240,min,O,WAY_CP60
C5696,#11,Water,matched,,1,C5671,WAYC,CEK,YNB+CSM+2% galactose,30,240,min,O,WAY_CP60
C5698,#27,Water,matched,,1,C5671,WAYC,CEK,YNB+CSM+2% galactose,30,240,min,O,WAY_CP60
C5699,#35,Water,matched,,1,C5671,WAYC,CEK,YNB+CSM+2% galactose,30,240,min,O,WAY_CP60
C5707,#4,DMSO,matched,,1,C5683,WAYC,CEK,YNB+CSM+2% galactose,30,240,min,O,WAY_CP60
C5708,#12,DMSO,matched,,1,C5683,WAYC,CEK,YNB+CSM+2% galactose,30,240,min,O,WAY_CP60
C5709,#20,DMSO,matched,,1,C5683,WAYC,CEK,YNB+CSM+2% galactose,30,240,min,O,WAY_CP60
C5710,#28,DMSO,matched,,1,C5683,WAYC,CEK,YNB+CSM+2% galactose,30,240,min,O,WAY_CP60
C5712,#44,DMSO,matched,,1,C5683,WAYC,CEK,YNB+CSM+2% galactose,30,240,min,O,WAY_CP60
C5720,#13,Water,matched,,1,C5671,WAYC,CEK,YNB+CSM+2% galactose,30,240,min,O,WAY_CP60
C5721,#21,Water,matched,,1,C5671,WAYC,CEK,YNB+CSM+2% galactose,30,240,min,O,WAY_CP60
C5722,#29,Water,matched,,1,C5671,WAYC,CEK,YNB+CSM+2% galactose,30,240,min,O,WAY_CP60
C5724,#45,Water,matched,,1,C5671,WAYC,CEK,YNB+CSM+2% galactose,30,240,min,O,WAY_CP60
C5732,#14,DMSO,matched,,1,C5683,WAYC,CEK,YNB+CSM+2% galactose,30,240,min,O,WAY_CP60
C5733,#22,DMSO,matched,,1,C5683,WAYC,CEK,YNB+CSM+2% galactose,30,240,min,O,WAY_CP60
C5734,#30,DMSO,matched,,1,C5683,WAYC,CEK,YNB+CSM+2% galactose,30,240,min,O,WAY_CP60
C5735,#38,DMSO,matched,,1,C5683,WAYC,CEK,YNB+CSM+2% galactose,30,240,min,O,WAY_CP60
C5744,#15,Water,matched,,1,C5671,WAYC,CEK,YNB+CSM+2% galactose,30,240,min,O,WAY_CP60
C5745,#23,Water,matched,,1,C5671,WAYC,CEK,YNB+CSM+2% galactose,30,240,min,O,WAY_CP60
C5746,#31,Water,matched,,1,C5671,WAYC,CEK,YNB+CSM+2% galactose,30,240,min,O,WAY_CP60
C5747,#39,Water,matched,,1,C5671,WAYC,CEK,YNB+CSM+2% galactose,30,240,min,O,WAY_CP60
C5755,#8,DMSO,matched,,1,C5683,WAYC,CEK,YNB+CSM+2% galactose,30,240,min,O,WAY_CP60
C5759,#40,DMSO,matched,,1,C5683,WAYC,CEK,YNB+CSM+2% galactose,30,240,min,O,WAY_CP60
C5768,#9,Water,matched,,1,C5767,WAYC,CEK,YNB+CSM+2% glucose,37,15,min,O,WAY_CP61
C5769,#17,Water,matched,,1,C5767,WAYC,CEK,YNB+CSM+2% glucose,37,15,min,O,WAY_CP61
C5770,#25,Water,matched,,1,C5767,WAYC,CEK,YNB+CSM+2% glucose,37,15,min,O,WAY_CP61
C5772,#41,Water,matched,,1,C5767,WAYC,CEK,YNB+CSM+2% glucose,37,15,min,O,WAY_CP61
C5780,#10,DMSO,matched,,1,C5779,WAYC,CEK,YNB+CSM+2% glucose,37,15,min,O,WAY_CP61
C5781,#18,DMSO,matched,,1,C5779,WAYC,CEK,YNB+CSM+2% glucose,37,15,min,O,WAY_CP61
C5784,#42,DMSO,matched,,1,C5779,WAYC,CEK,YNB+CSM+2% glucose,37,15,min,O,WAY_CP61
C5792,#11,Water,matched,,1,C5767,WAYC,CEK,YNB+CSM+2% glucose,37,15,min,O,WAY_CP61
C5794,#27,Water,matched,,1,C5767,WAYC,CEK,YNB+CSM+2% glucose,37,15,min,O,WAY_CP61
C5796,#43,Water,matched,,1,C5767,WAYC,CEK,YNB+CSM+2% glucose,37,15,min,O,WAY_CP61
C5803,#4,DMSO,matched,,1,C5779,WAYC,CEK,YNB+CSM+2% glucose,37,15,min,O,WAY_CP61
C5804,#12,DMSO,matched,,1,C5779,WAYC,CEK,YNB+CSM+2% glucose,37,15,min,O,WAY_CP61
C5805,#20,DMSO,matched,,1,C5779,WAYC,CEK,YNB+CSM+2% glucose,37,15,min,O,WAY_CP61
C5806,#28,DMSO,matched,,1,C5779,WAYC,CEK,YNB+CSM+2% glucose,37,15,min,O,WAY_CP61
C5808,#44,DMSO,matched,,1,C5779,WAYC,CEK,YNB+CSM+2% glucose,37,15,min,O,WAY_CP61
C5816,#13,Water,matched,,1,C5767,WAYC,CEK,YNB+CSM+2% glucose,37,15,min,O,WAY_CP61
C5817,#21,Water,matched,,1,C5767,WAYC,CEK,YNB+CSM+2% glucose,37,15,min,O,WAY_CP61
C5818,#29,Water,matched,,1,C5767,WAYC,CEK,YNB+CSM+2% glucose,37,15,min,O,WAY_CP61
C5820,#45,Water,matched,,1,C5767,WAYC,CEK,YNB+CSM+2% glucose,37,15,min,O,WAY_CP61
C5828,#14,DMSO,matched,,1,C5779,WAYC,CEK,YNB+CSM+2% glucose,37,15,min,O,WAY_CP61
C5829,#22,DMSO,matched,,1,C5779,WAYC,CEK,YNB+CSM+2% glucose,37,15,min,O,WAY_CP61
C5830,#30,DMSO,matched,,1,C5779,WAYC,CEK,YNB+CSM+2% glucose,37,15,min,O,WAY_CP61
C5831,#38,DMSO,matched,,1,C5779,WAYC,CEK,YNB+CSM+2% glucose,37,15,min,O,WAY_CP61
C5832,#46,DMSO,matched,,1,C5779,WAYC,CEK,YNB+CSM+2% glucose,37,15,min,O,WAY_CP61
C5839,#7,Water,matched,,1,C5767,WAYC,CEK,YNB+CSM+2% glucose,37,15,min,O,WAY_CP61
C5840,#15,Water,matched,,1,C5767,WAYC,CEK,YNB+CSM+2% glucose,37,15,min,O,WAY_CP61
C5841,#23,Water,matched,,1,C5767,WAYC,CEK,YNB+CSM+2% glucose,37,15,min,O,WAY_CP61
C5842,#31,Water,matched,,1,C5767,WAYC,CEK,YNB+CSM+2% glucose,37,15,min,O,WAY_CP61
C5843,#39,Water,matched,,1,C5767,WAYC,CEK,YNB+CSM+2% glucose,37,15,min,O,WAY_CP61
C5851,#8,DMSO,matched,,1,C5779,WAYC,CEK,YNB+CSM+2% glucose,37,15,min,O,WAY_CP61
C5855,#40,DMSO,matched,,1,C5779,WAYC,CEK,YNB+CSM+2% glucose,37,15,min,O,WAY_CP61
C5864,#9,Water,matched,,1,C5863,WAYC,CEK,YNB+CSM+2% glucose,37,30,min,O,WAY_CP62
C5865,#17,Water,matched,,1,C5863,WAYC,CEK,YNB+CSM+2% glucose,37,30,min,O,WAY_CP62
C5866,#25,Water,matched,,1,C5863,WAYC,CEK,YNB+CSM+2% glucose,37,30,min,O,WAY_CP62
C5868,#41,Water,matched,,1,C5863,WAYC,CEK,YNB+CSM+2% glucose,37,30,min,O,WAY_CP62
C5876,#10,DMSO,matched,,1,C5875,WAYC,CEK,YNB+CSM+2% glucose,37,30,min,O,WAY_CP62
C5877,#18,DMSO,matched,,1,C5875,WAYC,CEK,YNB+CSM+2% glucose,37,30,min,O,WAY_CP62
C5880,#42,DMSO,matched,,1,C5875,WAYC,CEK,YNB+CSM+2% glucose,37,30,min,O,WAY_CP62
C5888,#11,Water,matched,,1,C5863,WAYC,CEK,YNB+CSM+2% glucose,37,30,min,O,WAY_CP62
C5890,#27,Water,matched,,1,C5863,WAYC,CEK,YNB+CSM+2% glucose,37,30,min,O,WAY_CP62
C5892,#43,Water,matched,,1,C5863,WAYC,CEK,YNB+CSM+2% glucose,37,30,min,O,WAY_CP62
C5900,#12,DMSO,matched,,1,C5875,WAYC,CEK,YNB+CSM+2% glucose,37,30,min,O,WAY_CP62
C5901,#20,DMSO,matched,,1,C5875,WAYC,CEK,YNB+CSM+2% glucose,37,30,min,O,WAY_CP62
C5902,#28,DMSO,matched,,1,C5875,WAYC,CEK,YNB+CSM+2% glucose,37,30,min,O,WAY_CP62
C5904,#44,DMSO,matched,,1,C5875,WAYC,CEK,YNB+CSM+2% glucose,37,30,min,O,WAY_CP62
C5913,#21,Water,matched,,1,C5863,WAYC,CEK,YNB+CSM+2% glucose,37,30,min,O,WAY_CP62
C5914,#29,Water,matched,,1,C5863,WAYC,CEK,YNB+CSM+2% glucose,37,30,min,O,WAY_CP62
C5916,#45,Water,matched,,1,C5863,WAYC,CEK,YNB+CSM+2% glucose,37,30,min,O,WAY_CP62
C5925,#22,DMSO,matched,,1,C5875,WAYC,CEK,YNB+CSM+2% glucose,37,30,min,O,WAY_CP62
C5926,#30,DMSO,matched,,1,C5875,WAYC,CEK,YNB+CSM+2% glucose,37,30,min,O,WAY_CP62
C5927,#38,DMSO,matched,,1,C5875,WAYC,CEK,YNB+CSM+2% glucose,37,30,min,O,WAY_CP62
C5928,#46,DMSO,matched,,1,C5875,WAYC,CEK,YNB+CSM+2% glucose,37,30,min,O,WAY_CP62
C5935,#7,Water,matched,,1,C5863,WAYC,CEK,YNB+CSM+2% glucose,37,30,min,O,WAY_CP62
C5936,#15,Water,matched,,1,C5863,WAYC,CEK,YNB+CSM+2% glucose,37,30,min,O,WAY_CP62
C5937,#23,Water,matched,,1,C5863,WAYC,CEK,YNB+CSM+2% glucose,37,30,min,O,WAY_CP62
C5938,#31,Water,matched,,1,C5863,WAYC,CEK,YNB+CSM+2% glucose,37,30,min,O,WAY_CP62
C5939,#39,Water,matched,,1,C5863,WAYC,CEK,YNB+CSM+2% glucose,37,30,min,O,WAY_CP62
C5947,#8,DMSO,matched,,1,C5875,WAYC,CEK,YNB+CSM+2% glucose,37,30,min,O,WAY_CP62
C5951,#40,DMSO,matched,,1,C5875,WAYC,CEK,YNB+CSM+2% glucose,37,30,min,O,WAY_CP62
C5960,#9,Water,matched,,1,C5959,WAYC,CEK,YNB+CSM+2% glucose,37,60,min,O,WAY_CP63
C5961,#17,Water,matched,,1,C5959,WAYC,CEK,YNB+CSM+2% glucose,37,60,min,O,WAY_CP63
C5962,#25,Water,matched,,1,C5959,WAYC,CEK,YNB+CSM+2% glucose,37,60,min,O,WAY_CP63
C5964,#41,Water,matched,,1,C5959,WAYC,CEK,YNB+CSM+2% glucose,37,60,min,O,WAY_CP63
C5972,#10,DMSO,matched,,1,C5971,WAYC,CEK,YNB+CSM+2% glucose,37,60,min,O,WAY_CP63
C5973,#18,DMSO,matched,,1,C5971,WAYC,CEK,YNB+CSM+2% glucose,37,60,min,O,WAY_CP63
C5976,#42,DMSO,matched,,1,C5971,WAYC,CEK,YNB+CSM+2% glucose,37,60,min,O,WAY_CP63
C5984,#11,Water,matched,,1,C5959,WAYC,CEK,YNB+CSM+2% glucose,37,60,min,O,WAY_CP63
C5986,#27,Water,matched,,1,C5959,WAYC,CEK,YNB+CSM+2% glucose,37,60,min,O,WAY_CP63
C5988,#43,Water,matched,,1,C5959,WAYC,CEK,YNB+CSM+2% glucose,37,60,min,O,WAY_CP63
C5995,#4,DMSO,matched,,1,C5971,WAYC,CEK,YNB+CSM+2% glucose,37,60,min,O,WAY_CP63
C5997,#20,DMSO,matched,,1,C5971,WAYC,CEK,YNB+CSM+2% glucose,37,60,min,O,WAY_CP63
C5998,#28,DMSO,matched,,1,C5971,WAYC,CEK,YNB+CSM+2% glucose,37,60,min,O,WAY_CP63
C6000,#44,DMSO,matched,,1,C5971,WAYC,CEK,YNB+CSM+2% glucose,37,60,min,O,WAY_CP63
C6008,#13,Water,matched,,1,C5959,WAYC,CEK,YNB+CSM+2% glucose,37,60,min,O,WAY_CP63
C6009,#21,Water,matched,,1,C5959,WAYC,CEK,YNB+CSM+2% glucose,37,60,min,O,WAY_CP63
C6010,#29,Water,matched,,1,C5959,WAYC,CEK,YNB+CSM+2% glucose,37,60,min,O,WAY_CP63
C6012,#45,Water,matched,,1,C5959,WAYC,CEK,YNB+CSM+2% glucose,37,60,min,O,WAY_CP63
C6020,#14,DMSO,matched,,1,C5971,WAYC,CEK,YNB+CSM+2% glucose,37,60,min,O,WAY_CP63
C6021,#22,DMSO,matched,,1,C5971,WAYC,CEK,YNB+CSM+2% glucose,37,60,min,O,WAY_CP63
C6022,#30,DMSO,matched,,1,C5971,WAYC,CEK,YNB+CSM+2% glucose,37,60,min,O,WAY_CP63
C6024,#46,DMSO,matched,,1,C5971,WAYC,CEK,YNB+CSM+2% glucose,37,60,min,O,WAY_CP63
C6032,#15,Water,matched,,1,C5959,WAYC,CEK,YNB+CSM+2% glucose,37,60,min,O,WAY_CP63
C6033,#23,Water,matched,,1,C5959,WAYC,CEK,YNB+CSM+2% glucose,37,60,min,O,WAY_CP63
C6034,#31,Water,matched,,1,C5959,WAYC,CEK,YNB+CSM+2% glucose,37,60,min,O,WAY_CP63
C6035,#39,Water,matched,,1,C5959,WAYC,CEK,YNB+CSM+2% glucose,37,60,min,O,WAY_CP63
C6043,#8,DMSO,matched,,1,C5971,WAYC,CEK,YNB+CSM+2% glucose,37,60,min,O,WAY_CP63
C6047,#40,DMSO,matched,,1,C5971,WAYC,CEK,YNB+CSM+2% glucose,37,60,min,O,WAY_CP63
C6056,#9,Water,matched,,1,C6055,WAYC,CEK,YNB+CSM+2% glucose,37,90,min,O,WAY_CP64
C6057,#17,Water,matched,,1,C6055,WAYC,CEK,YNB+CSM+2% glucose,37,90,min,O,WAY_CP64
C6058,#25,Water,matched,,1,C6055,WAYC,CEK,YNB+CSM+2% glucose,37,90,min,O,WAY_CP64
C6060,#41,Water,matched,,1,C6055,WAYC,CEK,YNB+CSM+2% glucose,37,90,min,O,WAY_CP64
C6069,#18,DMSO,matched,,1,C6067,WAYC,CEK,YNB+CSM+2% glucose,37,90,min,O,WAY_CP64
C6080,#11,Water,matched,,1,C6055,WAYC,CEK,YNB+CSM+2% glucose,37,90,min,O,WAY_CP64
C6082,#27,Water,matched,,1,C6055,WAYC,CEK,YNB+CSM+2% glucose,37,90,min,O,WAY_CP64
C6083,#35,Water,matched,,1,C6055,WAYC,CEK,YNB+CSM+2% glucose,37,90,min,O,WAY_CP64
C6084,#43,Water,matched,,1,C6055,WAYC,CEK,YNB+CSM+2% glucose,37,90,min,O,WAY_CP64
C6091,#4,DMSO,matched,,1,C6067,WAYC,CEK,YNB+CSM+2% glucose,37,90,min,O,WAY_CP64
C6092,#12,DMSO,matched,,1,C6067,WAYC,CEK,YNB+CSM+2% glucose,37,90,min,O,WAY_CP64
C6093,#20,DMSO,matched,,1,C6067,WAYC,CEK,YNB+CSM+2% glucose,37,90,min,O,WAY_CP64
C6094,#28,DMSO,matched,,1,C6067,WAYC,CEK,YNB+CSM+2% glucose,37,90,min,O,WAY_CP64
C6096,#44,DMSO,matched,,1,C6067,WAYC,CEK,YNB+CSM+2% glucose,37,90,min,O,WAY_CP64
C6104,#13,Water,matched,,1,C6055,WAYC,CEK,YNB+CSM+2% glucose,37,90,min,O,WAY_CP64
C6105,#21,Water,matched,,1,C6055,WAYC,CEK,YNB+CSM+2% glucose,37,90,min,O,WAY_CP64
C6106,#29,Water,matched,,1,C6055,WAYC,CEK,YNB+CSM+2% glucose,37,90,min,O,WAY_CP64
C6108,#45,Water,matched,,1,C6055,WAYC,CEK,YNB+CSM+2% glucose,37,90,min,O,WAY_CP64
C6115,#6,DMSO,matched,,1,C6067,WAYC,CEK,YNB+CSM+2% glucose,37,90,min,O,WAY_CP64
C6116,#14,DMSO,matched,,1,C6067,WAYC,CEK,YNB+CSM+2% glucose,37,90,min,O,WAY_CP64
C6117,#22,DMSO,matched,,1,C6067,WAYC,CEK,YNB+CSM+2% glucose,37,90,min,O,WAY_CP64
C6118,#30,DMSO,matched,,1,C6067,WAYC,CEK,YNB+CSM+2% glucose,37,90,min,O,WAY_CP64
C6119,#38,DMSO,matched,,1,C6067,WAYC,CEK,YNB+CSM+2% glucose,37,90,min,O,WAY_CP64
C6120,#46,DMSO,matched,,1,C6067,WAYC,CEK,YNB+CSM+2% glucose,37,90,min,O,WAY_CP64
C6127,#7,Water,matched,,1,C6055,WAYC,CEK,YNB+CSM+2% glucose,37,90,min,O,WAY_CP64
C6128,#15,Water,matched,,1,C6055,WAYC,CEK,YNB+CSM+2% glucose,37,90,min,O,WAY_CP64
C6129,#23,Water,matched,,1,C6055,WAYC,CEK,YNB+CSM+2% glucose,37,90,min,O,WAY_CP64
C6130,#31,Water,matched,,1,C6055,WAYC,CEK,YNB+CSM+2% glucose,37,90,min,O,WAY_CP64
C6131,#39,Water,matched,,1,C6055,WAYC,CEK,YNB+CSM+2% glucose,37,90,min,O,WAY_CP64
C6139,#8,DMSO,matched,,1,C6067,WAYC,CEK,YNB+CSM+2% glucose,37,90,min,O,WAY_CP64
C6143,#40,DMSO,matched,,1,C6067,WAYC,CEK,YNB+CSM+2% glucose,37,90,min,O,WAY_CP64
C6248,#9,Water,matched,,1,C6247,WAYC,CEK,YNB+CSM+2% glucose,37,240,min,CAC,WAY_CP66
C6249,#17,Water,matched,,1,C6247,WAYC,CEK,YNB+CSM+2% glucose,37,240,min,CAC,WAY_CP66
C6250,#25,Water,matched,,1,C6247,WAYC,CEK,YNB+CSM+2% glucose,37,240,min,CAC,WAY_CP66
C6252,#41,Water,matched,,1,C6247,WAYC,CEK,YNB+CSM+2% glucose,37,240,min,CAC,WAY_CP66
C6260,#10,DMSO,matched,,1,C6259,WAYC,CEK,YNB+CSM+2% glucose,37,240,min,CAC,WAY_CP66
C6261,#18,DMSO,matched,,1,C6259,WAYC,CEK,YNB+CSM+2% glucose,37,240,min,CAC,WAY_CP66
C6264,#42,DMSO,matched,,1,C6259,WAYC,CEK,YNB+CSM+2% glucose,37,240,min,CAC,WAY_CP66
C6272,#11,Water,matched,,1,C6247,WAYC,CEK,YNB+CSM+2% glucose,37,240,min,CAC,WAY_CP66
C6275,#35,Water,matched,,1,C6247,WAYC,CEK,YNB+CSM+2% glucose,37,240,min,CAC,WAY_CP66
C6276,#43,Water,matched,,1,C6247,WAYC,CEK,YNB+CSM+2% glucose,37,240,min,CAC,WAY_CP66
C6283,#4,DMSO,matched,,1,C6259,WAYC,CEK,YNB+CSM+2% glucose,37,240,min,CAC,WAY_CP66
C6284,#12,DMSO,matched,,1,C6259,WAYC,CEK,YNB+CSM+2% glucose,37,240,min,CAC,WAY_CP66
C6285,#20,DMSO,matched,,1,C6259,WAYC,CEK,YNB+CSM+2% glucose,37,240,min,CAC,WAY_CP66
C6286,#28,DMSO,matched,,1,C6259,WAYC,CEK,YNB+CSM+2% glucose,37,240,min,CAC,WAY_CP66
C6288,#44,DMSO,matched,,1,C6259,WAYC,CEK,YNB+CSM+2% glucose,37,240,min,CAC,WAY_CP66
C6296,#13,Water,matched,,1,C6247,WAYC,CEK,YNB+CSM+2% glucose,37,240,min,CAC,WAY_CP66
C6298,#29,Water,matched,,1,C6247,WAYC,CEK,YNB+CSM+2% glucose,37,240,min,CAC,WAY_CP66
C6300,#45,Water,matched,,1,C6247,WAYC,CEK,YNB+CSM+2% glucose,37,240,min,CAC,WAY_CP66
C6307,#6,DMSO,matched,,1,C6259,WAYC,CEK,YNB+CSM+2% glucose,37,240,min,CAC,WAY_CP66
C6308,#14,DMSO,matched,,1,C6259,WAYC,CEK,YNB+CSM+2% glucose,37,240,min,CAC,WAY_CP66
C6309,#22,DMSO,matched,,1,C6259,WAYC,CEK,YNB+CSM+2% glucose,37,240,min,CAC,WAY_CP66
C6310,#30,DMSO,matched,,1,C6259,WAYC,CEK,YNB+CSM+2% glucose,37,240,min,CAC,WAY_CP66
C6311,#38,DMSO,matched,,1,C6259,WAYC,CEK,YNB+CSM+2% glucose,37,240,min,CAC,WAY_CP66
C6312,#46,DMSO,matched,,1,C6259,WAYC,CEK,YNB+CSM+2% glucose,37,240,min,CAC,WAY_CP66
C6319,#7,Water,matched,,1,C6247,WAYC,CEK,YNB+CSM+2% glucose,37,240,min,CAC,WAY_CP66
C6320,#15,Water,matched,,1,C6247,WAYC,CEK,YNB+CSM+2% glucose,37,240,min,CAC,WAY_CP66
C6321,#23,Water,matched,,1,C6247,WAYC,CEK,YNB+CSM+2% glucose,37,240,min,CAC,WAY_CP66
C6322,#31,Water,matched,,1,C6247,WAYC,CEK,YNB+CSM+2% glucose,37,240,min,CAC,WAY_CP66
C6323,#39,Water,matched,,1,C6247,WAYC,CEK,YNB+CSM+2% glucose,37,240,min,CAC,WAY_CP66
C6331,#8,DMSO,matched,,1,C6259,WAYC,CEK,YNB+CSM+2% glucose,37,240,min,CAC,WAY_CP66
C6335,#40,DMSO,matched,,1,C6259,WAYC,CEK,YNB+CSM+2% glucose,37,240,min,CAC,WAY_CP66
C6536,#9,Water,matched,,1,C6535,WAYC,CEK,YNB+CSM+2% galactose,37,60,min,CAC,WAY_CP69
C6537,#17,Water,matched,,1,C6535,WAYC,CEK,YNB+CSM+2% galactose,37,60,min,CAC,WAY_CP69
C6538,#25,Water,matched,,1,C6535,WAYC,CEK,YNB+CSM+2% galactose,37,60,min,CAC,WAY_CP69
C6540,#41,Water,matched,,1,C6535,WAYC,CEK,YNB+CSM+2% galactose,37,60,min,CAC,WAY_CP69
C6548,#10,DMSO,matched,,1,C6547,WAYC,CEK,YNB+CSM+2% galactose,37,60,min,CAC,WAY_CP69
C6549,#18,DMSO,matched,,1,C6547,WAYC,CEK,YNB+CSM+2% galactose,37,60,min,CAC,WAY_CP69
C6552,#42,DMSO,matched,,1,C6547,WAYC,CEK,YNB+CSM+2% galactose,37,60,min,CAC,WAY_CP69
C6560,#11,Water,matched,,1,C6535,WAYC,CEK,YNB+CSM+2% galactose,37,60,min,CAC,WAY_CP69
C6562,#27,Water,matched,,1,C6535,WAYC,CEK,YNB+CSM+2% galactose,37,60,min,CAC,WAY_CP69
C6563,#35,Water,matched,,1,C6535,WAYC,CEK,YNB+CSM+2% galactose,37,60,min,CAC,WAY_CP69
C6571,#4,DMSO,matched,,1,C6547,WAYC,CEK,YNB+CSM+2% galactose,37,60,min,CAC,WAY_CP69
C6572,#12,DMSO,matched,,1,C6547,WAYC,CEK,YNB+CSM+2% galactose,37,60,min,CAC,WAY_CP69
C6573,#20,DMSO,matched,,1,C6547,WAYC,CEK,YNB+CSM+2% galactose,37,60,min,CAC,WAY_CP69
C6574,#28,DMSO,matched,,1,C6547,WAYC,CEK,YNB+CSM+2% galactose,37,60,min,CAC,WAY_CP69
C6576,#44,DMSO,matched,,1,C6547,WAYC,CEK,YNB+CSM+2% galactose,37,60,min,CAC,WAY_CP69
C6585,#21,Water,matched,,1,C6535,WAYC,CEK,YNB+CSM+2% galactose,37,60,min,CAC,WAY_CP69
C6586,#29,Water,matched,,1,C6535,WAYC,CEK,YNB+CSM+2% galactose,37,60,min,CAC,WAY_CP69
C6588,#45,Water,matched,,1,C6535,WAYC,CEK,YNB+CSM+2% galactose,37,60,min,CAC,WAY_CP69
C6595,#6,DMSO,matched,,1,C6547,WAYC,CEK,YNB+CSM+2% galactose,37,60,min,CAC,WAY_CP69
C6596,#14,DMSO,matched,,1,C6547,WAYC,CEK,YNB+CSM+2% galactose,37,60,min,CAC,WAY_CP69
C6597,#22,DMSO,matched,,1,C6547,WAYC,CEK,YNB+CSM+2% galactose,37,60,min,CAC,WAY_CP69
C6598,#30,DMSO,matched,,1,C6547,WAYC,CEK,YNB+CSM+2% galactose,37,60,min,CAC,WAY_CP69
C6599,#38,DMSO,matched,,1,C6547,WAYC,CEK,YNB+CSM+2% galactose,37,60,min,CAC,WAY_CP69
C6600,#46,DMSO,matched,,1,C6547,WAYC,CEK,YNB+CSM+2% galactose,37,60,min,CAC,WAY_CP69
C6607,#7,Water,matched,,1,C6535,WAYC,CEK,YNB+CSM+2% galactose,37,60,min,CAC,WAY_CP69
C6608,#15,Water,matched,,1,C6535,WAYC,CEK,YNB+CSM+2% galactose,37,60,min,CAC,WAY_CP69
C6609,#23,Water,matched,,1,C6535,WAYC,CEK,YNB+CSM+2% galactose,37,60,min,CAC,WAY_CP69
C6610,#31,Water,matched,,1,C6535,WAYC,CEK,YNB+CSM+2% galactose,37,60,min,CAC,WAY_CP69
C6611,#39,Water,matched,,1,C6535,WAYC,CEK,YNB+CSM+2% galactose,37,60,min,CAC,WAY_CP69
C6619,#8,DMSO,matched,,1,C6547,WAYC,CEK,YNB+CSM+2% galactose,37,60,min,CAC,WAY_CP69
C6623,#40,DMSO,matched,,1,C6547,WAYC,CEK,YNB+CSM+2% galactose,37,60,min,CAC,WAY_CP69
C6728,#9,Water,matched,,1,C6727,WAYC,CEK,YNB+CSM+2% galactose,37,120,min,O,WAY_CP71
C6729,#17,Water,matched,,1,C6727,WAYC,CEK,YNB+CSM+2% galactose,37,120,min,O,WAY_CP71
C6730,#25,Water,matched,,1,C6727,WAYC,CEK,YNB+CSM+2% galactose,37,120,min,O,WAY_CP71
C6732,#41,Water,matched,,1,C6727,WAYC,CEK,YNB+CSM+2% galactose,37,120,min,O,WAY_CP71
C6740,#10,DMSO,matched,,1,C6739,WAYC,CEK,YNB+CSM+2% galactose,37,120,min,O,WAY_CP71
C6741,#18,DMSO,matched,,1,C6739,WAYC,CEK,YNB+CSM+2% galactose,37,120,min,O,WAY_CP71
C6744,#42,DMSO,matched,,1,C6739,WAYC,CEK,YNB+CSM+2% galactose,37,120,min,O,WAY_CP71
C6752,#11,Water,matched,,1,C6727,WAYC,CEK,YNB+CSM+2% galactose,37,120,min,O,WAY_CP71
C6754,#27,Water,matched,,1,C6727,WAYC,CEK,YNB+CSM+2% galactose,37,120,min,O,WAY_CP71
C6756,#43,Water,matched,,1,C6727,WAYC,CEK,YNB+CSM+2% galactose,37,120,min,O,WAY_CP71
C6763,#4,DMSO,matched,,1,C6739,WAYC,CEK,YNB+CSM+2% galactose,37,120,min,O,WAY_CP71
C6764,#12,DMSO,matched,,1,C6739,WAYC,CEK,YNB+CSM+2% galactose,37,120,min,O,WAY_CP71
C6766,#28,DMSO,matched,,1,C6739,WAYC,CEK,YNB+CSM+2% galactose,37,120,min,O,WAY_CP71
C6768,#44,DMSO,matched,,1,C6739,WAYC,CEK,YNB+CSM+2% galactose,37,120,min,O,WAY_CP71
C6776,#13,Water,matched,,1,C6727,WAYC,CEK,YNB+CSM+2% galactose,37,120,min,O,WAY_CP71
C6777,#21,Water,matched,,1,C6727,WAYC,CEK,YNB+CSM+2% galactose,37,120,min,O,WAY_CP71
C6778,#29,Water,matched,,1,C6727,WAYC,CEK,YNB+CSM+2% galactose,37,120,min,O,WAY_CP71
C6780,#45,Water,matched,,1,C6727,WAYC,CEK,YNB+CSM+2% galactose,37,120,min,O,WAY_CP71
C6787,#6,DMSO,matched,,1,C6739,WAYC,CEK,YNB+CSM+2% galactose,37,120,min,O,WAY_CP71
C6788,#14,DMSO,matched,,1,C6739,WAYC,CEK,YNB+CSM+2% galactose,37,120,min,O,WAY_CP71
C6789,#22,DMSO,matched,,1,C6739,WAYC,CEK,YNB+CSM+2% galactose,37,120,min,O,WAY_CP71
C6790,#30,DMSO,matched,,1,C6739,WAYC,CEK,YNB+CSM+2% galactose,37,120,min,O,WAY_CP71
C6791,#38,DMSO,matched,,1,C6739,WAYC,CEK,YNB+CSM+2% galactose,37,120,min,O,WAY_CP71
C6792,#46,DMSO,matched,,1,C6739,WAYC,CEK,YNB+CSM+2% galactose,37,120,min,O,WAY_CP71
C6799,#7,Water,matched,,1,C6727,WAYC,CEK,YNB+CSM+2% galactose,37,120,min,O,WAY_CP71
C6800,#15,Water,matched,,1,C6727,WAYC,CEK,YNB+CSM+2% galactose,37,120,min,O,WAY_CP71
C6801,#23,Water,matched,,1,C6727,WAYC,CEK,YNB+CSM+2% galactose,37,120,min,O,WAY_CP71
C6802,#31,Water,matched,,1,C6727,WAYC,CEK,YNB+CSM+2% galactose,37,120,min,O,WAY_CP71
C6803,#39,Water,matched,,1,C6727,WAYC,CEK,YNB+CSM+2% galactose,37,120,min,O,WAY_CP71
C6803_rep01,#39,Water,matched,,1,C6727,WAYC,CEK,YNB+CSM+2% galactose,37,120,min,O,WAY_CP71
C6811,#8,DMSO,matched,,1,C6739,WAYC,CEK,YNB+CSM+2% galactose,37,120,min,O,WAY_CP71
C6815,#40,DMSO,matched,,1,C6739,WAYC,CEK,YNB+CSM+2% galactose,37,120,min,O,WAY_CP71
C6824,#9,Water,matched,,1,C6823,WAYC,CEK,YNB+CSM+2% galactose,37,240,min,CAC,WAY_CP72
C6825,#17,Water,matched,,1,C6823,WAYC,CEK,YNB+CSM+2% galactose,37,240,min,CAC,WAY_CP72
C6828,#41,Water,matched,,1,C6823,WAYC,CEK,YNB+CSM+2% galactose,37,240,min,CAC,WAY_CP72
C6836,#10,DMSO,matched,,1,C6835,WAYC,CEK,YNB+CSM+2% galactose,37,240,min,CAC,WAY_CP72
C6837,#18,DMSO,matched,,1,C6835,WAYC,CEK,YNB+CSM+2% galactose,37,240,min,CAC,WAY_CP72
C6840,#42,DMSO,matched,,1,C6835,WAYC,CEK,YNB+CSM+2% galactose,37,240,min,CAC,WAY_CP72
C6848,#11,Water,matched,,1,C6823,WAYC,CEK,YNB+CSM+2% galactose,37,240,min,CAC,WAY_CP72
C6850,#27,Water,matched,,1,C6823,WAYC,CEK,YNB+CSM+2% galactose,37,240,min,CAC,WAY_CP72
C6852,#43,Water,matched,,1,C6823,WAYC,CEK,YNB+CSM+2% galactose,37,240,min,CAC,WAY_CP72
C6859,#4,DMSO,matched,,1,C6835,WAYC,CEK,YNB+CSM+2% galactose,37,240,min,CAC,WAY_CP72
C6861,#20,DMSO,matched,,1,C6835,WAYC,CEK,YNB+CSM+2% galactose,37,240,min,CAC,WAY_CP72
C6862,#28,DMSO,matched,,1,C6835,WAYC,CEK,YNB+CSM+2% galactose,37,240,min,CAC,WAY_CP72
C6864,#44,DMSO,matched,,1,C6835,WAYC,CEK,YNB+CSM+2% galactose,37,240,min,CAC,WAY_CP72
C6872,#13,Water,matched,,1,C6823,WAYC,CEK,YNB+CSM+2% galactose,37,240,min,CAC,WAY_CP72
C6873,#21,Water,matched,,1,C6823,WAYC,CEK,YNB+CSM+2% galactose,37,240,min,CAC,WAY_CP72
C6874,#29,Water,matched,,1,C6823,WAYC,CEK,YNB+CSM+2% galactose,37,240,min,CAC,WAY_CP72
C6876,#45,Water,matched,,1,C6823,WAYC,CEK,YNB+CSM+2% galactose,37,240,min,CAC,WAY_CP72
C6883,#6,DMSO,matched,,1,C6835,WAYC,CEK,YNB+CSM+2% galactose,37,240,min,CAC,WAY_CP72
C6884,#14,DMSO,matched,,1,C6835,WAYC,CEK,YNB+CSM+2% galactose,37,240,min,CAC,WAY_CP72
C6885,#22,DMSO,matched,,1,C6835,WAYC,CEK,YNB+CSM+2% galactose,37,240,min,CAC,WAY_CP72
C6886,#30,DMSO,matched,,1,C6835,WAYC,CEK,YNB+CSM+2% galactose,37,240,min,CAC,WAY_CP72
C6887,#38,DMSO,matched,,1,C6835,WAYC,CEK,YNB+CSM+2% galactose,37,240,min,CAC,WAY_CP72
C6888,#46,DMSO,matched,,1,C6835,WAYC,CEK,YNB+CSM+2% galactose,37,240,min,CAC,WAY_CP72
C6895,#7,Water,matched,,1,C6823,WAYC,CEK,YNB+CSM+2% galactose,37,240,min,CAC,WAY_CP72
C6896,#15,Water,matched,,1,C6823,WAYC,CEK,YNB+CSM+2% galactose,37,240,min,CAC,WAY_CP72
C6897,#23,Water,matched,,1,C6823,WAYC,CEK,YNB+CSM+2% galactose,37,240,min,CAC,WAY_CP72
C6898,#31,Water,matched,,1,C6823,WAYC,CEK,YNB+CSM+2% galactose,37,240,min,CAC,WAY_CP72
C6899,#39,Water,matched,,1,C6823,WAYC,CEK,YNB+CSM+2% galactose,37,240,min,CAC,WAY_CP72
C6907,#8,DMSO,matched,,1,C6835,WAYC,CEK,YNB+CSM+2% galactose,37,240,min,CAC,WAY_CP72
C6911,#40,DMSO,matched,,1,C6835,WAYC,CEK,YNB+CSM+2% galactose,37,240,min,CAC,WAY_CP72
