model,scenario,chemical_name,n_samples,n_valid_positions,absolute_rmse,raw_fc_pcc,raw_fc_direction_accuracy,matched_control_rmse,rmse_gain_vs_matched_control
D0 seed1,val_chem_only,Amphotericin B,282,886820,0.5664427876472473,0.325285297610601,0.6110146365666088,0.405770868062973,-0.1606719195842743
D0 seed1,val_chem_only,FCCP,284,891729,0.547525942325592,0.31760665642888536,0.6034849152601295,0.3331632912158966,-0.21436265110969543
D0 seed1,val_chem_only,Hydroxyurea,284,1015533,0.5711154341697693,0.30859960970836736,0.605937965580636,0.3893176019191742,-0.1817978322505951
D0 seed1,val_chem_only,Pentamidine isethionate,95,346403,0.4730834364891052,0.42440338781951786,0.6306729445183789,0.4029056429862976,-0.07017779350280762
D0 seed1,val_chem_only,Raloxifene hydrochloride,24,81754,0.6010904312133789,0.321490135026071,0.5956161166426107,0.5198606848716736,-0.08122974634170532
D0 seed1,val_chem_only,Sulfometuron methyl,96,354904,0.4838462173938751,0.3818922047221049,0.6237348691477131,0.35127514600753784,-0.13257107138633728
D0 seed2,val_chem_only,Amphotericin B,282,886820,0.5855491757392883,0.3137121303817604,0.603267855934688,0.405770868062973,-0.1797783076763153
D0 seed2,val_chem_only,FCCP,284,891729,0.5694893002510071,0.2991119561052616,0.5935211258128871,0.3331632912158966,-0.23632600903511047
D0 seed2,val_chem_only,Hydroxyurea,284,1015533,0.5891472697257996,0.2974667777498587,0.5998367359800223,0.3893176019191742,-0.19982966780662537
D0 seed2,val_chem_only,Pentamidine isethionate,95,346403,0.49680253863334656,0.4002651602471429,0.6313138165662537,0.4029056429862976,-0.09389689564704895
D0 seed2,val_chem_only,Raloxifene hydrochloride,24,81754,0.6373428106307983,0.2967946621306683,0.5939403576583409,0.5198606848716736,-0.11748212575912476
D0 seed2,val_chem_only,Sulfometuron methyl,96,354904,0.500282883644104,0.36393610569551293,0.6232305074048193,0.35127514600753784,-0.14900773763656616
D2 seed1,val_chem_only,Amphotericin B,282,886820,0.7003768682479858,0.2906377178787081,0.594436300489389,0.405770868062973,-0.2946060001850128
D2 seed1,val_chem_only,FCCP,284,891729,0.5571846961975098,0.3154848307369178,0.6025597462906331,0.3331632912158966,-0.22402140498161316
D2 seed1,val_chem_only,Hydroxyurea,284,1015533,0.5209165811538696,0.34975335162790905,0.6219719103170454,0.3893176019191742,-0.13159897923469543
D2 seed1,val_chem_only,Pentamidine isethionate,95,346403,0.5557621121406555,0.3631904250824375,0.6064006374078746,0.4029056429862976,-0.1528564691543579
D2 seed1,val_chem_only,Raloxifene hydrochloride,24,81754,0.6068248748779297,0.35292917794842055,0.615003547227047,0.5198606848716736,-0.0869641900062561
D2 seed1,val_chem_only,Sulfometuron methyl,96,354904,0.4638267457485199,0.3949508064340876,0.634923810382526,0.35127514600753784,-0.11255159974098206
D2 seed2,val_chem_only,Amphotericin B,282,886820,0.7077863216400146,0.2876502655760494,0.5953485487472091,0.405770868062973,-0.3020154535770416
D2 seed2,val_chem_only,FCCP,284,891729,0.5961798429489136,0.2899298296653303,0.5910708298148877,0.3331632912158966,-0.26301655173301697
D2 seed2,val_chem_only,Hydroxyurea,284,1015533,0.5353654623031616,0.34001761945247594,0.6136422942435155,0.3893176019191742,-0.14604786038398743
D2 seed2,val_chem_only,Pentamidine isethionate,95,346403,0.4837956428527832,0.4139804564645372,0.6336030577102393,0.4029056429862976,-0.0808899998664856
D2 seed2,val_chem_only,Raloxifene hydrochloride,24,81754,0.6043224930763245,0.3372624112646493,0.6063189568706119,0.5198606848716736,-0.08446180820465088
D2 seed2,val_chem_only,Sulfometuron methyl,96,354904,0.45797333121299744,0.40146680599007706,0.6365045195320425,0.35127514600753784,-0.1066981852054596
S1 C seed1,val_chem_only,Amphotericin B,282,886820,0.712543249130249,0.28771633289887566,0.5982555648271352,0.405770868062973,-0.306772381067276
S1 C seed1,val_chem_only,FCCP,284,891729,0.6430798768997192,0.281247994750722,0.5931835793161375,0.3331632912158966,-0.30991658568382263
S1 C seed1,val_chem_only,Hydroxyurea,284,1015533,0.5664078593254089,0.32031117199415143,0.6090949284759826,0.3893176019191742,-0.17709025740623474
S1 C seed1,val_chem_only,Pentamidine isethionate,95,346403,0.5001537203788757,0.4083365108855899,0.6347751029869834,0.4029056429862976,-0.09724807739257812
S1 C seed1,val_chem_only,Raloxifene hydrochloride,24,81754,0.6310303807258606,0.3430371681998793,0.6109303520317049,0.5198606848716736,-0.11116969585418701
S1 C seed1,val_chem_only,Sulfometuron methyl,96,354904,0.488768070936203,0.38603518503175316,0.6353323715709037,0.35127514600753784,-0.13749292492866516
S1 C seed2,val_chem_only,Amphotericin B,282,886820,0.8355970978736877,0.2604913595684665,0.5814077264833901,0.405770868062973,-0.4298262298107147
S1 C seed2,val_chem_only,FCCP,284,891729,0.6467714309692383,0.2698026546197075,0.5827622517603442,0.3331632912158966,-0.3136081397533417
S1 C seed2,val_chem_only,Hydroxyurea,284,1015533,0.49050912261009216,0.3569784616776012,0.6220910595716732,0.3893176019191742,-0.10119152069091797
S1 C seed2,val_chem_only,Pentamidine isethionate,95,346403,0.5339308381080627,0.3727506017356384,0.6151794297393498,0.4029056429862976,-0.13102519512176514
S1 C seed2,val_chem_only,Raloxifene hydrochloride,24,81754,0.5645424127578735,0.38298660827874764,0.6237737603053062,0.5198606848716736,-0.04468172788619995
S1 C seed2,val_chem_only,Sulfometuron methyl,96,354904,0.4094924032688141,0.4494699669447902,0.6545629240583369,0.35127514600753784,-0.058217257261276245
S2C seed1,val_chem_only,Amphotericin B,282,886820,0.5664427876472473,0.325285297610601,0.6110146365666088,0.405770868062973,-0.1606719195842743
S2C seed1,val_chem_only,FCCP,284,891729,0.547525942325592,0.31760665642888536,0.6034849152601295,0.3331632912158966,-0.21436265110969543
S2C seed1,val_chem_only,Hydroxyurea,284,1015533,0.5711154341697693,0.30859960970836736,0.605937965580636,0.3893176019191742,-0.1817978322505951
S2C seed1,val_chem_only,Pentamidine isethionate,95,346403,0.4730834364891052,0.42440338781951786,0.6306729445183789,0.4029056429862976,-0.07017779350280762
S2C seed1,val_chem_only,Raloxifene hydrochloride,24,81754,0.6010904312133789,0.321490135026071,0.5956161166426107,0.5198606848716736,-0.08122974634170532
S2C seed1,val_chem_only,Sulfometuron methyl,96,354904,0.4838462173938751,0.3818922047221049,0.6237348691477131,0.35127514600753784,-0.13257107138633728
S2C seed2,val_chem_only,Amphotericin B,282,886820,0.5855491757392883,0.3137121303817604,0.603267855934688,0.405770868062973,-0.1797783076763153
S2C seed2,val_chem_only,FCCP,284,891729,0.5694893002510071,0.2991119561052616,0.5935211258128871,0.3331632912158966,-0.23632600903511047
S2C seed2,val_chem_only,Hydroxyurea,284,1015533,0.5891472697257996,0.2974667777498587,0.5998367359800223,0.3893176019191742,-0.19982966780662537
S2C seed2,val_chem_only,Pentamidine isethionate,95,346403,0.49680253863334656,0.4002651602471429,0.6313138165662537,0.4029056429862976,-0.09389689564704895
S2C seed2,val_chem_only,Raloxifene hydrochloride,24,81754,0.6373428106307983,0.2967946621306683,0.5939403576583409,0.5198606848716736,-0.11748212575912476
S2C seed2,val_chem_only,Sulfometuron methyl,96,354904,0.500282883644104,0.36393610569551293,0.6232305074048193,0.35127514600753784,-0.14900773763656616
S2C two-seed mean,val_chem_only,Amphotericin B,282,886820,0.5677229762077332,0.3243368411538321,0.609442727949302,0.405770868062973,-0.16195210814476013
S2C two-seed mean,val_chem_only,FCCP,284,891729,0.5499485731124878,0.312935366687613,0.6003326122622455,0.3331632912158966,-0.2167852818965912
S2C two-seed mean,val_chem_only,Hydroxyurea,284,1015533,0.5717589259147644,0.307608996600495,0.6051570948457607,0.3893176019191742,-0.1824413239955902
S2C two-seed mean,val_chem_only,Pentamidine isethionate,95,346403,0.47537270188331604,0.4197540577963,0.6344315724748342,0.4029056429862976,-0.07246705889701843
S2C two-seed mean,val_chem_only,Raloxifene hydrochloride,24,81754,0.6065258979797363,0.3154394103018859,0.5982092619321379,0.5198606848716736,-0.08666521310806274
S2C two-seed mean,val_chem_only,Sulfometuron methyl,96,354904,0.4834437966346741,0.3785708649389795,0.6262961251493362,0.35127514600753784,-0.13216865062713623
D0 seed1,val_strain_only,"(1R, 2S, 5R) - (-) - Menthol",24,87632,0.7025564908981323,0.24677962804653134,0.5813287383604163,0.34805646538734436,-0.35450002551078796
D0 seed1,val_strain_only,1-10 Phenanthroline monohydrate,48,174947,0.6997125148773193,0.25691646172120725,0.5885896871623978,0.35278311371803284,-0.3469294011592865
D0 seed1,val_strain_only,4-Hydroxytamoxifen,24,87104,0.7231800556182861,0.28107950607060184,0.587665319617928,0.4519001245498657,-0.2712799310684204
D0 seed1,val_strain_only,Amiodarone hydrochloride,23,73670,0.8329519629478455,0.1656505944772813,0.537749423103027,0.5889292359352112,-0.24402272701263428
D0 seed1,val_strain_only,Anisomycin,48,183200,0.6965605616569519,0.2945479963230099,0.5945687772925764,0.37533098459243774,-0.32122957706451416
D0 seed1,val_strain_only,Artemisinin,24,87987,0.7187502384185791,0.1739647633239171,0.5554456908406924,0.3194447159767151,-0.399305522441864
D0 seed1,val_strain_only,Brefeldin A,48,179607,0.6981097459793091,0.2716607493420139,0.5914635843814551,0.3586706817150116,-0.3394390642642975
D0 seed1,val_strain_only,CHX,51,179518,0.8047993183135986,0.25387077902595523,0.5894784924074467,0.4087584316730499,-0.3960408866405487
D0 seed1,val_strain_only,Cisplatin,72,256795,0.7452461123466492,0.2326479494692429,0.5819739480908896,0.3453108072280884,-0.3999353051185608
D0 seed1,val_strain_only,Clomiphene citrate,24,87849,0.694948136806488,0.26234737464238295,0.5820441894614623,0.340463787317276,-0.35448434948921204
D0 seed1,val_strain_only,Clotrimazole,24,91638,0.6911317706108093,0.31022863494952657,0.6050328466356751,0.378872275352478,-0.3122594952583313
D0 seed1,val_strain_only,Cyclopiazonic acid,24,73547,0.853641927242279,0.18488183872780473,0.5529933239968999,0.6291213035583496,-0.22452062368392944
D0 seed1,val_strain_only,Desipramine hydrochloride,23,87358,0.6867542862892151,0.33100401490131043,0.6115181208360997,0.39586612582206726,-0.2908881604671478
D0 seed1,val_strain_only,Dyclonine hydrochloride,13,49963,0.6784054040908813,0.2806522624075989,0.5967816183976142,0.35048073530197144,-0.3279246687889099
D0 seed1,val_strain_only,EDTA,144,518606,0.8156610131263733,0.23171646793247616,0.573928955700474,0.35599082708358765,-0.45967018604278564
D0 seed1,val_strain_only,Emodin,24,86728,0.7157895565032959,0.2574008300330629,0.5831911262798635,0.4034174680709839,-0.312372088432312
D0 seed1,val_strain_only,Geldanamycin,24,87891,0.7001516222953796,0.25422757922852723,0.5917556973979133,0.3497157692909241,-0.35043585300445557
D0 seed1,val_strain_only,Haloperidol,24,91401,0.689429759979248,0.3150713393197345,0.6115469196179473,0.3767552673816681,-0.31267449259757996
D0 seed1,val_strain_only,Harmine hydrochloride,24,86918,0.7327214479446411,0.22411047595521752,0.5771761890517499,0.43227535486221313,-0.300446093082428
D0 seed1,val_strain_only,Hoechst 33258,23,83761,0.8752245903015137,0.18608581814234398,0.55454208999415,0.6847280859947205,-0.1904965043067932
D0 seed1,val_strain_only,LY 294002 hydrochloride,24,88180,0.7290210127830505,0.24827535644751997,0.5811635291449309,0.442640095949173,-0.28638091683387756
D0 seed1,val_strain_only,NaCl,72,254240,0.8014753460884094,0.15759370412573448,0.5671491504090623,0.4323720932006836,-0.36910325288772583
D0 seed1,val_strain_only,Nigericin,24,89166,0.7644661664962769,0.22877387635263727,0.5744678464885719,0.5036889910697937,-0.26077717542648315
D0 seed1,val_strain_only,Nocodazole,24,84550,0.7123975157737732,0.25971911257628283,0.5865405085748078,0.4053686261177063,-0.3070288896560669
D0 seed1,val_strain_only,Nystatin dihydrate,24,87755,0.7616527676582336,0.2551187297795203,0.5823143980399977,0.5283347964286804,-0.23331797122955322
D0 seed1,val_strain_only,Oligomycin,24,78659,0.7661067247390747,0.2488227011233862,0.5947952554698127,0.5178152322769165,-0.2482914924621582
D0 seed1,val_strain_only,Parthenolide,24,88568,0.7075190544128418,0.2974182625449781,0.6026781681871556,0.4310588538646698,-0.276460200548172
D0 seed1,val_strain_only,Rapamycin,72,259073,0.8511754274368286,0.1614462592507337,0.5487410884190942,0.3784373700618744,-0.4727380573749542
D0 seed1,val_strain_only,SDS,72,255928,0.8502220511436462,0.19952446616099262,0.5597511800193804,0.35737958550453186,-0.4928424656391144
D0 seed1,val_strain_only,Sorbitol,72,253614,0.8549331426620483,0.1795148831225473,0.5671295748657409,0.43918493390083313,-0.4157482087612152
D0 seed1,val_strain_only,Staurosporine,24,91760,0.6902004480361938,0.30611321871736447,0.6035854402789886,0.36498501896858215,-0.3252154290676117
D0 seed1,val_strain_only,Trichostatin A,24,87658,0.7292556166648865,0.25641077564023296,0.5803349380547126,0.4485454857349396,-0.2807101309299469
D0 seed1,val_strain_only,Trifluoperazine dihydrochloride,24,91600,0.6880664825439453,0.32594910664282845,0.6105349344978166,0.39752334356307983,-0.2905431389808655
D0 seed1,val_strain_only,Tunicamycin,24,87789,0.7194063663482666,0.2531974676017926,0.5944936153732244,0.38615918159484863,-0.33324718475341797
D0 seed1,val_strain_only,U-73122,24,91663,0.7001258730888367,0.27809952289801143,0.5829396812236126,0.36856386065483093,-0.33156201243400574
D0 seed1,val_strain_only,Valinomycin,24,87445,0.7105494141578674,0.22626534615033664,0.5754931671336269,0.3564397096633911,-0.3541097044944763
D0 seed1,val_strain_only,Wortmannin,24,90466,0.7838754653930664,0.19450374074501273,0.5540424026706166,0.5026594400405884,-0.281216025352478
D0 seed2,val_strain_only,"(1R, 2S, 5R) - (-) - Menthol",24,87632,0.691356897354126,0.24823688876079,0.5836224210334124,0.34805646538734436,-0.3433004319667816
D0 seed2,val_strain_only,1-10 Phenanthroline monohydrate,48,174947,0.6904211044311523,0.2548751278780929,0.587200695067649,0.35278311371803284,-0.3376379907131195
D0 seed2,val_strain_only,4-Hydroxytamoxifen,24,87104,0.7102600932121277,0.29563356583137945,0.5976763409257898,0.4519001245498657,-0.25835996866226196
D0 seed2,val_strain_only,Amiodarone hydrochloride,23,73670,0.8145797252655029,0.17700827653451862,0.5403692140627121,0.5889292359352112,-0.22565048933029175
D0 seed2,val_strain_only,Anisomycin,48,183200,0.6856139302253723,0.3036541589630813,0.6029967248908297,0.37533098459243774,-0.31028294563293457
D0 seed2,val_strain_only,Artemisinin,24,87987,0.7056658864021301,0.18442271035204155,0.5592303408458068,0.3194447159767151,-0.38622117042541504
D0 seed2,val_strain_only,Brefeldin A,48,179607,0.6864750385284424,0.28151609133994054,0.5987628544544478,0.3586706817150116,-0.3278043568134308
D0 seed2,val_strain_only,CHX,51,179518,0.783069908618927,0.2556876543740911,0.5848382891966265,0.4087584316730499,-0.3743114769458771
D0 seed2,val_strain_only,Cisplatin,72,256795,0.7579823136329651,0.2228632938524443,0.5773476897914679,0.3453108072280884,-0.4126715064048767
D0 seed2,val_strain_only,Clomiphene citrate,24,87849,0.6754721403121948,0.278884940685919,0.5930061810606837,0.340463787317276,-0.3350083529949188
D0 seed2,val_strain_only,Clotrimazole,24,91638,0.6806560158729553,0.324003347893431,0.6103254108557585,0.378872275352478,-0.3017837405204773
D0 seed2,val_strain_only,Cyclopiazonic acid,24,73547,0.8352468013763428,0.20028884098552194,0.5600092457884074,0.6291213035583496,-0.20612549781799316
D0 seed2,val_strain_only,Desipramine hydrochloride,23,87358,0.6693629622459412,0.353969877128925,0.6231484237276494,0.39586612582206726,-0.2734968364238739
D0 seed2,val_strain_only,Dyclonine hydrochloride,13,49963,0.6687797904014587,0.29230536928531287,0.6047475131597382,0.35048073530197144,-0.3182990550994873
D0 seed2,val_strain_only,EDTA,144,518606,0.7874798774719238,0.24465972058288737,0.5800588500711523,0.35599082708358765,-0.4314890503883362
D0 seed2,val_strain_only,Emodin,24,86728,0.6965787410736084,0.27928304876675514,0.5932340190019371,0.4034174680709839,-0.2931612730026245
D0 seed2,val_strain_only,Geldanamycin,24,87891,0.6908830404281616,0.2548854194746628,0.5886268218588934,0.3497157692909241,-0.34116727113723755
D0 seed2,val_strain_only,Haloperidol,24,91401,0.6807611584663391,0.31973627560984486,0.6143368234483212,0.3767552673816681,-0.304005891084671
D0 seed2,val_strain_only,Harmine hydrochloride,24,86918,0.7213945388793945,0.217518149256704,0.5729883338318875,0.43227535486221313,-0.2891191840171814
D0 seed2,val_strain_only,Hoechst 33258,23,83761,0.8600664734840393,0.19498492107578463,0.5590191139074271,0.6847280859947205,-0.17533838748931885
D0 seed2,val_strain_only,LY 294002 hydrochloride,24,88180,0.7105867266654968,0.27055416333316906,0.594511227035609,0.442640095949173,-0.26794663071632385
D0 seed2,val_strain_only,NaCl,72,254240,0.8229149580001831,0.1250729103065503,0.5538270925110133,0.4323720932006836,-0.3905428647994995
D0 seed2,val_strain_only,Nigericin,24,89166,0.7550774812698364,0.23646132846735268,0.5780566583675392,0.5036889910697937,-0.2513884902000427
D0 seed2,val_strain_only,Nocodazole,24,84550,0.6973360180854797,0.2765353709598667,0.5926670609107038,0.4053686261177063,-0.29196739196777344
D0 seed2,val_strain_only,Nystatin dihydrate,24,87755,0.7384374737739563,0.2831651613992259,0.5947467380776024,0.5283347964286804,-0.21010267734527588
D0 seed2,val_strain_only,Oligomycin,24,78659,0.7299643158912659,0.27946930702882017,0.598596473385118,0.5178152322769165,-0.21214908361434937
D0 seed2,val_strain_only,Parthenolide,24,88568,0.6943292021751404,0.31325239817636047,0.6138221479541144,0.4310588538646698,-0.2632703483104706
D0 seed2,val_strain_only,Rapamycin,72,259073,0.8250239491462708,0.16791345162107363,0.5546390399617096,0.3784373700618744,-0.44658657908439636
D0 seed2,val_strain_only,SDS,72,255928,0.8120980262756348,0.20917157906464684,0.565338689006283,0.35737958550453186,-0.4547184407711029
D0 seed2,val_strain_only,Sorbitol,72,253614,0.8301172852516174,0.18364818141711056,0.5659624468680751,0.43918493390083313,-0.3909323513507843
D0 seed2,val_strain_only,Staurosporine,24,91760,0.6789368391036987,0.3197044011905822,0.6117916303400175,0.36498501896858215,-0.3139518201351166
D0 seed2,val_strain_only,Trichostatin A,24,87658,0.7211132645606995,0.25127650867472945,0.5789659814278217,0.4485454857349396,-0.2725677788257599
D0 seed2,val_strain_only,Trifluoperazine dihydrochloride,24,91600,0.6735227704048157,0.3385031156524024,0.6204366812227075,0.39752334356307983,-0.27599942684173584
D0 seed2,val_strain_only,Tunicamycin,24,87789,0.686864972114563,0.27077745717253293,0.5951884632471038,0.38615918159484863,-0.30070579051971436
D0 seed2,val_strain_only,U-73122,24,91663,0.6883731484413147,0.2879648516178936,0.5944383229874649,0.36856386065483093,-0.31980928778648376
D0 seed2,val_strain_only,Valinomycin,24,87445,0.695717990398407,0.24181125654839877,0.5826976956944365,0.3564397096633911,-0.33927828073501587
D0 seed2,val_strain_only,Wortmannin,24,90466,0.7675978541374207,0.21690649121768935,0.564731501337519,0.5026594400405884,-0.2649384140968323
D2 seed1,val_strain_only,"(1R, 2S, 5R) - (-) - Menthol",24,87632,0.7242843508720398,0.24629868512066297,0.584683677195545,0.34805646538734436,-0.37622788548469543
D2 seed1,val_strain_only,1-10 Phenanthroline monohydrate,48,174947,0.7211381196975708,0.24891420108407017,0.5878351729380898,0.35278311371803284,-0.36835500597953796
D2 seed1,val_strain_only,4-Hydroxytamoxifen,24,87104,0.8483670949935913,0.2797128662283231,0.588078618662748,0.4519001245498657,-0.3964669704437256
D2 seed1,val_strain_only,Amiodarone hydrochloride,23,73670,0.9251194000244141,0.2309077662279168,0.5598208225872132,0.5889292359352112,-0.3361901640892029
D2 seed1,val_strain_only,Anisomycin,48,183200,0.713279664516449,0.2945029208375281,0.603367903930131,0.37533098459243774,-0.33794867992401123
D2 seed1,val_strain_only,Artemisinin,24,87987,0.7398015856742859,0.17418704414518507,0.5574232557082296,0.3194447159767151,-0.4203568696975708
D2 seed1,val_strain_only,Brefeldin A,48,179607,0.7203039526939392,0.2640399150362412,0.5956115296174426,0.3586706817150116,-0.3616332709789276
D2 seed1,val_strain_only,CHX,51,179518,0.740591824054718,0.2725442167731218,0.5974999721476398,0.4087584316730499,-0.3318333923816681
D2 seed1,val_strain_only,Cisplatin,72,256795,0.750285267829895,0.23195493007708304,0.5810043030432835,0.3453108072280884,-0.40497446060180664
D2 seed1,val_strain_only,Clomiphene citrate,24,87849,0.7240522503852844,0.2559231187072064,0.583421552891894,0.340463787317276,-0.3835884630680084
D2 seed1,val_strain_only,Clotrimazole,24,91638,0.7155227065086365,0.30704963534911034,0.6047382090399179,0.378872275352478,-0.33665043115615845
D2 seed1,val_strain_only,Cyclopiazonic acid,24,73547,0.8944665193557739,0.33725620414876073,0.6072171536568453,0.6291213035583496,-0.2653452157974243
D2 seed1,val_strain_only,Desipramine hydrochloride,23,87358,0.7081710696220398,0.33670976549862264,0.6187870601433183,0.39586612582206726,-0.31230494379997253
D2 seed1,val_strain_only,Dyclonine hydrochloride,13,49963,0.701744556427002,0.2800572165500473,0.5979424774333006,0.35048073530197144,-0.3512638211250305
D2 seed1,val_strain_only,EDTA,144,518606,0.7500123977661133,0.25353814734303487,0.5854984323359159,0.35599082708358765,-0.39402157068252563
D2 seed1,val_strain_only,Emodin,24,86728,0.7269639372825623,0.2729570474600316,0.5955400793284752,0.4034174680709839,-0.32354646921157837
D2 seed1,val_strain_only,Geldanamycin,24,87891,0.7212356328964233,0.2514884706135507,0.5883310008988406,0.3497157692909241,-0.37151986360549927
D2 seed1,val_strain_only,Haloperidol,24,91401,0.7105388641357422,0.312404988941581,0.6158357129571886,0.3767552673816681,-0.3337835967540741
D2 seed1,val_strain_only,Harmine hydrochloride,24,86918,0.7539424300193787,0.21845074358235123,0.5798453714995743,0.43227535486221313,-0.3216670751571655
D2 seed1,val_strain_only,Hoechst 33258,23,83761,0.8279247879981995,0.25098348183083696,0.5888181850741993,0.6847280859947205,-0.143196702003479
D2 seed1,val_strain_only,LY 294002 hydrochloride,24,88180,0.7324000597000122,0.2642644391116468,0.5941823542753459,0.442640095949173,-0.28975996375083923
D2 seed1,val_strain_only,NaCl,72,254240,0.8024784922599792,0.16740135698807873,0.5712987728130899,0.4323720932006836,-0.37010639905929565
D2 seed1,val_strain_only,Nigericin,24,89166,0.7180715203285217,0.30552454955413,0.6119821456609021,0.5036889910697937,-0.21438252925872803
D2 seed1,val_strain_only,Nocodazole,24,84550,0.7300229668617249,0.2573340046325773,0.5860910703725606,0.4053686261177063,-0.32465434074401855
D2 seed1,val_strain_only,Nystatin dihydrate,24,87755,0.7077881097793579,0.3401462268097291,0.6281579397185345,0.5283347964286804,-0.1794533133506775
D2 seed1,val_strain_only,Oligomycin,24,78659,0.7792153358459473,0.2900713505777961,0.5997660788975196,0.5178152322769165,-0.26140010356903076
D2 seed1,val_strain_only,Parthenolide,24,88568,0.7311399579048157,0.3209287821186432,0.6150980037936953,0.4310588538646698,-0.3000811040401459
D2 seed1,val_strain_only,Rapamycin,72,259073,0.7896240949630737,0.17318177906262194,0.5578389102685344,0.3784373700618744,-0.41118672490119934
D2 seed1,val_strain_only,SDS,72,255928,0.7679715156555176,0.21174772600491207,0.5715943546622487,0.35737958550453186,-0.4105919301509857
D2 seed1,val_strain_only,Sorbitol,72,253614,0.7868828177452087,0.2047954737113814,0.5808709298382582,0.43918493390083313,-0.3476978838443756
D2 seed1,val_strain_only,Staurosporine,24,91760,0.7118585705757141,0.300547802944577,0.6095466434176111,0.36498501896858215,-0.34687355160713196
D2 seed1,val_strain_only,Trichostatin A,24,87658,0.7439025044441223,0.25464453143991655,0.5846927833169819,0.4485454857349396,-0.29535701870918274
D2 seed1,val_strain_only,Trifluoperazine dihydrochloride,24,91600,0.713564395904541,0.31938927860763167,0.6157314410480349,0.39752334356307983,-0.3160410523414612
D2 seed1,val_strain_only,Tunicamycin,24,87789,0.7230256795883179,0.25506730595489435,0.5965667680461105,0.38615918159484863,-0.33686649799346924
D2 seed1,val_strain_only,U-73122,24,91663,0.713505208492279,0.27566827552823037,0.593129179712643,0.36856386065483093,-0.3449413478374481
D2 seed1,val_strain_only,Valinomycin,24,87445,0.7332055568695068,0.22352765692381668,0.5762936703070501,0.3564397096633911,-0.3767658472061157
D2 seed1,val_strain_only,Wortmannin,24,90466,0.7163211107254028,0.3118696750741308,0.6107930051068909,0.5026594400405884,-0.21366167068481445
D2 seed2,val_strain_only,"(1R, 2S, 5R) - (-) - Menthol",24,87632,0.7018860578536987,0.25493538736735505,0.5825383421581157,0.34805646538734436,-0.35382959246635437
D2 seed2,val_strain_only,1-10 Phenanthroline monohydrate,48,174947,0.705349862575531,0.2530248595806979,0.5846284874847811,0.35278311371803284,-0.35256674885749817
D2 seed2,val_strain_only,4-Hydroxytamoxifen,24,87104,0.822168231010437,0.30346233934577405,0.5968267817781043,0.4519001245498657,-0.3702681064605713
D2 seed2,val_strain_only,Amiodarone hydrochloride,23,73670,0.8544449210166931,0.2746658491837607,0.5724175376679789,0.5889292359352112,-0.26551568508148193
D2 seed2,val_strain_only,Anisomycin,48,183200,0.6977738738059998,0.30558264587364437,0.6033842794759825,0.37533098459243774,-0.322442889213562
D2 seed2,val_strain_only,Artemisinin,24,87987,0.7139667272567749,0.1919711649296594,0.5611851750826826,0.3194447159767151,-0.3945220112800598
D2 seed2,val_strain_only,Brefeldin A,48,179607,0.7018377184867859,0.27544738954989917,0.5972985462704683,0.3586706817150116,-0.3431670367717743
D2 seed2,val_strain_only,CHX,51,179518,0.7365569472312927,0.2698262943745523,0.5916454060317071,0.4087584316730499,-0.3277985155582428
D2 seed2,val_strain_only,Cisplatin,72,256795,0.7405878305435181,0.23426009079327914,0.5799295157615997,0.3453108072280884,-0.3952770233154297
D2 seed2,val_strain_only,Clomiphene citrate,24,87849,0.6968715786933899,0.27305311681543654,0.587337362975105,0.340463787317276,-0.3564077913761139
D2 seed2,val_strain_only,Clotrimazole,24,91638,0.69468092918396,0.32331281505878173,0.6101508107990135,0.378872275352478,-0.31580865383148193
D2 seed2,val_strain_only,Cyclopiazonic acid,24,73547,0.8521201610565186,0.37976358054328024,0.6230709614260269,0.6291213035583496,-0.22299885749816895
D2 seed2,val_strain_only,Desipramine hydrochloride,23,87358,0.6840780973434448,0.353383515940837,0.6216717415691752,0.39586612582206726,-0.28821197152137756
D2 seed2,val_strain_only,Dyclonine hydrochloride,13,49963,0.6757742166519165,0.2962930203283416,0.6027060024418069,0.35048073530197144,-0.32529348134994507
D2 seed2,val_strain_only,EDTA,144,518606,0.7447761297225952,0.2595598805135395,0.5892160908281046,0.35599082708358765,-0.38878530263900757
D2 seed2,val_strain_only,Emodin,24,86728,0.6967273354530334,0.2932854644303872,0.5999331242505304,0.4034174680709839,-0.29330986738204956
D2 seed2,val_strain_only,Geldanamycin,24,87891,0.703579843044281,0.257194839463477,0.5842350183750327,0.3497157692909241,-0.35386407375335693
D2 seed2,val_strain_only,Haloperidol,24,91401,0.6938774585723877,0.3182686634773177,0.6139429546722683,0.3767552673816681,-0.3171221911907196
D2 seed2,val_strain_only,Harmine hydrochloride,24,86918,0.7399924993515015,0.21423792688346208,0.5708138705446513,0.43227535486221313,-0.30771714448928833
D2 seed2,val_strain_only,Hoechst 33258,23,83761,0.7991251349449158,0.29829056152399847,0.6011389548835376,0.6847280859947205,-0.11439704895019531
D2 seed2,val_strain_only,LY 294002 hydrochloride,24,88180,0.7138853669166565,0.28562538947196875,0.5991381265593105,0.442640095949173,-0.2712452709674835
D2 seed2,val_strain_only,NaCl,72,254240,0.7922945022583008,0.1711128412569497,0.5683173379483952,0.4323720932006836,-0.3599224090576172
D2 seed2,val_strain_only,Nigericin,24,89166,0.6920704245567322,0.34896904158057723,0.6240831707152951,0.5036889910697937,-0.18838143348693848
D2 seed2,val_strain_only,Nocodazole,24,84550,0.7102168798446655,0.27544577511172946,0.5913897102306328,0.4053686261177063,-0.30484825372695923
D2 seed2,val_strain_only,Nystatin dihydrate,24,87755,0.6808254718780518,0.3855411078726831,0.6382998119765255,0.5283347964286804,-0.15249067544937134
D2 seed2,val_strain_only,Oligomycin,24,78659,0.74280846118927,0.2934768334872345,0.6005542913080512,0.5178152322769165,-0.22499322891235352
D2 seed2,val_strain_only,Parthenolide,24,88568,0.6874825358390808,0.3367910570561083,0.6219853671755036,0.4310588538646698,-0.256423681974411
D2 seed2,val_strain_only,Rapamycin,72,259073,0.7811017632484436,0.1744883328100159,0.5605987501592216,0.3784373700618744,-0.4026643931865692
D2 seed2,val_strain_only,SDS,72,255928,0.7602033615112305,0.21233628629713733,0.5714028945640961,0.35737958550453186,-0.4028237760066986
D2 seed2,val_strain_only,Sorbitol,72,253614,0.7697136998176575,0.21552553116723364,0.5777244158445511,0.43918493390083313,-0.33052876591682434
D2 seed2,val_strain_only,Staurosporine,24,91760,0.6935831308364868,0.3141042474199737,0.6101024411508282,0.36498501896858215,-0.32859811186790466
D2 seed2,val_strain_only,Trichostatin A,24,87658,0.727433443069458,0.25792853683889466,0.5816240388783682,0.4485454857349396,-0.27888795733451843
D2 seed2,val_strain_only,Trifluoperazine dihydrochloride,24,91600,0.6939688324928284,0.33129722834464176,0.6158951965065502,0.39752334356307983,-0.29644548892974854
D2 seed2,val_strain_only,Tunicamycin,24,87789,0.7193220853805542,0.24948153840753337,0.5863718689129618,0.38615918159484863,-0.33316290378570557
D2 seed2,val_strain_only,U-73122,24,91663,0.7023964524269104,0.2842683234651013,0.5944492325147551,0.36856386065483093,-0.33383259177207947
D2 seed2,val_strain_only,Valinomycin,24,87445,0.7078326940536499,0.24283577267021766,0.5810509463091086,0.3564397096633911,-0.3513929843902588
D2 seed2,val_strain_only,Wortmannin,24,90466,0.6906216740608215,0.35659599780536605,0.6196029447527248,0.5026594400405884,-0.18796223402023315
S1 C seed1,val_strain_only,"(1R, 2S, 5R) - (-) - Menthol",24,87632,0.6682506799697876,0.2631918010074562,0.5959809202117948,0.34805646538734436,-0.32019421458244324
S1 C seed1,val_strain_only,1-10 Phenanthroline monohydrate,48,174947,0.6714518666267395,0.26186079883779495,0.5926766392107324,0.35278311371803284,-0.31866875290870667
S1 C seed1,val_strain_only,4-Hydroxytamoxifen,24,87104,0.6830433011054993,0.31657824693679004,0.6116022226304189,0.4519001245498657,-0.23114317655563354
S1 C seed1,val_strain_only,Amiodarone hydrochloride,23,73670,0.7556419968605042,0.2588655777323889,0.5846206054024705,0.5889292359352112,-0.16671276092529297
S1 C seed1,val_strain_only,Anisomycin,48,183200,0.6624906659126282,0.32054140908620854,0.6146015283842795,0.37533098459243774,-0.28715968132019043
S1 C seed1,val_strain_only,Artemisinin,24,87987,0.6836491823196411,0.19487161687693874,0.5661404525668565,0.3194447159767151,-0.364204466342926
S1 C seed1,val_strain_only,Brefeldin A,48,179607,0.6698042154312134,0.2855204361380303,0.6021090492018685,0.3586706817150116,-0.3111335337162018
S1 C seed1,val_strain_only,CHX,51,179518,0.7400912642478943,0.2820838558300366,0.5982074220969485,0.4087584316730499,-0.33133283257484436
S1 C seed1,val_strain_only,Cisplatin,72,256795,0.7503287196159363,0.2385896088520766,0.5813664596273292,0.3453108072280884,-0.4050179123878479
S1 C seed1,val_strain_only,Clomiphene citrate,24,87849,0.6630606055259705,0.27889248318187937,0.5951462168038338,0.340463787317276,-0.32259681820869446
S1 C seed1,val_strain_only,Clotrimazole,24,91638,0.6592847108840942,0.3418520976862076,0.6182260634234706,0.378872275352478,-0.2804124355316162
S1 C seed1,val_strain_only,Cyclopiazonic acid,24,73547,0.7615618705749512,0.2993128317021839,0.6094606170204088,0.6291213035583496,-0.13244056701660156
S1 C seed1,val_strain_only,Desipramine hydrochloride,23,87358,0.6578729152679443,0.35346558163353914,0.6276013645001031,0.39586612582206726,-0.2620067894458771
S1 C seed1,val_strain_only,Dyclonine hydrochloride,13,49963,0.6435343027114868,0.3200637021576194,0.6171366811440466,0.35048073530197144,-0.2930535674095154
S1 C seed1,val_strain_only,EDTA,144,518606,0.7495337724685669,0.2571977826993605,0.5844552511926202,0.35599082708358765,-0.39354294538497925
S1 C seed1,val_strain_only,Emodin,24,86728,0.6669713854789734,0.30116386002096496,0.610460289641177,0.4034174680709839,-0.2635539174079895
S1 C seed1,val_strain_only,Geldanamycin,24,87891,0.6711758971214294,0.26754276132014065,0.5952145270846845,0.3497157692909241,-0.32146012783050537
S1 C seed1,val_strain_only,Haloperidol,24,91401,0.6591059565544128,0.33399127096074743,0.6215905734072932,0.3767552673816681,-0.28235068917274475
S1 C seed1,val_strain_only,Harmine hydrochloride,24,86918,0.7083728313446045,0.2251020062340527,0.5810188913688764,0.43227535486221313,-0.27609747648239136
S1 C seed1,val_strain_only,Hoechst 33258,23,83761,0.819290816783905,0.24216384314798237,0.58044913503898,0.6847280859947205,-0.13456273078918457
S1 C seed1,val_strain_only,LY 294002 hydrochloride,24,88180,0.6805326342582703,0.30296808017411275,0.6115559083692447,0.442640095949173,-0.2378925383090973
S1 C seed1,val_strain_only,NaCl,72,254240,0.798992395401001,0.18304241624272255,0.5720696979232222,0.4323720932006836,-0.3666203022003174
S1 C seed1,val_strain_only,Nigericin,24,89166,0.6920891404151917,0.3180886495213736,0.6120830809949981,0.5036889910697937,-0.18840014934539795
S1 C seed1,val_strain_only,Nocodazole,24,84550,0.6760693788528442,0.28730241790180727,0.6000354819633353,0.4053686261177063,-0.27070075273513794
S1 C seed1,val_strain_only,Nystatin dihydrate,24,87755,0.6731666326522827,0.3746190012565054,0.6338214346760869,0.5283347964286804,-0.1448318362236023
S1 C seed1,val_strain_only,Oligomycin,24,78659,0.7148744463920593,0.27487779506450005,0.6033766002618899,0.5178152322769165,-0.19705921411514282
S1 C seed1,val_strain_only,Parthenolide,24,88568,0.6569339632987976,0.34717555100550496,0.6306227983018697,0.4310588538646698,-0.2258751094341278
S1 C seed1,val_strain_only,Rapamycin,72,259073,0.7842124700546265,0.1899413401279812,0.5614672312437035,0.3784373700618744,-0.4057750999927521
S1 C seed1,val_strain_only,SDS,72,255928,0.7640052437782288,0.21781118662353388,0.5695898846550592,0.35737958550453186,-0.4066256582736969
S1 C seed1,val_strain_only,Sorbitol,72,253614,0.7791789174079895,0.2299592826301396,0.5858903688282192,0.43918493390083313,-0.33999398350715637
S1 C seed1,val_strain_only,Staurosporine,24,91760,0.6591993570327759,0.33143283666787393,0.6191150828247602,0.36498501896858215,-0.2942143380641937
S1 C seed1,val_strain_only,Trichostatin A,24,87658,0.6998899579048157,0.2636431431321737,0.587647448036688,0.4485454857349396,-0.2513444721698761
S1 C seed1,val_strain_only,Trifluoperazine dihydrochloride,24,91600,0.662285327911377,0.34183764520335264,0.624061135371179,0.39752334356307983,-0.2647619843482971
S1 C seed1,val_strain_only,Tunicamycin,24,87789,0.676684558391571,0.2732322906170549,0.5987766121040221,0.38615918159484863,-0.2905253767967224
S1 C seed1,val_strain_only,U-73122,24,91663,0.666696310043335,0.3024700239144919,0.6070170079530454,0.36856386065483093,-0.29813244938850403
S1 C seed1,val_strain_only,Valinomycin,24,87445,0.6761162877082825,0.25180546290609657,0.5888844416490365,0.3564397096633911,-0.31967657804489136
S1 C seed1,val_strain_only,Wortmannin,24,90466,0.6935805082321167,0.3271761957916607,0.6111467291579157,0.5026594400405884,-0.19092106819152832
S1 C seed2,val_strain_only,"(1R, 2S, 5R) - (-) - Menthol",24,87632,0.7328782081604004,0.24017172946628293,0.5878674456819427,0.34805646538734436,-0.38482174277305603
S1 C seed2,val_strain_only,1-10 Phenanthroline monohydrate,48,174947,0.7385467290878296,0.23708904938591716,0.5862747003378166,0.35278311371803284,-0.38576361536979675
S1 C seed2,val_strain_only,4-Hydroxytamoxifen,24,87104,0.7638614177703857,0.32523489791141413,0.6012927075679647,0.4519001245498657,-0.31196129322052
S1 C seed2,val_strain_only,Amiodarone hydrochloride,23,73670,0.7477535009384155,0.34267724182581455,0.5950997692412108,0.5889292359352112,-0.15882426500320435
S1 C seed2,val_strain_only,Anisomycin,48,183200,0.7294787168502808,0.2831539515158095,0.6060644104803493,0.37533098459243774,-0.354147732257843
S1 C seed2,val_strain_only,Artemisinin,24,87987,0.7499331831932068,0.17387716476368956,0.5625376476070328,0.3194447159767151,-0.4304884672164917
S1 C seed2,val_strain_only,Brefeldin A,48,179607,0.7373992204666138,0.25338099231323785,0.5953331440311347,0.3586706817150116,-0.3787285387516022
S1 C seed2,val_strain_only,CHX,51,179518,0.7467975616455078,0.2735448249359308,0.594892991232077,0.4087584316730499,-0.3380391299724579
S1 C seed2,val_strain_only,Cisplatin,72,256795,0.7441746592521667,0.24518651652813703,0.5890846784400008,0.3453108072280884,-0.39886385202407837
S1 C seed2,val_strain_only,Clomiphene citrate,24,87849,0.7263177633285522,0.25697585907142695,0.5921524433971929,0.340463787317276,-0.38585397601127625
S1 C seed2,val_strain_only,Clotrimazole,24,91638,0.7298738956451416,0.3016431424664717,0.6087649228486,0.378872275352478,-0.3510016202926636
S1 C seed2,val_strain_only,Cyclopiazonic acid,24,73547,0.7564592361450195,0.4565508563190244,0.643194147959808,0.6291213035583496,-0.12733793258666992
S1 C seed2,val_strain_only,Desipramine hydrochloride,23,87358,0.7211619019508362,0.31565479255583145,0.6163373703610431,0.39586612582206726,-0.3252957761287689
S1 C seed2,val_strain_only,Dyclonine hydrochloride,13,49963,0.7100526094436646,0.29090694456087335,0.6074695274503132,0.35048073530197144,-0.3595718741416931
S1 C seed2,val_strain_only,EDTA,144,518606,0.7554413080215454,0.2505329765665969,0.5871432262642545,0.35599082708358765,-0.39945048093795776
S1 C seed2,val_strain_only,Emodin,24,86728,0.7321957349777222,0.2649248148127748,0.603715063186053,0.4034174680709839,-0.3287782669067383
S1 C seed2,val_strain_only,Geldanamycin,24,87891,0.7386996150016785,0.24386215230791003,0.5847925271074399,0.3497157692909241,-0.3889838457107544
S1 C seed2,val_strain_only,Haloperidol,24,91401,0.72957843542099,0.29130903614653364,0.6114922156212733,0.3767552673816681,-0.3528231680393219
S1 C seed2,val_strain_only,Harmine hydrochloride,24,86918,0.76787269115448,0.206313354179111,0.5773487655031179,0.43227535486221313,-0.33559733629226685
S1 C seed2,val_strain_only,Hoechst 33258,23,83761,0.7867368459701538,0.3193777498692778,0.6139253351798569,0.6847280859947205,-0.10200875997543335
S1 C seed2,val_strain_only,LY 294002 hydrochloride,24,88180,0.7408970594406128,0.2708145414233412,0.6093445225674756,0.442640095949173,-0.2982569634914398
S1 C seed2,val_strain_only,NaCl,72,254240,0.795252799987793,0.1816082187350659,0.5759518565135305,0.4323720932006836,-0.3628807067871094
S1 C seed2,val_strain_only,Nigericin,24,89166,0.7137476801872253,0.3358406081550056,0.6285243254155172,0.5036889910697937,-0.21005868911743164
S1 C seed2,val_strain_only,Nocodazole,24,84550,0.7551062107086182,0.24259633702097327,0.5842933175635718,0.4053686261177063,-0.34973758459091187
S1 C seed2,val_strain_only,Nystatin dihydrate,24,87755,0.6926417946815491,0.3825431663112171,0.6468463335422483,0.5283347964286804,-0.16430699825286865
S1 C seed2,val_strain_only,Oligomycin,24,78659,0.7805059552192688,0.2627078306471769,0.6063387533530811,0.5178152322769165,-0.2626907229423523
S1 C seed2,val_strain_only,Parthenolide,24,88568,0.7356247901916504,0.30481400941262377,0.622730557311896,0.4310588538646698,-0.3045659363269806
S1 C seed2,val_strain_only,Rapamycin,72,259073,0.7823690176010132,0.18146103345950204,0.5638449394572186,0.3784373700618744,-0.4039316475391388
S1 C seed2,val_strain_only,SDS,72,255928,0.7646063566207886,0.21625760804021682,0.5752125597824388,0.35737958550453186,-0.4072267711162567
S1 C seed2,val_strain_only,Sorbitol,72,253614,0.7646453976631165,0.23540129453153122,0.5873650508252699,0.43918493390083313,-0.3254604637622833
S1 C seed2,val_strain_only,Staurosporine,24,91760,0.7282523512840271,0.2929130690682391,0.6113993025283347,0.36498501896858215,-0.36326733231544495
S1 C seed2,val_strain_only,Trichostatin A,24,87658,0.752745509147644,0.2507151109971954,0.5841908325537886,0.4485454857349396,-0.30420002341270447
S1 C seed2,val_strain_only,Trifluoperazine dihydrochloride,24,91600,0.7283785939216614,0.30669898085962244,0.6181659388646288,0.39752334356307983,-0.33085525035858154
S1 C seed2,val_strain_only,Tunicamycin,24,87789,0.7457184195518494,0.2381713076744281,0.5887753590996594,0.38615918159484863,-0.35955923795700073
S1 C seed2,val_strain_only,U-73122,24,91663,0.7287516593933105,0.2715145815731759,0.6017149776900167,0.36856386065483093,-0.3601877987384796
S1 C seed2,val_strain_only,Valinomycin,24,87445,0.7415729761123657,0.22432799423020652,0.578969638058208,0.3564397096633911,-0.3851332664489746
S1 C seed2,val_strain_only,Wortmannin,24,90466,0.6950533986091614,0.358375633939089,0.630712090730219,0.5026594400405884,-0.192393958568573
S2C seed1,val_strain_only,"(1R, 2S, 5R) - (-) - Menthol",24,87632,0.6682506799697876,0.2631918010074562,0.5959809202117948,0.34805646538734436,-0.32019421458244324
S2C seed1,val_strain_only,1-10 Phenanthroline monohydrate,48,174947,0.6714518666267395,0.26186079883779495,0.5926766392107324,0.35278311371803284,-0.31866875290870667
S2C seed1,val_strain_only,4-Hydroxytamoxifen,24,87104,0.6830433011054993,0.31657824693679004,0.6116022226304189,0.4519001245498657,-0.23114317655563354
S2C seed1,val_strain_only,Amiodarone hydrochloride,23,73670,0.7556419968605042,0.2588655777323889,0.5846206054024705,0.5889292359352112,-0.16671276092529297
S2C seed1,val_strain_only,Anisomycin,48,183200,0.6624906659126282,0.32054140908620854,0.6146015283842795,0.37533098459243774,-0.28715968132019043
S2C seed1,val_strain_only,Artemisinin,24,87987,0.6836491823196411,0.19487161687693874,0.5661404525668565,0.3194447159767151,-0.364204466342926
S2C seed1,val_strain_only,Brefeldin A,48,179607,0.6698042154312134,0.2855204361380303,0.6021090492018685,0.3586706817150116,-0.3111335337162018
S2C seed1,val_strain_only,CHX,51,179518,0.7400912642478943,0.2820838558300366,0.5982074220969485,0.4087584316730499,-0.33133283257484436
S2C seed1,val_strain_only,Cisplatin,72,256795,0.7503287196159363,0.2385896088520766,0.5813664596273292,0.3453108072280884,-0.4050179123878479
S2C seed1,val_strain_only,Clomiphene citrate,24,87849,0.6630606055259705,0.27889248318187937,0.5951462168038338,0.340463787317276,-0.32259681820869446
S2C seed1,val_strain_only,Clotrimazole,24,91638,0.6592847108840942,0.3418520976862076,0.6182260634234706,0.378872275352478,-0.2804124355316162
S2C seed1,val_strain_only,Cyclopiazonic acid,24,73547,0.7615618705749512,0.2993128317021839,0.6094606170204088,0.6291213035583496,-0.13244056701660156
S2C seed1,val_strain_only,Desipramine hydrochloride,23,87358,0.6578729152679443,0.35346558163353914,0.6276013645001031,0.39586612582206726,-0.2620067894458771
S2C seed1,val_strain_only,Dyclonine hydrochloride,13,49963,0.6435343027114868,0.3200637021576194,0.6171366811440466,0.35048073530197144,-0.2930535674095154
S2C seed1,val_strain_only,EDTA,144,518606,0.7495337724685669,0.2571977826993605,0.5844552511926202,0.35599082708358765,-0.39354294538497925
S2C seed1,val_strain_only,Emodin,24,86728,0.6669713854789734,0.30116386002096496,0.610460289641177,0.4034174680709839,-0.2635539174079895
S2C seed1,val_strain_only,Geldanamycin,24,87891,0.6711758971214294,0.26754276132014065,0.5952145270846845,0.3497157692909241,-0.32146012783050537
S2C seed1,val_strain_only,Haloperidol,24,91401,0.6591059565544128,0.33399127096074743,0.6215905734072932,0.3767552673816681,-0.28235068917274475
S2C seed1,val_strain_only,Harmine hydrochloride,24,86918,0.7083728313446045,0.2251020062340527,0.5810188913688764,0.43227535486221313,-0.27609747648239136
S2C seed1,val_strain_only,Hoechst 33258,23,83761,0.819290816783905,0.24216384314798237,0.58044913503898,0.6847280859947205,-0.13456273078918457
S2C seed1,val_strain_only,LY 294002 hydrochloride,24,88180,0.6805326342582703,0.30296808017411275,0.6115559083692447,0.442640095949173,-0.2378925383090973
S2C seed1,val_strain_only,NaCl,72,254240,0.798992395401001,0.18304241624272255,0.5720696979232222,0.4323720932006836,-0.3666203022003174
S2C seed1,val_strain_only,Nigericin,24,89166,0.6920891404151917,0.3180886495213736,0.6120830809949981,0.5036889910697937,-0.18840014934539795
S2C seed1,val_strain_only,Nocodazole,24,84550,0.6760693788528442,0.28730241790180727,0.6000354819633353,0.4053686261177063,-0.27070075273513794
S2C seed1,val_strain_only,Nystatin dihydrate,24,87755,0.6731666326522827,0.3746190012565054,0.6338214346760869,0.5283347964286804,-0.1448318362236023
S2C seed1,val_strain_only,Oligomycin,24,78659,0.7148744463920593,0.27487779506450005,0.6033766002618899,0.5178152322769165,-0.19705921411514282
S2C seed1,val_strain_only,Parthenolide,24,88568,0.6569339632987976,0.34717555100550496,0.6306227983018697,0.4310588538646698,-0.2258751094341278
S2C seed1,val_strain_only,Rapamycin,72,259073,0.7842124700546265,0.1899413401279812,0.5614672312437035,0.3784373700618744,-0.4057750999927521
S2C seed1,val_strain_only,SDS,72,255928,0.7640052437782288,0.21781118662353388,0.5695898846550592,0.35737958550453186,-0.4066256582736969
S2C seed1,val_strain_only,Sorbitol,72,253614,0.7791789174079895,0.2299592826301396,0.5858903688282192,0.43918493390083313,-0.33999398350715637
S2C seed1,val_strain_only,Staurosporine,24,91760,0.6591993570327759,0.33143283666787393,0.6191150828247602,0.36498501896858215,-0.2942143380641937
S2C seed1,val_strain_only,Trichostatin A,24,87658,0.6998899579048157,0.2636431431321737,0.587647448036688,0.4485454857349396,-0.2513444721698761
S2C seed1,val_strain_only,Trifluoperazine dihydrochloride,24,91600,0.662285327911377,0.34183764520335264,0.624061135371179,0.39752334356307983,-0.2647619843482971
S2C seed1,val_strain_only,Tunicamycin,24,87789,0.676684558391571,0.2732322906170549,0.5987766121040221,0.38615918159484863,-0.2905253767967224
S2C seed1,val_strain_only,U-73122,24,91663,0.666696310043335,0.3024700239144919,0.6070170079530454,0.36856386065483093,-0.29813244938850403
S2C seed1,val_strain_only,Valinomycin,24,87445,0.6761162877082825,0.25180546290609657,0.5888844416490365,0.3564397096633911,-0.31967657804489136
S2C seed1,val_strain_only,Wortmannin,24,90466,0.6935805082321167,0.3271761957916607,0.6111467291579157,0.5026594400405884,-0.19092106819152832
S2C seed2,val_strain_only,"(1R, 2S, 5R) - (-) - Menthol",24,87632,0.7328782081604004,0.24017172946628293,0.5878674456819427,0.34805646538734436,-0.38482174277305603
S2C seed2,val_strain_only,1-10 Phenanthroline monohydrate,48,174947,0.7385467290878296,0.23708904938591716,0.5862747003378166,0.35278311371803284,-0.38576361536979675
S2C seed2,val_strain_only,4-Hydroxytamoxifen,24,87104,0.7638614177703857,0.32523489791141413,0.6012927075679647,0.4519001245498657,-0.31196129322052
S2C seed2,val_strain_only,Amiodarone hydrochloride,23,73670,0.7477535009384155,0.34267724182581455,0.5950997692412108,0.5889292359352112,-0.15882426500320435
S2C seed2,val_strain_only,Anisomycin,48,183200,0.7294787168502808,0.2831539515158095,0.6060644104803493,0.37533098459243774,-0.354147732257843
S2C seed2,val_strain_only,Artemisinin,24,87987,0.7499331831932068,0.17387716476368956,0.5625376476070328,0.3194447159767151,-0.4304884672164917
S2C seed2,val_strain_only,Brefeldin A,48,179607,0.7373992204666138,0.25338099231323785,0.5953331440311347,0.3586706817150116,-0.3787285387516022
S2C seed2,val_strain_only,CHX,51,179518,0.7467975616455078,0.2735448249359308,0.594892991232077,0.4087584316730499,-0.3380391299724579
S2C seed2,val_strain_only,Cisplatin,72,256795,0.7441746592521667,0.24518651652813703,0.5890846784400008,0.3453108072280884,-0.39886385202407837
S2C seed2,val_strain_only,Clomiphene citrate,24,87849,0.7263177633285522,0.25697585907142695,0.5921524433971929,0.340463787317276,-0.38585397601127625
S2C seed2,val_strain_only,Clotrimazole,24,91638,0.7298738956451416,0.3016431424664717,0.6087649228486,0.378872275352478,-0.3510016202926636
S2C seed2,val_strain_only,Cyclopiazonic acid,24,73547,0.7564592361450195,0.4565508563190244,0.643194147959808,0.6291213035583496,-0.12733793258666992
S2C seed2,val_strain_only,Desipramine hydrochloride,23,87358,0.7211619019508362,0.31565479255583145,0.6163373703610431,0.39586612582206726,-0.3252957761287689
S2C seed2,val_strain_only,Dyclonine hydrochloride,13,49963,0.7100526094436646,0.29090694456087335,0.6074695274503132,0.35048073530197144,-0.3595718741416931
S2C seed2,val_strain_only,EDTA,144,518606,0.7554413080215454,0.2505329765665969,0.5871432262642545,0.35599082708358765,-0.39945048093795776
S2C seed2,val_strain_only,Emodin,24,86728,0.7321957349777222,0.2649248148127748,0.603715063186053,0.4034174680709839,-0.3287782669067383
S2C seed2,val_strain_only,Geldanamycin,24,87891,0.7386996150016785,0.24386215230791003,0.5847925271074399,0.3497157692909241,-0.3889838457107544
S2C seed2,val_strain_only,Haloperidol,24,91401,0.72957843542099,0.29130903614653364,0.6114922156212733,0.3767552673816681,-0.3528231680393219
S2C seed2,val_strain_only,Harmine hydrochloride,24,86918,0.76787269115448,0.206313354179111,0.5773487655031179,0.43227535486221313,-0.33559733629226685
S2C seed2,val_strain_only,Hoechst 33258,23,83761,0.7867368459701538,0.3193777498692778,0.6139253351798569,0.6847280859947205,-0.10200875997543335
S2C seed2,val_strain_only,LY 294002 hydrochloride,24,88180,0.7408970594406128,0.2708145414233412,0.6093445225674756,0.442640095949173,-0.2982569634914398
S2C seed2,val_strain_only,NaCl,72,254240,0.795252799987793,0.1816082187350659,0.5759518565135305,0.4323720932006836,-0.3628807067871094
S2C seed2,val_strain_only,Nigericin,24,89166,0.7137476801872253,0.3358406081550056,0.6285243254155172,0.5036889910697937,-0.21005868911743164
S2C seed2,val_strain_only,Nocodazole,24,84550,0.7551062107086182,0.24259633702097327,0.5842933175635718,0.4053686261177063,-0.34973758459091187
S2C seed2,val_strain_only,Nystatin dihydrate,24,87755,0.6926417946815491,0.3825431663112171,0.6468463335422483,0.5283347964286804,-0.16430699825286865
S2C seed2,val_strain_only,Oligomycin,24,78659,0.7805059552192688,0.2627078306471769,0.6063387533530811,0.5178152322769165,-0.2626907229423523
S2C seed2,val_strain_only,Parthenolide,24,88568,0.7356247901916504,0.30481400941262377,0.622730557311896,0.4310588538646698,-0.3045659363269806
S2C seed2,val_strain_only,Rapamycin,72,259073,0.7823690176010132,0.18146103345950204,0.5638449394572186,0.3784373700618744,-0.4039316475391388
S2C seed2,val_strain_only,SDS,72,255928,0.7646063566207886,0.21625760804021682,0.5752125597824388,0.35737958550453186,-0.4072267711162567
S2C seed2,val_strain_only,Sorbitol,72,253614,0.7646453976631165,0.23540129453153122,0.5873650508252699,0.43918493390083313,-0.3254604637622833
S2C seed2,val_strain_only,Staurosporine,24,91760,0.7282523512840271,0.2929130690682391,0.6113993025283347,0.36498501896858215,-0.36326733231544495
S2C seed2,val_strain_only,Trichostatin A,24,87658,0.752745509147644,0.2507151109971954,0.5841908325537886,0.4485454857349396,-0.30420002341270447
S2C seed2,val_strain_only,Trifluoperazine dihydrochloride,24,91600,0.7283785939216614,0.30669898085962244,0.6181659388646288,0.39752334356307983,-0.33085525035858154
S2C seed2,val_strain_only,Tunicamycin,24,87789,0.7457184195518494,0.2381713076744281,0.5887753590996594,0.38615918159484863,-0.35955923795700073
S2C seed2,val_strain_only,U-73122,24,91663,0.7287516593933105,0.2715145815731759,0.6017149776900167,0.36856386065483093,-0.3601877987384796
S2C seed2,val_strain_only,Valinomycin,24,87445,0.7415729761123657,0.22432799423020652,0.578969638058208,0.3564397096633911,-0.3851332664489746
S2C seed2,val_strain_only,Wortmannin,24,90466,0.6950533986091614,0.358375633939089,0.630712090730219,0.5026594400405884,-0.192393958568573
S2C two-seed mean,val_strain_only,"(1R, 2S, 5R) - (-) - Menthol",24,87632,0.684903085231781,0.2569324623898091,0.5937442943217089,0.34805646538734436,-0.33684661984443665
S2C two-seed mean,val_strain_only,1-10 Phenanthroline monohydrate,48,174947,0.6889533400535583,0.25481189613839106,0.5913562393181935,0.35278311371803284,-0.3361702263355255
S2C two-seed mean,val_strain_only,4-Hydroxytamoxifen,24,87104,0.6835305690765381,0.3398349000528551,0.6120958853783982,0.4519001245498657,-0.23163044452667236
S2C two-seed mean,val_strain_only,Amiodarone hydrochloride,23,73670,0.7166572213172913,0.32097244385549584,0.5982760961042487,0.5889292359352112,-0.12772798538208008
S2C two-seed mean,val_strain_only,Anisomycin,48,183200,0.6799038648605347,0.3080163555090749,0.613231441048035,0.37533098459243774,-0.3045728802680969
S2C two-seed mean,val_strain_only,Artemisinin,24,87987,0.7015767693519592,0.18811552658656008,0.5643220021139487,0.3194447159767151,-0.38213205337524414
S2C two-seed mean,val_strain_only,Brefeldin A,48,179607,0.6879322528839111,0.274903994375954,0.6011681059201479,0.3586706817150116,-0.32926157116889954
S2C two-seed mean,val_strain_only,CHX,51,179518,0.7328100204467773,0.2819668168767976,0.599143261399971,0.4087584316730499,-0.3240515887737274
S2C two-seed mean,val_strain_only,Cisplatin,72,256795,0.7355185747146606,0.24583007660294934,0.5869857279152632,0.3453108072280884,-0.39020776748657227
S2C two-seed mean,val_strain_only,Clomiphene citrate,24,87849,0.6784716248512268,0.2737826498941209,0.5952258989857596,0.340463787317276,-0.3380078375339508
S2C two-seed mean,val_strain_only,Clotrimazole,24,91638,0.6787455677986145,0.3282045847213384,0.6160763002247975,0.378872275352478,-0.2998732924461365
S2C two-seed mean,val_strain_only,Cyclopiazonic acid,24,73547,0.6994010806083679,0.42011385678959745,0.6396046065781065,0.6291213035583496,-0.07027977705001831
S2C two-seed mean,val_strain_only,Desipramine hydrochloride,23,87358,0.6740396618843079,0.34122845537203855,0.6252890405000114,0.39586612582206726,-0.2781735360622406
S2C two-seed mean,val_strain_only,Dyclonine hydrochloride,13,49963,0.6619867086410522,0.3115240019141721,0.614674859395953,0.35048073530197144,-0.3115059733390808
S2C two-seed mean,val_strain_only,EDTA,144,518606,0.7404079437255859,0.25799290033693695,0.5875230907471183,0.35599082708358765,-0.3844171166419983
S2C two-seed mean,val_strain_only,Emodin,24,86728,0.6846879720687866,0.2885599115595355,0.6098376533530118,0.4034174680709839,-0.28127050399780273
S2C two-seed mean,val_strain_only,Geldanamycin,24,87891,0.6892330050468445,0.2610539955485705,0.5910616559147125,0.3497157692909241,-0.3395172357559204
S2C two-seed mean,val_strain_only,Haloperidol,24,91401,0.6785683631896973,0.3188124708903888,0.6193914727409985,0.3767552673816681,-0.3018130958080292
S2C two-seed mean,val_strain_only,Harmine hydrochloride,24,86918,0.7227990627288818,0.22039959145685806,0.5820543500770842,0.43227535486221313,-0.2905237078666687
S2C two-seed mean,val_strain_only,Hoechst 33258,23,83761,0.7885074615478516,0.2890309846297935,0.6007807929704755,0.6847280859947205,-0.1037793755531311
S2C two-seed mean,val_strain_only,LY 294002 hydrochloride,24,88180,0.6968799233436584,0.2923357678646003,0.6136312088909049,0.442640095949173,-0.2542398273944855
S2C two-seed mean,val_strain_only,NaCl,72,254240,0.7861869931221008,0.18526964735043908,0.5756253933291379,0.4323720932006836,-0.35381489992141724
S2C two-seed mean,val_strain_only,Nigericin,24,89166,0.6878572702407837,0.3347822517159068,0.6236682143417894,0.5036889910697937,-0.18416827917099
S2C two-seed mean,val_strain_only,Nocodazole,24,84550,0.7009156346321106,0.26976287287696504,0.5936605558840923,0.4053686261177063,-0.2955470085144043
S2C two-seed mean,val_strain_only,Nystatin dihydrate,24,87755,0.6668086051940918,0.38791229593633053,0.644726796193949,0.5283347964286804,-0.13847380876541138
S2C two-seed mean,val_strain_only,Oligomycin,24,78659,0.7345215678215027,0.27392749392703925,0.6074575064519,0.5178152322769165,-0.21670633554458618
S2C two-seed mean,val_strain_only,Parthenolide,24,88568,0.6824875473976135,0.33149335491081944,0.6294146870201427,0.4310588538646698,-0.2514286935329437
S2C two-seed mean,val_strain_only,Rapamycin,72,259073,0.7721428871154785,0.1886344478970145,0.5638565192050117,0.3784373700618744,-0.3937055170536041
S2C two-seed mean,val_strain_only,SDS,72,255928,0.752463161945343,0.2205932162193742,0.5745522178112594,0.35737958550453186,-0.39508357644081116
S2C two-seed mean,val_strain_only,Sorbitol,72,253614,0.7611576318740845,0.23633592565599226,0.5881102778237794,0.43918493390083313,-0.32197269797325134
S2C two-seed mean,val_strain_only,Staurosporine,24,91760,0.6781204342842102,0.3182937944826534,0.6178291194420227,0.36498501896858215,-0.31313541531562805
S2C two-seed mean,val_strain_only,Trichostatin A,24,87658,0.7108691930770874,0.26296519911163546,0.5873166168518561,0.4485454857349396,-0.2623237073421478
S2C two-seed mean,val_strain_only,Trifluoperazine dihydrochloride,24,91600,0.6792349815368652,0.33096073522224867,0.6242467248908297,0.39752334356307983,-0.2817116379737854
S2C two-seed mean,val_strain_only,Tunicamycin,24,87789,0.6956201195716858,0.2609546077736711,0.5956327102484366,0.38615918159484863,-0.30946093797683716
S2C two-seed mean,val_strain_only,U-73122,24,91663,0.6817789673805237,0.29292747547090925,0.606995188898465,0.36856386065483093,-0.31321510672569275
S2C two-seed mean,val_strain_only,Valinomycin,24,87445,0.6936061382293701,0.24291324028052722,0.5853393561667334,0.3564397096633911,-0.337166428565979
S2C two-seed mean,val_strain_only,Wortmannin,24,90466,0.6767266988754272,0.3522461242842167,0.6253841222116596,0.5026594400405884,-0.17406725883483887
D0 seed1,val_both,Amphotericin B,71,253697,0.8272536993026733,0.21720771037575354,0.5687729850963945,0.4048349857330322,-0.4224187135696411
D0 seed1,val_both,FCCP,72,255059,0.8209790587425232,0.20872472240016934,0.5676372917638663,0.3522392809391022,-0.468739777803421
D0 seed1,val_both,Hydroxyurea,72,257801,0.8452264666557312,0.16851480479212094,0.5583764221240414,0.38756731152534485,-0.45765915513038635
D0 seed1,val_both,Pentamidine isethionate,24,84151,0.7109260559082031,0.2753034887070797,0.5973785219426982,0.42133626341819763,-0.2895897924900055
D0 seed1,val_both,Raloxifene hydrochloride,6,21911,0.7510542273521423,0.25638943834590233,0.5998356989639907,0.4878940284252167,-0.26316019892692566
D0 seed1,val_both,Sulfometuron methyl,24,87815,0.6984810829162598,0.2608278080907746,0.5898650572225702,0.34524935483932495,-0.3532317280769348
D0 seed2,val_both,Amphotericin B,71,253697,0.7988448143005371,0.23016361518678313,0.574441164065795,0.4048349857330322,-0.3940098285675049
D0 seed2,val_both,FCCP,72,255059,0.7938013076782227,0.21737259921303007,0.5720833218980707,0.3522392809391022,-0.4415620267391205
D0 seed2,val_both,Hydroxyurea,72,257801,0.8192916512489319,0.1759067427632553,0.5590474823604253,0.38756731152534485,-0.43172433972358704
D0 seed2,val_both,Pentamidine isethionate,24,84151,0.690546452999115,0.2932190861982909,0.6037717911848938,0.42133626341819763,-0.26921018958091736
D0 seed2,val_both,Raloxifene hydrochloride,6,21911,0.7414358258247375,0.2796414805018996,0.6027109670941536,0.4878940284252167,-0.2535417973995209
D0 seed2,val_both,Sulfometuron methyl,24,87815,0.6863160729408264,0.27009385848931006,0.5924044867050048,0.34524935483932495,-0.34106671810150146
D2 seed1,val_both,Amphotericin B,71,253697,0.9125285744667053,0.22122008991435924,0.5653555225327852,0.4048349857330322,-0.5076935887336731
D2 seed1,val_both,FCCP,72,255059,0.803860604763031,0.21439136769806827,0.5710482672636528,0.3522392809391022,-0.45162132382392883
D2 seed1,val_both,Hydroxyurea,72,257801,0.7728965282440186,0.19602197055159262,0.5694935240747708,0.38756731152534485,-0.3853292167186737
D2 seed1,val_both,Pentamidine isethionate,24,84151,0.7198004126548767,0.2688862566008189,0.5885729224845813,0.42133626341819763,-0.2984641492366791
D2 seed1,val_both,Raloxifene hydrochloride,6,21911,0.7879408001899719,0.26062451745411463,0.6124777509013737,0.4878940284252167,-0.30004677176475525
D2 seed1,val_both,Sulfometuron methyl,24,87815,0.7166447043418884,0.2561771721966381,0.5877469680578489,0.34524935483932495,-0.3713953495025635
D2 seed2,val_both,Amphotericin B,71,253697,0.8561442494392395,0.2453338257178276,0.5780714789690063,0.4048349857330322,-0.4513092637062073
D2 seed2,val_both,FCCP,72,255059,0.8126663565635681,0.21204769991560685,0.5708639961734344,0.3522392809391022,-0.46042707562446594
D2 seed2,val_both,Hydroxyurea,72,257801,0.7654412984848022,0.20037664358713836,0.5691870861633586,0.38756731152534485,-0.3778739869594574
D2 seed2,val_both,Pentamidine isethionate,24,84151,0.7131671905517578,0.28103904258862594,0.597675606944659,0.42133626341819763,-0.2918309271335602
D2 seed2,val_both,Raloxifene hydrochloride,6,21911,0.7483172416687012,0.28439921816340774,0.6087809775911642,0.4878940284252167,-0.2604232132434845
D2 seed2,val_both,Sulfometuron methyl,24,87815,0.7032787799835205,0.2644499283946189,0.5876217047201503,0.34524935483932495,-0.35802942514419556
S1 C seed1,val_both,Amphotericin B,71,253697,0.8685934543609619,0.23722369695134687,0.5726595111491267,0.4048349857330322,-0.4637584686279297
S1 C seed1,val_both,FCCP,72,255059,0.8431302309036255,0.21250657570634957,0.5657396916007669,0.3522392809391022,-0.4908909499645233
S1 C seed1,val_both,Hydroxyurea,72,257801,0.789741575717926,0.21033526737399996,0.5760334521588357,0.38756731152534485,-0.4021742641925812
S1 C seed1,val_both,Pentamidine isethionate,24,84151,0.6810505986213684,0.2916726870786339,0.607669546410619,0.42133626341819763,-0.2597143352031708
S1 C seed1,val_both,Raloxifene hydrochloride,6,21911,0.7271060943603516,0.2888705646887322,0.6137556478481129,0.4878940284252167,-0.2392120659351349
S1 C seed1,val_both,Sulfometuron methyl,24,87815,0.6656218767166138,0.2810579242840672,0.6013095712577577,0.34524935483932495,-0.3203725218772888
S1 C seed2,val_both,Amphotericin B,71,253697,0.9573935866355896,0.2208885014842596,0.570192000693741,0.4048349857330322,-0.5525586009025574
S1 C seed2,val_both,FCCP,72,255059,0.8894089460372925,0.18701332948028168,0.5666257610984126,0.3522392809391022,-0.5371696650981903
S1 C seed2,val_both,Hydroxyurea,72,257801,0.7859364151954651,0.1839108890181038,0.5664407818433598,0.38756731152534485,-0.39836910367012024
S1 C seed2,val_both,Pentamidine isethionate,24,84151,0.8662208318710327,0.23418200505292092,0.5808962460339152,0.42133626341819763,-0.4448845684528351
S1 C seed2,val_both,Raloxifene hydrochloride,6,21911,0.7548854947090149,0.2695420548204366,0.6148966272648442,0.4878940284252167,-0.2669914662837982
S1 C seed2,val_both,Sulfometuron methyl,24,87815,0.7341874837875366,0.2518507556470338,0.5901155838979674,0.34524935483932495,-0.38893812894821167
S2C seed1,val_both,Amphotericin B,71,253697,0.8272536993026733,0.21720771037575354,0.5687729850963945,0.4048349857330322,-0.4224187135696411
S2C seed1,val_both,FCCP,72,255059,0.8209790587425232,0.20872472240016934,0.5676372917638663,0.3522392809391022,-0.468739777803421
S2C seed1,val_both,Hydroxyurea,72,257801,0.8452264666557312,0.16851480479212094,0.5583764221240414,0.38756731152534485,-0.45765915513038635
S2C seed1,val_both,Pentamidine isethionate,24,84151,0.7109260559082031,0.2753034887070797,0.5973785219426982,0.42133626341819763,-0.2895897924900055
S2C seed1,val_both,Raloxifene hydrochloride,6,21911,0.7510542273521423,0.25638943834590233,0.5998356989639907,0.4878940284252167,-0.26316019892692566
S2C seed1,val_both,Sulfometuron methyl,24,87815,0.6984810829162598,0.2608278080907746,0.5898650572225702,0.34524935483932495,-0.3532317280769348
S2C seed2,val_both,Amphotericin B,71,253697,0.7988448143005371,0.23016361518678313,0.574441164065795,0.4048349857330322,-0.3940098285675049
S2C seed2,val_both,FCCP,72,255059,0.7938013076782227,0.21737259921303007,0.5720833218980707,0.3522392809391022,-0.4415620267391205
S2C seed2,val_both,Hydroxyurea,72,257801,0.8192916512489319,0.1759067427632553,0.5590474823604253,0.38756731152534485,-0.43172433972358704
S2C seed2,val_both,Pentamidine isethionate,24,84151,0.690546452999115,0.2932190861982909,0.6037717911848938,0.42133626341819763,-0.26921018958091736
S2C seed2,val_both,Raloxifene hydrochloride,6,21911,0.7414358258247375,0.2796414805018996,0.6027109670941536,0.4878940284252167,-0.2535417973995209
S2C seed2,val_both,Sulfometuron methyl,24,87815,0.6863160729408264,0.27009385848931006,0.5924044867050048,0.34524935483932495,-0.34106671810150146
S2C two-seed mean,val_both,Amphotericin B,71,253697,0.8067198395729065,0.2255929625003708,0.572517609589392,0.4048349857330322,-0.40188485383987427
S2C two-seed mean,val_both,FCCP,72,255059,0.8009576797485352,0.21489452702508918,0.5712952689377752,0.3522392809391022,-0.448718398809433
S2C two-seed mean,val_both,Hydroxyurea,72,257801,0.8260552287101746,0.17369017220688926,0.5592491883274309,0.38756731152534485,-0.4384879171848297
S2C two-seed mean,val_both,Pentamidine isethionate,24,84151,0.6939879655838013,0.28686040370531873,0.601098026167247,0.42133626341819763,-0.27265170216560364
S2C two-seed mean,val_both,Raloxifene hydrochloride,6,21911,0.7398521900177002,0.2705618624775352,0.60476473004427,0.4878940284252167,-0.2519581615924835
S2C two-seed mean,val_both,Sulfometuron methyl,24,87815,0.686612069606781,0.26747128652762253,0.5909241018049308,0.34524935483932495,-0.34136271476745605
D0 seed1,val_time,"(1R, 2S, 5R) - (-) - Menthol",5,18772,0.4587838351726532,0.431177382413131,0.6389835925847006,0.4196431040763855,-0.0391407310962677
D0 seed1,val_time,4-Hydroxytamoxifen,1,1348,1.2927002906799316,0.3283539819108867,0.6172106824925816,1.4220714569091797,0.12937116622924805
D0 seed1,val_time,Amiodarone hydrochloride,2,3957,0.9309177994728088,0.3518012807846794,0.6292645943896892,0.9986885190010071,0.06777071952819824
D0 seed1,val_time,Anisomycin,4,15592,0.5843614339828491,0.2269215935273143,0.5466906105695228,0.32071560621261597,-0.26364582777023315
D0 seed1,val_time,Artemisinin,3,11216,0.4491296708583832,0.35307843893504787,0.5978067047075606,0.3626879155635834,-0.0864417552947998
D0 seed1,val_time,Brefeldin A,10,37695,0.5208448171615601,0.2370753331916796,0.5829685634699562,0.36620795726776123,-0.15463685989379883
D0 seed1,val_time,CHX,3,11109,0.5642089247703552,0.5583418963235269,0.6912413358538122,0.5236238241195679,-0.040585100650787354
D0 seed1,val_time,Cisplatin,8,28666,0.46918797492980957,0.35583050995299226,0.6218865555012907,0.3390755355358124,-0.1301124393939972
D0 seed1,val_time,Clomiphene citrate,3,11308,0.4899078905582428,0.4042086826585452,0.6268128758401132,0.40294772386550903,-0.08696016669273376
D0 seed1,val_time,Clotrimazole,2,7647,0.5171518921852112,0.40154517132429224,0.6176278279063685,0.34324440360069275,-0.17390748858451843
D0 seed1,val_time,Cyclopiazonic acid,5,15046,0.7374001741409302,0.3199079128060037,0.6284726837697727,0.7695493102073669,0.03214913606643677
D0 seed1,val_time,Desipramine hydrochloride,2,7573,0.4506795406341553,0.36660852352987683,0.5692592103525683,0.3437158167362213,-0.10696372389793396
D0 seed1,val_time,Dyclonine hydrochloride,3,11585,0.5726021528244019,0.21801104797232584,0.5621924902891671,0.3937450647354126,-0.17885708808898926
D0 seed1,val_time,EDTA,12,43852,0.553768515586853,0.35201732867006436,0.6023214448599836,0.37519070506095886,-0.17857781052589417
D0 seed1,val_time,Emodin,1,3549,0.5596007704734802,0.21867349709187991,0.5097210481825867,0.36475199460983276,-0.19484877586364746
D0 seed1,val_time,Geldanamycin,3,11398,0.4803522229194641,0.28019268260475266,0.602386383576066,0.312298983335495,-0.16805323958396912
D0 seed1,val_time,Haloperidol,3,11241,0.534950852394104,0.4106918963610672,0.6363312872520238,0.46435752511024475,-0.07059332728385925
D0 seed1,val_time,Harmine hydrochloride,4,14734,0.5148302912712097,0.3545176755445415,0.601533867245826,0.398957222700119,-0.1158730685710907
D0 seed1,val_time,Hoechst 33258,3,10997,0.695555567741394,0.2852578565563995,0.577612076020733,0.6153556108474731,-0.0801999568939209
D0 seed1,val_time,LY 294002 hydrochloride,1,3659,0.6695433259010315,0.23058243841891876,0.5528833014484832,0.5153082609176636,-0.15423506498336792
D0 seed1,val_time,NaCl,6,14321,0.48883017897605896,0.30872907837195523,0.6063124083513721,0.3714335560798645,-0.11739662289619446
D0 seed1,val_time,Nigericin,3,10307,0.5948277711868286,0.33158492116297367,0.6182206267585136,0.5394906401634216,-0.05533713102340698
D0 seed1,val_time,Nocodazole,3,11312,0.5450996160507202,0.2766410944917066,0.6307461103253182,0.3789932429790497,-0.16610637307167053
D0 seed1,val_time,Nystatin dihydrate,1,3682,0.4583989679813385,0.2488232225893248,0.6045627376425855,0.339686781167984,-0.11871218681335449
D0 seed1,val_time,Oligomycin,1,3478,0.44513335824012756,0.5178419155505091,0.6866014951121334,0.4554849863052368,0.010351628065109253
D0 seed1,val_time,Parthenolide,2,6160,0.8057572841644287,0.18762259944346735,0.5840909090909091,0.7012549042701721,-0.10450237989425659
D0 seed1,val_time,Rapamycin,7,21776,0.5043982863426208,0.33635279634955156,0.6366182953710507,0.3012525141239166,-0.20314577221870422
D0 seed1,val_time,SDS,6,21587,0.5865402221679688,0.2510689328600947,0.5806735535275861,0.38926824927330017,-0.19727197289466858
D0 seed1,val_time,Sorbitol,10,28829,0.5499981045722961,0.4151133135082989,0.601547053314371,0.4328787326812744,-0.11711937189102173
D0 seed1,val_time,Staurosporine,3,11688,0.43939831852912903,0.3780780178572735,0.6532340862422998,0.3191850781440735,-0.12021324038505554
D0 seed1,val_time,Trichostatin A,6,22699,0.6182550191879272,0.28916237244145737,0.5637693290453324,0.4837866723537445,-0.13446834683418274
D0 seed1,val_time,Trifluoperazine dihydrochloride,1,3903,0.4540073871612549,0.3828007952495329,0.614655393287215,0.3348134458065033,-0.11919394135475159
D0 seed1,val_time,Tunicamycin,2,7673,0.5134369134902954,0.2796863107587839,0.5722663886354751,0.31085389852523804,-0.20258301496505737
D0 seed1,val_time,U-73122,3,11691,0.42730745673179626,0.39142591574404334,0.6303994525703532,0.30935046076774597,-0.11795699596405029
D0 seed1,val_time,Valinomycin,3,11328,0.4144175350666046,0.3356580748394796,0.5968396892655368,0.30423495173454285,-0.11018258333206177
D0 seed1,val_time,Wortmannin,4,15015,0.5583698749542236,0.376578032554531,0.6277722277722277,0.4972233772277832,-0.06114649772644043
D0 seed2,val_time,"(1R, 2S, 5R) - (-) - Menthol",5,18772,0.46768003702163696,0.41667866069513043,0.6289154059237162,0.4196431040763855,-0.048036932945251465
D0 seed2,val_time,4-Hydroxytamoxifen,1,1348,1.3187521696090698,0.35980158498641496,0.6068249258160238,1.4220714569091797,0.10331928730010986
D0 seed2,val_time,Amiodarone hydrochloride,2,3957,0.9319336414337158,0.34744646795260786,0.614354308819813,0.9986885190010071,0.06675487756729126
D0 seed2,val_time,Anisomycin,4,15592,0.5519047379493713,0.27485509173354267,0.5640713186249359,0.32071560621261597,-0.23118913173675537
D0 seed2,val_time,Artemisinin,3,11216,0.4471614956855774,0.34502273346622514,0.594151212553495,0.3626879155635834,-0.08447358012199402
D0 seed2,val_time,Brefeldin A,10,37695,0.549931526184082,0.220647834056644,0.5793341291948534,0.36620795726776123,-0.1837235689163208
D0 seed2,val_time,CHX,3,11109,0.5583761930465698,0.5189418020776223,0.6970024304617878,0.5236238241195679,-0.03475236892700195
D0 seed2,val_time,Cisplatin,8,28666,0.4957314431667328,0.33229877863509916,0.6118398102281448,0.3390755355358124,-0.1566559076309204
D0 seed2,val_time,Clomiphene citrate,3,11308,0.5106950402259827,0.3806023523940446,0.6254863813229572,0.40294772386550903,-0.10774731636047363
D0 seed2,val_time,Clotrimazole,2,7647,0.4910368025302887,0.41977034733335733,0.6210278540604158,0.34324440360069275,-0.14779239892959595
D0 seed2,val_time,Cyclopiazonic acid,5,15046,0.736699640750885,0.3340500359575306,0.6325933803004121,0.7695493102073669,0.032849669456481934
D0 seed2,val_time,Desipramine hydrochloride,2,7573,0.48774251341819763,0.32571810815758356,0.5592235573748845,0.3437158167362213,-0.14402669668197632
D0 seed2,val_time,Dyclonine hydrochloride,3,11585,0.5899494290351868,0.1782827414050746,0.6411739318083729,0.3937450647354126,-0.19620436429977417
D0 seed2,val_time,EDTA,12,43852,0.5832374691963196,0.3427405853829953,0.607931223205327,0.37519070506095886,-0.20804676413536072
D0 seed2,val_time,Emodin,1,3549,0.5470689535140991,0.21755059394288856,0.5269089884474499,0.36475199460983276,-0.18231695890426636
D0 seed2,val_time,Geldanamycin,3,11398,0.5689941048622131,0.19256410657972362,0.5422003860326373,0.312298983335495,-0.25669512152671814
D0 seed2,val_time,Haloperidol,3,11241,0.6070981621742249,0.39197975584448574,0.6374877679921716,0.46435752511024475,-0.1427406370639801
D0 seed2,val_time,Harmine hydrochloride,4,14734,0.5270475149154663,0.35263075551694995,0.5990226686575268,0.398957222700119,-0.1280902922153473
D0 seed2,val_time,Hoechst 33258,3,10997,0.7129961848258972,0.2648481767417937,0.5859779939983631,0.6153556108474731,-0.09764057397842407
D0 seed2,val_time,LY 294002 hydrochloride,1,3659,0.6992916464805603,0.23617376628569753,0.5657283410767969,0.5153082609176636,-0.18398338556289673
D0 seed2,val_time,NaCl,6,14321,0.5082616806030273,0.2780139325020664,0.5930451784093289,0.3714335560798645,-0.13682812452316284
D0 seed2,val_time,Nigericin,3,10307,0.6025550365447998,0.32557192059869566,0.6174444552246047,0.5394906401634216,-0.06306439638137817
D0 seed2,val_time,Nocodazole,3,11312,0.5482016801834106,0.2893115428623858,0.628447666195191,0.3789932429790497,-0.16920843720436096
D0 seed2,val_time,Nystatin dihydrate,1,3682,0.5419342517852783,0.20056100484497366,0.5089625203693645,0.339686781167984,-0.2022474706172943
D0 seed2,val_time,Oligomycin,1,3478,0.4741797149181366,0.48108198947856806,0.6702127659574468,0.4554849863052368,-0.01869472861289978
D0 seed2,val_time,Parthenolide,2,6160,0.8310083746910095,0.17392591274021996,0.5655844155844156,0.7012549042701721,-0.1297534704208374
D0 seed2,val_time,Rapamycin,7,21776,0.537415623664856,0.30731006564677904,0.6213721528288023,0.3012525141239166,-0.23616310954093933
D0 seed2,val_time,SDS,6,21587,0.5902350544929504,0.24690150055562923,0.5699263445592254,0.38926824927330017,-0.20096680521965027
D0 seed2,val_time,Sorbitol,10,28829,0.5447732210159302,0.42564513662814274,0.6132713587013077,0.4328787326812744,-0.11189448833465576
D0 seed2,val_time,Staurosporine,3,11688,0.4298129975795746,0.37212066533531496,0.6490417522245038,0.3191850781440735,-0.1106279194355011
D0 seed2,val_time,Trichostatin A,6,22699,0.6083819270133972,0.2926154948348702,0.5707740429093793,0.4837866723537445,-0.12459525465965271
D0 seed2,val_time,Trifluoperazine dihydrochloride,1,3903,0.4359181225299835,0.4200481551637369,0.6187548039969254,0.3348134458065033,-0.10110467672348022
D0 seed2,val_time,Tunicamycin,2,7673,0.4976826310157776,0.23233809442258682,0.5692688648507754,0.31085389852523804,-0.18682873249053955
D0 seed2,val_time,U-73122,3,11691,0.4181021749973297,0.37774290744114547,0.6286031990419981,0.30935046076774597,-0.10875171422958374
D0 seed2,val_time,Valinomycin,3,11328,0.4255754351615906,0.31522936369517346,0.5902189265536724,0.30423495173454285,-0.12134048342704773
D0 seed2,val_time,Wortmannin,4,15015,0.5475960969924927,0.39553306548010614,0.6403596403596403,0.4972233772277832,-0.05037271976470947
D2 seed1,val_time,"(1R, 2S, 5R) - (-) - Menthol",5,18772,0.429005891084671,0.4640485210069546,0.6348817387598551,0.4196431040763855,-0.009362787008285522
D2 seed1,val_time,4-Hydroxytamoxifen,1,1348,0.9503822922706604,0.7423041774339108,0.7692878338278932,1.4220714569091797,0.4716891646385193
D2 seed1,val_time,Amiodarone hydrochloride,2,3957,0.6815889477729797,0.7282946091106235,0.7667424816780389,0.9986885190010071,0.31709957122802734
D2 seed1,val_time,Anisomycin,4,15592,0.5367018580436707,0.3046344892324796,0.5860697793740379,0.32071560621261597,-0.2159862518310547
D2 seed1,val_time,Artemisinin,3,11216,0.42350831627845764,0.373659377395206,0.6167974322396577,0.3626879155635834,-0.06082040071487427
D2 seed1,val_time,Brefeldin A,10,37695,0.4906575083732605,0.26104678949961874,0.5771322456559226,0.36620795726776123,-0.12444955110549927
D2 seed1,val_time,CHX,3,11109,0.5128272175788879,0.5808304955672594,0.7131154919434692,0.5236238241195679,0.010796606540679932
D2 seed1,val_time,Cisplatin,8,28666,0.4756731390953064,0.35584822783975445,0.6209097885997349,0.3390755355358124,-0.13659760355949402
D2 seed1,val_time,Clomiphene citrate,3,11308,0.4852777123451233,0.4352615756636391,0.6449416342412452,0.40294772386550903,-0.08232998847961426
D2 seed1,val_time,Clotrimazole,2,7647,0.4372269809246063,0.47464468369997254,0.6347587289132993,0.34324440360069275,-0.09398257732391357
D2 seed1,val_time,Cyclopiazonic acid,5,15046,0.6046940088272095,0.6204350807864077,0.7361424963445434,0.7695493102073669,0.16485530138015747
D2 seed1,val_time,Desipramine hydrochloride,2,7573,0.4622163474559784,0.36272827934521384,0.6119107355077248,0.3437158167362213,-0.11850053071975708
D2 seed1,val_time,Dyclonine hydrochloride,3,11585,0.578660786151886,0.21651788118184553,0.6253776435045317,0.3937450647354126,-0.1849157214164734
D2 seed1,val_time,EDTA,12,43852,0.4920937418937683,0.4021146550106483,0.6434370154154885,0.37519070506095886,-0.11690303683280945
D2 seed1,val_time,Emodin,1,3549,0.5243692398071289,0.23467400261759216,0.5626937165398704,0.36475199460983276,-0.15961724519729614
D2 seed1,val_time,Geldanamycin,3,11398,0.48700150847435,0.2895157374461062,0.593349710475522,0.312298983335495,-0.17470252513885498
D2 seed1,val_time,Haloperidol,3,11241,0.627144992351532,0.36447848006932304,0.6007472644782492,0.46435752511024475,-0.16278746724128723
D2 seed1,val_time,Harmine hydrochloride,4,14734,0.5047920942306519,0.3739680261352475,0.6031627528166146,0.398957222700119,-0.10583487153053284
D2 seed1,val_time,Hoechst 33258,3,10997,0.6567882299423218,0.3244061652526353,0.5947076475402382,0.6153556108474731,-0.04143261909484863
D2 seed1,val_time,LY 294002 hydrochloride,1,3659,0.6893154978752136,0.2648971595998163,0.5711943153867177,0.5153082609176636,-0.17400723695755005
D2 seed1,val_time,NaCl,6,14321,0.4946327209472656,0.31237664424376593,0.6027512045248237,0.3714335560798645,-0.12319916486740112
D2 seed1,val_time,Nigericin,3,10307,0.5849614143371582,0.4264309075329731,0.6219074415445813,0.5394906401634216,-0.04547077417373657
D2 seed1,val_time,Nocodazole,3,11312,0.4939108192920685,0.335656683295638,0.6391442715700142,0.3789932429790497,-0.1149175763130188
D2 seed1,val_time,Nystatin dihydrate,1,3682,0.4233734905719757,0.2492855042061921,0.6629549158066268,0.339686781167984,-0.0836867094039917
D2 seed1,val_time,Oligomycin,1,3478,0.5554282069206238,0.5306962502341199,0.6575618171362853,0.4554849863052368,-0.09994322061538696
D2 seed1,val_time,Parthenolide,2,6160,0.7504863739013672,0.38907286306861805,0.6456168831168831,0.7012549042701721,-0.04923146963119507
D2 seed1,val_time,Rapamycin,7,21776,0.4475924074649811,0.35586662765053,0.6342762674504041,0.3012525141239166,-0.14633989334106445
D2 seed1,val_time,SDS,6,21587,0.5012556910514832,0.29238339746055314,0.5968870153333025,0.38926824927330017,-0.11198744177818298
D2 seed1,val_time,Sorbitol,10,28829,0.47946664690971375,0.47294224565361626,0.6496583301536647,0.4328787326812744,-0.04658791422843933
D2 seed1,val_time,Staurosporine,3,11688,0.3870292603969574,0.4449838470614106,0.6656399726214921,0.3191850781440735,-0.06784418225288391
D2 seed1,val_time,Trichostatin A,6,22699,0.5945205688476562,0.30523409205050367,0.5853121282875897,0.4837866723537445,-0.11073389649391174
D2 seed1,val_time,Trifluoperazine dihydrochloride,1,3903,0.41259893774986267,0.46853764004700543,0.67384063540866,0.3348134458065033,-0.07778549194335938
D2 seed1,val_time,Tunicamycin,2,7673,0.4591153860092163,0.3012644283006477,0.600938355271732,0.31085389852523804,-0.14826148748397827
D2 seed1,val_time,U-73122,3,11691,0.3945183753967285,0.39281179988857784,0.6380976819775896,0.30935046076774597,-0.08516791462898254
D2 seed1,val_time,Valinomycin,3,11328,0.3971458375453949,0.35358380442801607,0.5979872881355932,0.30423495173454285,-0.09291088581085205
D2 seed1,val_time,Wortmannin,4,15015,0.4847237765789032,0.5007974197998645,0.6708624708624709,0.4972233772277832,0.012499600648880005
D2 seed2,val_time,"(1R, 2S, 5R) - (-) - Menthol",5,18772,0.4153127670288086,0.4774746983710382,0.6391434050713829,0.4196431040763855,0.004330337047576904
D2 seed2,val_time,4-Hydroxytamoxifen,1,1348,0.9493606090545654,0.7387434020447159,0.7729970326409495,1.4220714569091797,0.47271084785461426
D2 seed2,val_time,Amiodarone hydrochloride,2,3957,0.6531867980957031,0.7548163103715316,0.7647207480414455,0.9986885190010071,0.34550172090530396
D2 seed2,val_time,Anisomycin,4,15592,0.5419542789459229,0.3203704337708054,0.5950487429451,0.32071560621261597,-0.22123867273330688
D2 seed2,val_time,Artemisinin,3,11216,0.4473997950553894,0.30862247923012276,0.5950427960057061,0.3626879155635834,-0.08471187949180603
D2 seed2,val_time,Brefeldin A,10,37695,0.48957112431526184,0.26896971863104896,0.5879294336118849,0.36620795726776123,-0.12336316704750061
D2 seed2,val_time,CHX,3,11109,0.5031440854072571,0.5661159275369281,0.7181564497254478,0.5236238241195679,0.02047973871231079
D2 seed2,val_time,Cisplatin,8,28666,0.4911484718322754,0.34403813002258266,0.6183283332170516,0.3390755355358124,-0.152072936296463
D2 seed2,val_time,Clomiphene citrate,3,11308,0.4801236093044281,0.4176566649799578,0.6390166253979483,0.40294772386550903,-0.07717588543891907
D2 seed2,val_time,Clotrimazole,2,7647,0.4264642000198364,0.4787393121807368,0.6308356218124754,0.34324440360069275,-0.08321979641914368
D2 seed2,val_time,Cyclopiazonic acid,5,15046,0.5963464975357056,0.6395645571305785,0.74365279808587,0.7695493102073669,0.17320281267166138
D2 seed2,val_time,Desipramine hydrochloride,2,7573,0.48773956298828125,0.3602340594795478,0.5758616136273603,0.3437158167362213,-0.14402374625205994
D2 seed2,val_time,Dyclonine hydrochloride,3,11585,0.5642155408859253,0.208558592974759,0.6584376348726801,0.3937450647354126,-0.1704704761505127
D2 seed2,val_time,EDTA,12,43852,0.504101037979126,0.400106322623959,0.6441439387029098,0.37519070506095886,-0.12891033291816711
D2 seed2,val_time,Emodin,1,3549,0.525233805179596,0.22890591359956405,0.5333896872358411,0.36475199460983276,-0.16048181056976318
D2 seed2,val_time,Geldanamycin,3,11398,0.470826655626297,0.2673313271744606,0.5569398140024566,0.312298983335495,-0.158527672290802
D2 seed2,val_time,Haloperidol,3,11241,0.563324511051178,0.4346806287658114,0.6426474512943688,0.46435752511024475,-0.09896698594093323
D2 seed2,val_time,Harmine hydrochloride,4,14734,0.47605255246162415,0.3982430475213045,0.6207411429347088,0.398957222700119,-0.07709532976150513
D2 seed2,val_time,Hoechst 33258,3,10997,0.6766424775123596,0.32409135405959827,0.6004364826770937,0.6153556108474731,-0.061286866664886475
D2 seed2,val_time,LY 294002 hydrochloride,1,3659,0.659760594367981,0.24849351021350619,0.5750204974036622,0.5153082609176636,-0.14445233345031738
D2 seed2,val_time,NaCl,6,14321,0.4955427944660187,0.3229041041045973,0.6079882689756302,0.3714335560798645,-0.12410923838615417
D2 seed2,val_time,Nigericin,3,10307,0.5416841506958008,0.465626063002246,0.6487823809061802,0.5394906401634216,-0.0021935105323791504
D2 seed2,val_time,Nocodazole,3,11312,0.4742824137210846,0.36425046674264344,0.646923620933522,0.3789932429790497,-0.09528917074203491
D2 seed2,val_time,Nystatin dihydrate,1,3682,0.44525396823883057,0.3091854102831162,0.5513307984790875,0.339686781167984,-0.10556718707084656
D2 seed2,val_time,Oligomycin,1,3478,0.4659287631511688,0.5379133691090405,0.6739505462909718,0.4554849863052368,-0.010443776845932007
D2 seed2,val_time,Parthenolide,2,6160,0.7399428486824036,0.3504186285013433,0.6376623376623377,0.7012549042701721,-0.038687944412231445
D2 seed2,val_time,Rapamycin,7,21776,0.45723456144332886,0.33876286403291633,0.6199026451138868,0.3012525141239166,-0.15598204731941223
D2 seed2,val_time,SDS,6,21587,0.49953219294548035,0.2886970243981848,0.5897067679621995,0.38926824927330017,-0.11026394367218018
D2 seed2,val_time,Sorbitol,10,28829,0.47468802332878113,0.49860199092295515,0.6500398903881508,0.4328787326812744,-0.041809290647506714
D2 seed2,val_time,Staurosporine,3,11688,0.38177093863487244,0.4313454001763782,0.652378507871321,0.3191850781440735,-0.06258586049079895
D2 seed2,val_time,Trichostatin A,6,22699,0.5827599763870239,0.3237079098905487,0.5975153090444513,0.4837866723537445,-0.09897330403327942
D2 seed2,val_time,Trifluoperazine dihydrochloride,1,3903,0.38491538166999817,0.5089956912430338,0.6374583653599795,0.3348134458065033,-0.05010193586349487
D2 seed2,val_time,Tunicamycin,2,7673,0.49356624484062195,0.28315698722751503,0.5780007819627264,0.31085389852523804,-0.1827123463153839
D2 seed2,val_time,U-73122,3,11691,0.40760695934295654,0.3580114830705371,0.6225301513985116,0.30935046076774597,-0.09825649857521057
D2 seed2,val_time,Valinomycin,3,11328,0.42329996824264526,0.3395358475955498,0.5995762711864406,0.30423495173454285,-0.11906501650810242
D2 seed2,val_time,Wortmannin,4,15015,0.47726970911026,0.5281971991687601,0.6634698634698635,0.4972233772277832,0.019953668117523193
S1 C seed1,val_time,"(1R, 2S, 5R) - (-) - Menthol",5,18772,0.44076743721961975,0.46626160688199175,0.6441508629874281,0.4196431040763855,-0.021124333143234253
S1 C seed1,val_time,4-Hydroxytamoxifen,1,1348,1.2100770473480225,0.4851449428518004,0.6876854599406528,1.4220714569091797,0.21199440956115723
S1 C seed1,val_time,Amiodarone hydrochloride,2,3957,0.9193882942199707,0.37915906713477904,0.623199393479909,0.9986885190010071,0.07930022478103638
S1 C seed1,val_time,Anisomycin,4,15592,0.5586611032485962,0.31380081395218,0.581900974858902,0.32071560621261597,-0.23794549703598022
S1 C seed1,val_time,Artemisinin,3,11216,0.43599775433540344,0.3713391589560465,0.63061697574893,0.3626879155635834,-0.07330983877182007
S1 C seed1,val_time,Brefeldin A,10,37695,0.5269450545310974,0.2398951170541078,0.5816421276031304,0.36620795726776123,-0.16073709726333618
S1 C seed1,val_time,CHX,3,11109,0.5351867079734802,0.5580685761153438,0.6981726528040327,0.5236238241195679,-0.011562883853912354
S1 C seed1,val_time,Cisplatin,8,28666,0.48982954025268555,0.3551698058135481,0.6173166817832972,0.3390755355358124,-0.15075400471687317
S1 C seed1,val_time,Clomiphene citrate,3,11308,0.5074662566184998,0.4116797667395816,0.6374248319773611,0.40294772386550903,-0.10451853275299072
S1 C seed1,val_time,Clotrimazole,2,7647,0.4736843705177307,0.4533242607035144,0.6280894468418988,0.34324440360069275,-0.13043996691703796
S1 C seed1,val_time,Cyclopiazonic acid,5,15046,0.6874171495437622,0.45874641232206864,0.6966635650671275,0.7695493102073669,0.08213216066360474
S1 C seed1,val_time,Desipramine hydrochloride,2,7573,0.5099747180938721,0.2857852939542908,0.5771820942823188,0.3437158167362213,-0.16625890135765076
S1 C seed1,val_time,Dyclonine hydrochloride,3,11585,0.6201798915863037,0.1992312844028779,0.582304704359085,0.3937450647354126,-0.2264348268508911
S1 C seed1,val_time,EDTA,12,43852,0.5253056883811951,0.3822039070785371,0.6253534616437106,0.37519070506095886,-0.1501149833202362
S1 C seed1,val_time,Emodin,1,3549,0.506514310836792,0.23323728225226842,0.6049591434206819,0.36475199460983276,-0.14176231622695923
S1 C seed1,val_time,Geldanamycin,3,11398,0.5144707560539246,0.29616209088905276,0.6182663625197403,0.312298983335495,-0.20217177271842957
S1 C seed1,val_time,Haloperidol,3,11241,0.6753836274147034,0.343109182291647,0.6027933457877414,0.46435752511024475,-0.21102610230445862
S1 C seed1,val_time,Harmine hydrochloride,4,14734,0.5228003859519958,0.3499825707659647,0.6017374779421746,0.398957222700119,-0.12384316325187683
S1 C seed1,val_time,Hoechst 33258,3,10997,0.7064050436019897,0.275262709248176,0.5770664726743657,0.6153556108474731,-0.0910494327545166
S1 C seed1,val_time,LY 294002 hydrochloride,1,3659,0.7115881443023682,0.2648833102807605,0.5695545230937414,0.5153082609176636,-0.1962798833847046
S1 C seed1,val_time,NaCl,6,14321,0.5126780867576599,0.32360623905851743,0.6021227567907269,0.3714335560798645,-0.1412445306777954
S1 C seed1,val_time,Nigericin,3,10307,0.6190186142921448,0.3985353289729517,0.6236538274958766,0.5394906401634216,-0.07952797412872314
S1 C seed1,val_time,Nocodazole,3,11312,0.5155243277549744,0.32355900251173636,0.6365806223479491,0.3789932429790497,-0.13653108477592468
S1 C seed1,val_time,Nystatin dihydrate,1,3682,0.4933897852897644,0.19589199159132684,0.5866376969038566,0.339686781167984,-0.1537030041217804
S1 C seed1,val_time,Oligomycin,1,3478,0.5038743019104004,0.46981784802504095,0.6684876365727429,0.4554849863052368,-0.048389315605163574
S1 C seed1,val_time,Parthenolide,2,6160,0.8070312142372131,0.21634618887903564,0.584577922077922,0.7012549042701721,-0.10577630996704102
S1 C seed1,val_time,Rapamycin,7,21776,0.4658026695251465,0.3611048426077929,0.6402002204261572,0.3012525141239166,-0.16455015540122986
S1 C seed1,val_time,SDS,6,21587,0.5321606397628784,0.26792678343952786,0.5939685922082735,0.38926824927330017,-0.14289239048957825
S1 C seed1,val_time,Sorbitol,10,28829,0.5074305534362793,0.4494303200108104,0.6297131360782545,0.4328787326812744,-0.07455182075500488
S1 C seed1,val_time,Staurosporine,3,11688,0.3877679109573364,0.42859658344428525,0.6598220396988365,0.3191850781440735,-0.06858283281326294
S1 C seed1,val_time,Trichostatin A,6,22699,0.5971337556838989,0.3253642353618612,0.6042997488876162,0.4837866723537445,-0.11334708333015442
S1 C seed1,val_time,Trifluoperazine dihydrochloride,1,3903,0.4069969058036804,0.49462061044883676,0.6336151678196259,0.3348134458065033,-0.07218345999717712
S1 C seed1,val_time,Tunicamycin,2,7673,0.4764260947704315,0.2904531454956532,0.61592597419523,0.31085389852523804,-0.16557219624519348
S1 C seed1,val_time,U-73122,3,11691,0.3983057737350464,0.37342263865075753,0.6282610555127877,0.30935046076774597,-0.08895531296730042
S1 C seed1,val_time,Valinomycin,3,11328,0.4110727310180664,0.37952749971135086,0.6230579096045198,0.30423495173454285,-0.10683777928352356
S1 C seed1,val_time,Wortmannin,4,15015,0.5133245587348938,0.4521130193477435,0.6528804528804529,0.4972233772277832,-0.016101181507110596
S1 C seed2,val_time,"(1R, 2S, 5R) - (-) - Menthol",5,18772,0.3874492049217224,0.5108420680179554,0.6643937779671851,0.4196431040763855,0.032193899154663086
S1 C seed2,val_time,4-Hydroxytamoxifen,1,1348,0.9371793270111084,0.754286194449315,0.7781899109792285,1.4220714569091797,0.4848921298980713
S1 C seed2,val_time,Amiodarone hydrochloride,2,3957,0.6239053606987,0.7857839054434368,0.7735658327015416,0.9986885190010071,0.37478315830230713
S1 C seed2,val_time,Anisomycin,4,15592,0.5509941577911377,0.3253195309446898,0.603578758337609,0.32071560621261597,-0.23027855157852173
S1 C seed2,val_time,Artemisinin,3,11216,0.41432616114616394,0.3627301300493838,0.6244650499286734,0.3626879155635834,-0.051638245582580566
S1 C seed2,val_time,Brefeldin A,10,37695,0.43755432963371277,0.32691372320411083,0.6073219259848787,0.36620795726776123,-0.07134637236595154
S1 C seed2,val_time,CHX,3,11109,0.48514530062675476,0.5688642845134062,0.7093347736069854,0.5236238241195679,0.03847852349281311
S1 C seed2,val_time,Cisplatin,8,28666,0.4487737715244293,0.3628569359295207,0.6223051698876718,0.3390755355358124,-0.10969823598861694
S1 C seed2,val_time,Clomiphene citrate,3,11308,0.43535831570625305,0.46555880639272307,0.6487442518570923,0.40294772386550903,-0.03241059184074402
S1 C seed2,val_time,Clotrimazole,2,7647,0.4826374351978302,0.42740036854614866,0.6169739767228979,0.34324440360069275,-0.13939303159713745
S1 C seed2,val_time,Cyclopiazonic acid,5,15046,0.5967992544174194,0.6473236275892618,0.749302140103682,0.7695493102073669,0.1727500557899475
S1 C seed2,val_time,Desipramine hydrochloride,2,7573,0.4304496645927429,0.372902578476676,0.6233989172058629,0.3437158167362213,-0.0867338478565216
S1 C seed2,val_time,Dyclonine hydrochloride,3,11585,0.5003783702850342,0.2618979870927703,0.6289167026327147,0.3937450647354126,-0.10663330554962158
S1 C seed2,val_time,EDTA,12,43852,0.48093611001968384,0.40954851736881265,0.6413618535072516,0.37519070506095886,-0.10574540495872498
S1 C seed2,val_time,Emodin,1,3549,0.5202435851097107,0.2200812739983026,0.6018596787827557,0.36475199460983276,-0.15549159049987793
S1 C seed2,val_time,Geldanamycin,3,11398,0.39566320180892944,0.39942801752239315,0.6331812598701526,0.312298983335495,-0.08336421847343445
S1 C seed2,val_time,Haloperidol,3,11241,0.4529210329055786,0.4943614820073199,0.6579485810870919,0.46435752511024475,0.011436492204666138
S1 C seed2,val_time,Harmine hydrochloride,4,14734,0.44950902462005615,0.43450493334773554,0.6186371657391069,0.398957222700119,-0.050551801919937134
S1 C seed2,val_time,Hoechst 33258,3,10997,0.6357260346412659,0.3608207104341756,0.5997090115486041,0.6153556108474731,-0.020370423793792725
S1 C seed2,val_time,LY 294002 hydrochloride,1,3659,0.6205693483352661,0.27247610166395847,0.5892320306094562,0.5153082609176636,-0.10526108741760254
S1 C seed2,val_time,NaCl,6,14321,0.45700299739837646,0.36650016846374495,0.6236994623280497,0.3714335560798645,-0.08556944131851196
S1 C seed2,val_time,Nigericin,3,10307,0.49132031202316284,0.5074105128221819,0.646550887746192,0.5394906401634216,0.04817032814025879
S1 C seed2,val_time,Nocodazole,3,11312,0.4515112638473511,0.35913627900529815,0.6403818953323904,0.3789932429790497,-0.07251802086830139
S1 C seed2,val_time,Nystatin dihydrate,1,3682,0.37840211391448975,0.34780298608502924,0.6534492123845737,0.339686781167984,-0.03871533274650574
S1 C seed2,val_time,Oligomycin,1,3478,0.4438864588737488,0.5522548193956682,0.6719378953421506,0.4554849863052368,0.011598527431488037
S1 C seed2,val_time,Parthenolide,2,6160,0.6817066669464111,0.44466974286117106,0.675487012987013,0.7012549042701721,0.019548237323760986
S1 C seed2,val_time,Rapamycin,7,21776,0.4255240261554718,0.37368896771743726,0.645527185892726,0.3012525141239166,-0.12427151203155518
S1 C seed2,val_time,SDS,6,21587,0.4854588806629181,0.2921720560303521,0.5967943669801269,0.38926824927330017,-0.09619063138961792
S1 C seed2,val_time,Sorbitol,10,28829,0.4599703550338745,0.5179374301499943,0.6581914044885359,0.4328787326812744,-0.027091622352600098
S1 C seed2,val_time,Staurosporine,3,11688,0.3459075689315796,0.47634561830687006,0.6595653661875428,0.3191850781440735,-0.026722490787506104
S1 C seed2,val_time,Trichostatin A,6,22699,0.5668556094169617,0.32550687610790296,0.602273227895502,0.4837866723537445,-0.08306893706321716
S1 C seed2,val_time,Trifluoperazine dihydrochloride,1,3903,0.36771246790885925,0.5306870931716489,0.6505252369971817,0.3348134458065033,-0.03289902210235596
S1 C seed2,val_time,Tunicamycin,2,7673,0.46067264676094055,0.33339979007015624,0.6286980320604718,0.31085389852523804,-0.14981874823570251
S1 C seed2,val_time,U-73122,3,11691,0.39043107628822327,0.366786060514303,0.6204772902232486,0.30935046076774597,-0.0810806155204773
S1 C seed2,val_time,Valinomycin,3,11328,0.37110576033592224,0.4392543582895144,0.6385063559322034,0.30423495173454285,-0.0668708086013794
S1 C seed2,val_time,Wortmannin,4,15015,0.45462676882743835,0.5396672650598866,0.6737262737262737,0.4972233772277832,0.04259660840034485
S2C seed1,val_time,"(1R, 2S, 5R) - (-) - Menthol",5,18772,0.429005891084671,0.4640485210069546,0.6348817387598551,0.4196431040763855,-0.009362787008285522
S2C seed1,val_time,4-Hydroxytamoxifen,1,1348,0.9503822922706604,0.7423041774339108,0.7692878338278932,1.4220714569091797,0.4716891646385193
S2C seed1,val_time,Amiodarone hydrochloride,2,3957,0.6815889477729797,0.7282946091106235,0.7667424816780389,0.9986885190010071,0.31709957122802734
S2C seed1,val_time,Anisomycin,4,15592,0.5367018580436707,0.3046344892324796,0.5860697793740379,0.32071560621261597,-0.2159862518310547
S2C seed1,val_time,Artemisinin,3,11216,0.42350831627845764,0.373659377395206,0.6167974322396577,0.3626879155635834,-0.06082040071487427
S2C seed1,val_time,Brefeldin A,10,37695,0.4906575083732605,0.26104678949961874,0.5771322456559226,0.36620795726776123,-0.12444955110549927
S2C seed1,val_time,CHX,3,11109,0.5128272175788879,0.5808304955672594,0.7131154919434692,0.5236238241195679,0.010796606540679932
S2C seed1,val_time,Cisplatin,8,28666,0.4756731390953064,0.35584822783975445,0.6209097885997349,0.3390755355358124,-0.13659760355949402
S2C seed1,val_time,Clomiphene citrate,3,11308,0.4852777123451233,0.4352615756636391,0.6449416342412452,0.40294772386550903,-0.08232998847961426
S2C seed1,val_time,Clotrimazole,2,7647,0.4372269809246063,0.47464468369997254,0.6347587289132993,0.34324440360069275,-0.09398257732391357
S2C seed1,val_time,Cyclopiazonic acid,5,15046,0.6046940088272095,0.6204350807864077,0.7361424963445434,0.7695493102073669,0.16485530138015747
S2C seed1,val_time,Desipramine hydrochloride,2,7573,0.4622163474559784,0.36272827934521384,0.6119107355077248,0.3437158167362213,-0.11850053071975708
S2C seed1,val_time,Dyclonine hydrochloride,3,11585,0.578660786151886,0.21651788118184553,0.6253776435045317,0.3937450647354126,-0.1849157214164734
S2C seed1,val_time,EDTA,12,43852,0.4920937418937683,0.4021146550106483,0.6434370154154885,0.37519070506095886,-0.11690303683280945
S2C seed1,val_time,Emodin,1,3549,0.5243692398071289,0.23467400261759216,0.5626937165398704,0.36475199460983276,-0.15961724519729614
S2C seed1,val_time,Geldanamycin,3,11398,0.48700150847435,0.2895157374461062,0.593349710475522,0.312298983335495,-0.17470252513885498
S2C seed1,val_time,Haloperidol,3,11241,0.627144992351532,0.36447848006932304,0.6007472644782492,0.46435752511024475,-0.16278746724128723
S2C seed1,val_time,Harmine hydrochloride,4,14734,0.5047920942306519,0.3739680261352475,0.6031627528166146,0.398957222700119,-0.10583487153053284
S2C seed1,val_time,Hoechst 33258,3,10997,0.6567882299423218,0.3244061652526353,0.5947076475402382,0.6153556108474731,-0.04143261909484863
S2C seed1,val_time,LY 294002 hydrochloride,1,3659,0.6893154978752136,0.2648971595998163,0.5711943153867177,0.5153082609176636,-0.17400723695755005
S2C seed1,val_time,NaCl,6,14321,0.4946327209472656,0.31237664424376593,0.6027512045248237,0.3714335560798645,-0.12319916486740112
S2C seed1,val_time,Nigericin,3,10307,0.5849614143371582,0.4264309075329731,0.6219074415445813,0.5394906401634216,-0.04547077417373657
S2C seed1,val_time,Nocodazole,3,11312,0.4939108192920685,0.335656683295638,0.6391442715700142,0.3789932429790497,-0.1149175763130188
S2C seed1,val_time,Nystatin dihydrate,1,3682,0.4233734905719757,0.2492855042061921,0.6629549158066268,0.339686781167984,-0.0836867094039917
S2C seed1,val_time,Oligomycin,1,3478,0.5554282069206238,0.5306962502341199,0.6575618171362853,0.4554849863052368,-0.09994322061538696
S2C seed1,val_time,Parthenolide,2,6160,0.7504863739013672,0.38907286306861805,0.6456168831168831,0.7012549042701721,-0.04923146963119507
S2C seed1,val_time,Rapamycin,7,21776,0.4475924074649811,0.35586662765053,0.6342762674504041,0.3012525141239166,-0.14633989334106445
S2C seed1,val_time,SDS,6,21587,0.5012556910514832,0.29238339746055314,0.5968870153333025,0.38926824927330017,-0.11198744177818298
S2C seed1,val_time,Sorbitol,10,28829,0.47946664690971375,0.47294224565361626,0.6496583301536647,0.4328787326812744,-0.04658791422843933
S2C seed1,val_time,Staurosporine,3,11688,0.3870292603969574,0.4449838470614106,0.6656399726214921,0.3191850781440735,-0.06784418225288391
S2C seed1,val_time,Trichostatin A,6,22699,0.5945205688476562,0.30523409205050367,0.5853121282875897,0.4837866723537445,-0.11073389649391174
S2C seed1,val_time,Trifluoperazine dihydrochloride,1,3903,0.41259893774986267,0.46853764004700543,0.67384063540866,0.3348134458065033,-0.07778549194335938
S2C seed1,val_time,Tunicamycin,2,7673,0.4591153860092163,0.3012644283006477,0.600938355271732,0.31085389852523804,-0.14826148748397827
S2C seed1,val_time,U-73122,3,11691,0.3945183753967285,0.39281179988857784,0.6380976819775896,0.30935046076774597,-0.08516791462898254
S2C seed1,val_time,Valinomycin,3,11328,0.3971458375453949,0.35358380442801607,0.5979872881355932,0.30423495173454285,-0.09291088581085205
S2C seed1,val_time,Wortmannin,4,15015,0.4847237765789032,0.5007974197998645,0.6708624708624709,0.4972233772277832,0.012499600648880005
S2C seed2,val_time,"(1R, 2S, 5R) - (-) - Menthol",5,18772,0.4153127670288086,0.4774746983710382,0.6391434050713829,0.4196431040763855,0.004330337047576904
S2C seed2,val_time,4-Hydroxytamoxifen,1,1348,0.9493606090545654,0.7387434020447159,0.7729970326409495,1.4220714569091797,0.47271084785461426
S2C seed2,val_time,Amiodarone hydrochloride,2,3957,0.6531867980957031,0.7548163103715316,0.7647207480414455,0.9986885190010071,0.34550172090530396
S2C seed2,val_time,Anisomycin,4,15592,0.5419542789459229,0.3203704337708054,0.5950487429451,0.32071560621261597,-0.22123867273330688
S2C seed2,val_time,Artemisinin,3,11216,0.4473997950553894,0.30862247923012276,0.5950427960057061,0.3626879155635834,-0.08471187949180603
S2C seed2,val_time,Brefeldin A,10,37695,0.48957112431526184,0.26896971863104896,0.5879294336118849,0.36620795726776123,-0.12336316704750061
S2C seed2,val_time,CHX,3,11109,0.5031440854072571,0.5661159275369281,0.7181564497254478,0.5236238241195679,0.02047973871231079
S2C seed2,val_time,Cisplatin,8,28666,0.4911484718322754,0.34403813002258266,0.6183283332170516,0.3390755355358124,-0.152072936296463
S2C seed2,val_time,Clomiphene citrate,3,11308,0.4801236093044281,0.4176566649799578,0.6390166253979483,0.40294772386550903,-0.07717588543891907
S2C seed2,val_time,Clotrimazole,2,7647,0.4264642000198364,0.4787393121807368,0.6308356218124754,0.34324440360069275,-0.08321979641914368
S2C seed2,val_time,Cyclopiazonic acid,5,15046,0.5963464975357056,0.6395645571305785,0.74365279808587,0.7695493102073669,0.17320281267166138
S2C seed2,val_time,Desipramine hydrochloride,2,7573,0.48773956298828125,0.3602340594795478,0.5758616136273603,0.3437158167362213,-0.14402374625205994
S2C seed2,val_time,Dyclonine hydrochloride,3,11585,0.5642155408859253,0.208558592974759,0.6584376348726801,0.3937450647354126,-0.1704704761505127
S2C seed2,val_time,EDTA,12,43852,0.504101037979126,0.400106322623959,0.6441439387029098,0.37519070506095886,-0.12891033291816711
S2C seed2,val_time,Emodin,1,3549,0.525233805179596,0.22890591359956405,0.5333896872358411,0.36475199460983276,-0.16048181056976318
S2C seed2,val_time,Geldanamycin,3,11398,0.470826655626297,0.2673313271744606,0.5569398140024566,0.312298983335495,-0.158527672290802
S2C seed2,val_time,Haloperidol,3,11241,0.563324511051178,0.4346806287658114,0.6426474512943688,0.46435752511024475,-0.09896698594093323
S2C seed2,val_time,Harmine hydrochloride,4,14734,0.47605255246162415,0.3982430475213045,0.6207411429347088,0.398957222700119,-0.07709532976150513
S2C seed2,val_time,Hoechst 33258,3,10997,0.6766424775123596,0.32409135405959827,0.6004364826770937,0.6153556108474731,-0.061286866664886475
S2C seed2,val_time,LY 294002 hydrochloride,1,3659,0.659760594367981,0.24849351021350619,0.5750204974036622,0.5153082609176636,-0.14445233345031738
S2C seed2,val_time,NaCl,6,14321,0.4955427944660187,0.3229041041045973,0.6079882689756302,0.3714335560798645,-0.12410923838615417
S2C seed2,val_time,Nigericin,3,10307,0.5416841506958008,0.465626063002246,0.6487823809061802,0.5394906401634216,-0.0021935105323791504
S2C seed2,val_time,Nocodazole,3,11312,0.4742824137210846,0.36425046674264344,0.646923620933522,0.3789932429790497,-0.09528917074203491
S2C seed2,val_time,Nystatin dihydrate,1,3682,0.44525396823883057,0.3091854102831162,0.5513307984790875,0.339686781167984,-0.10556718707084656
S2C seed2,val_time,Oligomycin,1,3478,0.4659287631511688,0.5379133691090405,0.6739505462909718,0.4554849863052368,-0.010443776845932007
S2C seed2,val_time,Parthenolide,2,6160,0.7399428486824036,0.3504186285013433,0.6376623376623377,0.7012549042701721,-0.038687944412231445
S2C seed2,val_time,Rapamycin,7,21776,0.45723456144332886,0.33876286403291633,0.6199026451138868,0.3012525141239166,-0.15598204731941223
S2C seed2,val_time,SDS,6,21587,0.49953219294548035,0.2886970243981848,0.5897067679621995,0.38926824927330017,-0.11026394367218018
S2C seed2,val_time,Sorbitol,10,28829,0.47468802332878113,0.49860199092295515,0.6500398903881508,0.4328787326812744,-0.041809290647506714
S2C seed2,val_time,Staurosporine,3,11688,0.38177093863487244,0.4313454001763782,0.652378507871321,0.3191850781440735,-0.06258586049079895
S2C seed2,val_time,Trichostatin A,6,22699,0.5827599763870239,0.3237079098905487,0.5975153090444513,0.4837866723537445,-0.09897330403327942
S2C seed2,val_time,Trifluoperazine dihydrochloride,1,3903,0.38491538166999817,0.5089956912430338,0.6374583653599795,0.3348134458065033,-0.05010193586349487
S2C seed2,val_time,Tunicamycin,2,7673,0.49356624484062195,0.28315698722751503,0.5780007819627264,0.31085389852523804,-0.1827123463153839
S2C seed2,val_time,U-73122,3,11691,0.40760695934295654,0.3580114830705371,0.6225301513985116,0.30935046076774597,-0.09825649857521057
S2C seed2,val_time,Valinomycin,3,11328,0.42329996824264526,0.3395358475955498,0.5995762711864406,0.30423495173454285,-0.11906501650810242
S2C seed2,val_time,Wortmannin,4,15015,0.47726970911026,0.5281971991687601,0.6634698634698635,0.4972233772277832,0.019953668117523193
S2C two-seed mean,val_time,"(1R, 2S, 5R) - (-) - Menthol",5,18772,0.4162009060382843,0.4780594209933233,0.6425527381206052,0.4196431040763855,0.0034421980381011963
S2C two-seed mean,val_time,4-Hydroxytamoxifen,1,1348,0.94748455286026,0.7440054322001488,0.7759643916913946,1.4220714569091797,0.4745869040489197
S2C two-seed mean,val_time,Amiodarone hydrochloride,2,3957,0.656491756439209,0.752818349576071,0.7692696487237807,0.9986885190010071,0.3421967625617981
S2C two-seed mean,val_time,Anisomycin,4,15592,0.5273322463035583,0.3195618583197005,0.5906875320677271,0.32071560621261597,-0.20661664009094238
S2C two-seed mean,val_time,Artemisinin,3,11216,0.4242243468761444,0.35196640063064283,0.6127853067047075,0.3626879155635834,-0.061536431312561035
S2C two-seed mean,val_time,Brefeldin A,10,37695,0.4823489189147949,0.2704001963080675,0.5828624486006102,0.36620795726776123,-0.11614096164703369
S2C two-seed mean,val_time,CHX,3,11109,0.4989824891090393,0.5812492719895883,0.7180664326221983,0.5236238241195679,0.024641335010528564
S2C two-seed mean,val_time,Cisplatin,8,28666,0.4727024435997009,0.35782432113998225,0.623561013046815,0.3390755355358124,-0.13362690806388855
S2C two-seed mean,val_time,Clomiphene citrate,3,11308,0.4732896387577057,0.4347519986308595,0.6460912628227803,0.40294772386550903,-0.07034191489219666
S2C two-seed mean,val_time,Clotrimazole,2,7647,0.4270775020122528,0.48112895398020483,0.6346279586766052,0.34324440360069275,-0.08383309841156006
S2C two-seed mean,val_time,Cyclopiazonic acid,5,15046,0.5926269888877869,0.6387299566261079,0.7442509637112854,0.7695493102073669,0.17692232131958008
S2C two-seed mean,val_time,Desipramine hydrochloride,2,7573,0.46874889731407166,0.36616585052853606,0.5960649676482239,0.3437158167362213,-0.12503308057785034
S2C two-seed mean,val_time,Dyclonine hydrochloride,3,11585,0.5640150308609009,0.21539057039064832,0.6470435908502373,0.3937450647354126,-0.17026996612548828
S2C two-seed mean,val_time,EDTA,12,43852,0.49145427346229553,0.4062224607818618,0.6464471403812825,0.37519070506095886,-0.11626356840133667
S2C two-seed mean,val_time,Emodin,1,3549,0.5185611248016357,0.2349221534847381,0.5525500140884756,0.36475199460983276,-0.15380913019180298
S2C two-seed mean,val_time,Geldanamycin,3,11398,0.46477603912353516,0.28773267999778646,0.5783470784348131,0.312298983335495,-0.15247705578804016
S2C two-seed mean,val_time,Haloperidol,3,11241,0.5830714106559753,0.4067506579617653,0.6261898407614981,0.46435752511024475,-0.11871388554573059
S2C two-seed mean,val_time,Harmine hydrochloride,4,14734,0.4833989441394806,0.39141120287900766,0.615922356454459,0.398957222700119,-0.08444172143936157
S2C two-seed mean,val_time,Hoechst 33258,3,10997,0.6590726375579834,0.3293062410178346,0.6018914249340729,0.6153556108474731,-0.043717026710510254
S2C two-seed mean,val_time,LY 294002 hydrochloride,1,3659,0.659965455532074,0.2621516656415896,0.5796665755670949,0.5153082609176636,-0.1446571946144104
S2C two-seed mean,val_time,NaCl,6,14321,0.4873449206352234,0.32335791212345916,0.6074994762935549,0.3714335560798645,-0.11591136455535889
S2C two-seed mean,val_time,Nigericin,3,10307,0.5538020730018616,0.45303859571495025,0.6424759871931697,0.5394906401634216,-0.014311432838439941
S2C two-seed mean,val_time,Nocodazole,3,11312,0.4775012135505676,0.35497824261469296,0.6432991513437057,0.3789932429790497,-0.09850797057151794
S2C two-seed mean,val_time,Nystatin dihydrate,1,3682,0.41719937324523926,0.29014759102638066,0.617055947854427,0.339686781167984,-0.07751259207725525
S2C two-seed mean,val_time,Oligomycin,1,3478,0.49454766511917114,0.5452910586048334,0.6733755031627372,0.4554849863052368,-0.039062678813934326
S2C two-seed mean,val_time,Parthenolide,2,6160,0.7352752685546875,0.3777818635164247,0.6475649350649351,0.7012549042701721,-0.03402036428451538
S2C two-seed mean,val_time,Rapamycin,7,21776,0.446898490190506,0.35125005609889215,0.6302351212343865,0.3012525141239166,-0.14564597606658936
S2C two-seed mean,val_time,SDS,6,21587,0.491145521402359,0.297402719196709,0.5960531801547228,0.38926824927330017,-0.10187727212905884
S2C two-seed mean,val_time,Sorbitol,10,28829,0.47244593501091003,0.4902639964479899,0.6509070727392556,0.4328787326812744,-0.03956720232963562
S2C two-seed mean,val_time,Staurosporine,3,11688,0.3740750551223755,0.44870487741451726,0.6637577002053389,0.3191850781440735,-0.054889976978302
S2C two-seed mean,val_time,Trichostatin A,6,22699,0.5830347537994385,0.31846849254688664,0.5934622670602229,0.4837866723537445,-0.09924808144569397
S2C two-seed mean,val_time,Trifluoperazine dihydrochloride,1,3903,0.3837156593799591,0.49845330833258394,0.6664104534973098,0.3348134458065033,-0.04890221357345581
S2C two-seed mean,val_time,Tunicamycin,2,7673,0.46851077675819397,0.29728851763216224,0.5873843346800469,0.31085389852523804,-0.15765687823295593
S2C two-seed mean,val_time,U-73122,3,11691,0.3947363793849945,0.38179625986486015,0.6353605337439056,0.30935046076774597,-0.08538591861724854
S2C two-seed mean,val_time,Valinomycin,3,11328,0.399834007024765,0.3554095067548086,0.6030190677966102,0.30423495173454285,-0.09559905529022217
S2C two-seed mean,val_time,Wortmannin,4,15015,0.4740979075431824,0.5218775251464071,0.6727938727938728,0.4972233772277832,0.02312546968460083
